<?xml version="1.0" encoding="UTF-8" standalone="no"?>
<graphml xmlns="http://graphml.graphdrawing.org/xmlns" xmlns:xsi="http://www.w3.org/2001/XMLSchema-instance" xmlns:y="http://www.yworks.com/xml/graphml" xmlns:yed="http://www.yworks.com/xml/yed/3" xsi:schemaLocation="http://graphml.graphdrawing.org/xmlns http://www.yworks.com/xml/schema/graphml/1.1/ygraphml.xsd">
  <!--Created by yFiles for Java 2.8-->
  <key for="graphml" id="d0" yfiles.type="resources"/>
  <key for="port" id="d1" yfiles.type="portgraphics"/>
  <key for="port" id="d2" yfiles.type="portgeometry"/>
  <key for="port" id="d3" yfiles.type="portuserdata"/>
  <key attr.name="Internal" attr.type="boolean" for="node" id="d4"/>
  <key attr.name="geocode_name" attr.type="string" for="node" id="d5"/>
  <key attr.name="url" attr.type="string" for="node" id="d6"/>
  <key attr.name="description" attr.type="string" for="node" id="d7"/>
  <key for="node" id="d8" yfiles.type="nodegraphics"/>
  <key attr.name="Access" attr.type="boolean" for="graph" id="d9"/>
  <key attr.name="Backbone" attr.type="boolean" for="graph" id="d10"/>
  <key attr.name="Commercial" attr.type="boolean" for="graph" id="d11"/>
  <key attr.name="Creator" attr.type="string" for="graph" id="d12"/>
  <key attr.name="Customer" attr.type="boolean" for="graph" id="d13"/>
  <key attr.name="DateModifier" attr.type="string" for="graph" id="d14"/>
  <key attr.name="DateMonth" attr.type="int" for="graph" id="d15"/>
  <key attr.name="DateObtained" attr.type="string" for="graph" id="d16"/>
  <key attr.name="DateType" attr.type="string" for="graph" id="d17"/>
  <key attr.name="DateYear" attr.type="string" for="graph" id="d18"/>
  <key attr.name="Developed" attr.type="boolean" for="graph" id="d19"/>
  <key attr.name="GeoExtent" attr.type="string" for="graph" id="d20"/>
  <key attr.name="GeoLocation" attr.type="string" for="graph" id="d21"/>
  <key attr.name="IX" attr.type="boolean" for="graph" id="d22"/>
  <key attr.name="LastAccess" attr.type="string" for="graph" id="d23"/>
  <key attr.name="LastProcessed" attr.type="string" for="graph" id="d24"/>
  <key attr.name="Layer" attr.type="string" for="graph" id="d25"/>
  <key attr.name="Network" attr.type="string" for="graph" id="d26"/>
  <key attr.name="NetworkDate" attr.type="string" for="graph" id="d27"/>
  <key attr.name="Provenance" attr.type="string" for="graph" id="d28"/>
  <key attr.name="Source" attr.type="string" for="graph" id="d29"/>
  <key attr.name="Testbed" attr.type="boolean" for="graph" id="d30"/>
  <key attr.name="Transit" attr.type="boolean" for="graph" id="d31"/>
  <key attr.name="Type" attr.type="string" for="graph" id="d32"/>
  <key attr.name="Version" attr.type="string" for="graph" id="d33"/>
  <key attr.name="label" attr.type="string" for="edge" id="d34"/>
  <key attr.name="url" attr.type="string" for="edge" id="d35"/>
  <key attr.name="description" attr.type="string" for="edge" id="d36"/>
  <key for="edge" id="d37" yfiles.type="edgegraphics"/>
  <graph edgedefault="directed" id="G">
    <data key="d9">false</data>
    <data key="d10">true</data>
    <data key="d11">false</data>
    <data key="d12"><![CDATA[Topology Zoo Toolset]]></data>
    <data key="d13">false</data>
    <data key="d14"><![CDATA[=]]></data>
    <data key="d15">0</data>
    <data key="d16"><![CDATA[12/03/11]]></data>
    <data key="d17"><![CDATA[Historic]]></data>
    <data key="d18"><![CDATA[2005]]></data>
    <data key="d19">false</data>
    <data key="d20"><![CDATA[Country]]></data>
    <data key="d21"><![CDATA[Belgium]]></data>
    <data key="d22">false</data>
    <data key="d23"><![CDATA[12/03/11]]></data>
    <data key="d24"><![CDATA[2011_09_01]]></data>
    <data key="d25"><![CDATA[IP]]></data>
    <data key="d26"><![CDATA[BELNET]]></data>
    <data key="d27"><![CDATA[2005]]></data>
    <data key="d28"><![CDATA[Primary]]></data>
    <data key="d29"><![CDATA[http://www.belnet.be/sites/www.belnet.be/files/publications/BELNET_annual_report_2005_EN.pdf]]></data>
    <data key="d30">false</data>
    <data key="d31">false</data>
    <data key="d32"><![CDATA[REN]]></data>
    <data key="d33"><![CDATA[1.0]]></data>
    <node id="n0">
      <data key="d4">true</data>
      <data key="d5"/>
      <data key="d7"/>
      <data key="d8">
        <y:ShapeNode>
          <y:Geometry height="15.0" width="15.0" x="113.127998352" y="408.95199585"/>
          <y:Fill color="#FFCC00" transparent="false"/>
          <y:BorderStyle color="#000000" type="line" width="1.0"/>
          <y:NodeLabel alignment="center" autoSizePolicy="content" fontFamily="Dialog" fontSize="8" fontStyle="plain" hasBackgroundColor="false" hasLineColor="false" height="13.421875" modelName="internal" modelPosition="c" textColor="#000000" visible="true" width="31.2734375" x="-8.13671875" y="0.7890625">Brugge</y:NodeLabel>
          <y:Shape type="ellipse"/>
        </y:ShapeNode>
      </data>
    </node>
    <node id="n1">
      <data key="d4">true</data>
      <data key="d5"/>
      <data key="d7"/>
      <data key="d8">
        <y:ShapeNode>
          <y:Geometry height="15.0" width="15.0" x="226.791503906" y="407.104003906"/>
          <y:Fill color="#FFCC00" transparent="false"/>
          <y:BorderStyle color="#000000" type="line" width="1.0"/>
          <y:NodeLabel alignment="center" autoSizePolicy="content" fontFamily="Dialog" fontSize="8" fontStyle="plain" hasBackgroundColor="false" hasLineColor="false" height="13.421875" modelName="internal" modelPosition="c" textColor="#000000" visible="true" width="22.1953125" x="-3.59765625" y="0.7890625">Gent</y:NodeLabel>
          <y:Shape type="ellipse"/>
        </y:ShapeNode>
      </data>
    </node>
    <node id="n2">
      <data key="d4">true</data>
      <data key="d5"/>
      <data key="d7"/>
      <data key="d8">
        <y:ShapeNode>
          <y:Geometry height="15.0" width="15.0" x="299.524108887" y="407.054656982"/>
          <y:Fill color="#FFCC00" transparent="false"/>
          <y:BorderStyle color="#000000" type="line" width="1.0"/>
          <y:NodeLabel alignment="center" autoSizePolicy="content" fontFamily="Dialog" fontSize="8" fontStyle="plain" hasBackgroundColor="false" hasLineColor="false" height="13.421875" modelName="internal" modelPosition="c" textColor="#000000" visible="true" width="34.7890625" x="-9.89453125" y="0.7890625">Korthijk</y:NodeLabel>
          <y:Shape type="ellipse"/>
        </y:ShapeNode>
      </data>
    </node>
    <node id="n3">
      <data key="d4">true</data>
      <data key="d5"/>
      <data key="d7"/>
      <data key="d8">
        <y:ShapeNode>
          <y:Geometry height="15.0" width="15.0" x="449.239990234" y="409.438659668"/>
          <y:Fill color="#FFCC00" transparent="false"/>
          <y:BorderStyle color="#000000" type="line" width="1.0"/>
          <y:NodeLabel alignment="center" autoSizePolicy="content" fontFamily="Dialog" fontSize="8" fontStyle="plain" hasBackgroundColor="false" hasLineColor="false" height="13.421875" modelName="internal" modelPosition="c" textColor="#000000" visible="true" width="24.84765625" x="-4.923828125" y="0.7890625">Mons</y:NodeLabel>
          <y:Shape type="ellipse"/>
        </y:ShapeNode>
      </data>
    </node>
    <node id="n4">
      <data key="d4">true</data>
      <data key="d5"/>
      <data key="d7"/>
      <data key="d8">
        <y:ShapeNode>
          <y:Geometry height="15.0" width="15.0" x="161.587738037" y="407.47064209"/>
          <y:Fill color="#FFCC00" transparent="false"/>
          <y:BorderStyle color="#000000" type="line" width="1.0"/>
          <y:NodeLabel alignment="center" autoSizePolicy="content" fontFamily="Dialog" fontSize="8" fontStyle="plain" hasBackgroundColor="false" hasLineColor="false" height="13.421875" modelName="internal" modelPosition="c" textColor="#000000" visible="true" width="39.4609375" x="-12.23046875" y="0.7890625">Charleroi</y:NodeLabel>
          <y:Shape type="ellipse"/>
        </y:ShapeNode>
      </data>
    </node>
    <node id="n5">
      <data key="d4">true</data>
      <data key="d5"/>
      <data key="d7"/>
      <data key="d8">
        <y:ShapeNode>
          <y:Geometry height="15.0" width="15.0" x="410.821960449" y="410.438659668"/>
          <y:Fill color="#FFCC00" transparent="false"/>
          <y:BorderStyle color="#000000" type="line" width="1.0"/>
          <y:NodeLabel alignment="center" autoSizePolicy="content" fontFamily="Dialog" fontSize="8" fontStyle="plain" hasBackgroundColor="false" hasLineColor="false" height="13.421875" modelName="internal" modelPosition="c" textColor="#000000" visible="true" width="73.8984375" x="-29.44921875" y="0.7890625">Louvain-la-Neuve</y:NodeLabel>
          <y:Shape type="ellipse"/>
        </y:ShapeNode>
      </data>
    </node>
    <node id="n6">
      <data key="d4">true</data>
      <data key="d5"/>
      <data key="d7"/>
      <data key="d8">
        <y:ShapeNode>
          <y:Geometry height="15.0" width="15.0" x="491.42010498" y="409.630645752"/>
          <y:Fill color="#FFCC00" transparent="false"/>
          <y:BorderStyle color="#000000" type="line" width="1.0"/>
          <y:NodeLabel alignment="center" autoSizePolicy="content" fontFamily="Dialog" fontSize="8" fontStyle="plain" hasBackgroundColor="false" hasLineColor="false" height="13.421875" modelName="internal" modelPosition="c" textColor="#000000" visible="true" width="30.03515625" x="-7.517578125" y="0.7890625">Namur</y:NodeLabel>
          <y:Shape type="ellipse"/>
        </y:ShapeNode>
      </data>
    </node>
    <node id="n7">
      <data key="d4">true</data>
      <data key="d5"/>
      <data key="d7"/>
      <data key="d8">
        <y:ShapeNode>
          <y:Geometry height="15.0" width="15.0" x="80.7111282349" y="409.855621338"/>
          <y:Fill color="#FFCC00" transparent="false"/>
          <y:BorderStyle color="#000000" type="line" width="1.0"/>
          <y:NodeLabel alignment="center" autoSizePolicy="content" fontFamily="Dialog" fontSize="8" fontStyle="plain" hasBackgroundColor="false" hasLineColor="false" height="13.421875" modelName="internal" modelPosition="c" textColor="#000000" visible="true" width="24.984375" x="-4.9921875" y="0.7890625">Arlon</y:NodeLabel>
          <y:Shape type="ellipse"/>
        </y:ShapeNode>
      </data>
    </node>
    <node id="n8">
      <data key="d4">true</data>
      <data key="d5"/>
      <data key="d7"/>
      <data key="d8">
        <y:ShapeNode>
          <y:Geometry height="15.0" width="15.0" x="374.944000244" y="410.094665527"/>
          <y:Fill color="#FFCC00" transparent="false"/>
          <y:BorderStyle color="#000000" type="line" width="1.0"/>
          <y:NodeLabel alignment="center" autoSizePolicy="content" fontFamily="Dialog" fontSize="8" fontStyle="plain" hasBackgroundColor="false" hasLineColor="false" height="13.421875" modelName="internal" modelPosition="c" textColor="#000000" visible="true" width="24.48046875" x="-4.740234375" y="0.7890625">Liege</y:NodeLabel>
          <y:Shape type="ellipse"/>
        </y:ShapeNode>
      </data>
    </node>
    <node id="n9">
      <data key="d4">true</data>
      <data key="d5"><![CDATA[Brussels]]></data>
      <data key="d7"/>
      <data key="d8">
        <y:ShapeNode>
          <y:Geometry height="15.0" width="15.0" x="235.724105835" y="255.878662109"/>
          <y:Fill color="#FFCC00" transparent="false"/>
          <y:BorderStyle color="#000000" type="line" width="1.0"/>
          <y:NodeLabel alignment="center" autoSizePolicy="content" fontFamily="Dialog" fontSize="8" fontStyle="plain" hasBackgroundColor="false" hasLineColor="false" height="13.421875" modelName="internal" modelPosition="c" textColor="#000000" visible="true" width="44.65234375" x="-14.826171875" y="0.7890625">Brussel I A</y:NodeLabel>
          <y:Shape type="ellipse"/>
        </y:ShapeNode>
      </data>
    </node>
    <node id="n10">
      <data key="d4">true</data>
      <data key="d5"/>
      <data key="d7"/>
      <data key="d8">
        <y:ShapeNode>
          <y:Geometry height="15.0" width="15.0" x="335.687988281" y="409.656005859"/>
          <y:Fill color="#FFCC00" transparent="false"/>
          <y:BorderStyle color="#000000" type="line" width="1.0"/>
          <y:NodeLabel alignment="center" autoSizePolicy="content" fontFamily="Dialog" fontSize="8" fontStyle="plain" hasBackgroundColor="false" hasLineColor="false" height="13.421875" modelName="internal" modelPosition="c" textColor="#000000" visible="true" width="31.25" x="-8.125" y="0.7890625">Leuven</y:NodeLabel>
          <y:Shape type="ellipse"/>
        </y:ShapeNode>
      </data>
    </node>
    <node id="n11">
      <data key="d4">true</data>
      <data key="d5"/>
      <data key="d7"/>
      <data key="d8">
        <y:ShapeNode>
          <y:Geometry height="15.0" width="15.0" x="263.768005371" y="409.398651123"/>
          <y:Fill color="#FFCC00" transparent="false"/>
          <y:BorderStyle color="#000000" type="line" width="1.0"/>
          <y:NodeLabel alignment="center" autoSizePolicy="content" fontFamily="Dialog" fontSize="8" fontStyle="plain" hasBackgroundColor="false" hasLineColor="false" height="13.421875" modelName="internal" modelPosition="c" textColor="#000000" visible="true" width="32.21484375" x="-8.607421875" y="0.7890625">Hasselt</y:NodeLabel>
          <y:Shape type="ellipse"/>
        </y:ShapeNode>
      </data>
    </node>
    <node id="n12">
      <data key="d4">true</data>
      <data key="d5"/>
      <data key="d7"/>
      <data key="d8">
        <y:ShapeNode>
          <y:Geometry height="15.0" width="15.0" x="191.800003052" y="410.742675781"/>
          <y:Fill color="#FFCC00" transparent="false"/>
          <y:BorderStyle color="#000000" type="line" width="1.0"/>
          <y:NodeLabel alignment="center" autoSizePolicy="content" fontFamily="Dialog" fontSize="8" fontStyle="plain" hasBackgroundColor="false" hasLineColor="false" height="13.421875" modelName="internal" modelPosition="c" textColor="#000000" visible="true" width="21.0078125" x="-3.00390625" y="0.7890625">Geel</y:NodeLabel>
          <y:Shape type="ellipse"/>
        </y:ShapeNode>
      </data>
    </node>
    <node id="n13">
      <data key="d4">true</data>
      <data key="d5"/>
      <data key="d7"/>
      <data key="d8">
        <y:ShapeNode>
          <y:Geometry height="15.0" width="15.0" x="43.1359062195" y="414.62399292"/>
          <y:Fill color="#FFCC00" transparent="false"/>
          <y:BorderStyle color="#000000" type="line" width="1.0"/>
          <y:NodeLabel alignment="center" autoSizePolicy="content" fontFamily="Dialog" fontSize="8" fontStyle="plain" hasBackgroundColor="false" hasLineColor="false" height="13.421875" modelName="internal" modelPosition="c" textColor="#000000" visible="true" width="45.828125" x="-15.4140625" y="0.7890625">Antwerpen</y:NodeLabel>
          <y:Shape type="ellipse"/>
        </y:ShapeNode>
      </data>
    </node>
    <node id="n14">
      <data key="d4">true</data>
      <data key="d5"><![CDATA[Brussels]]></data>
      <data key="d7"/>
      <data key="d8">
        <y:ShapeNode>
          <y:Geometry height="15.0" width="15.0" x="233.980209351" y="282.465332031"/>
          <y:Fill color="#FFCC00" transparent="false"/>
          <y:BorderStyle color="#000000" type="line" width="1.0"/>
          <y:NodeLabel alignment="center" autoSizePolicy="content" fontFamily="Dialog" fontSize="8" fontStyle="plain" hasBackgroundColor="false" hasLineColor="false" height="13.421875" modelName="internal" modelPosition="c" textColor="#000000" visible="true" width="43.734375" x="-14.3671875" y="0.7890625">Brussel I B</y:NodeLabel>
          <y:Shape type="ellipse"/>
        </y:ShapeNode>
      </data>
    </node>
    <node id="n15">
      <data key="d4">true</data>
      <data key="d5"><![CDATA[Brussels]]></data>
      <data key="d7"/>
      <data key="d8">
        <y:ShapeNode>
          <y:Geometry height="15.0" width="15.0" x="281.756317139" y="257.899993896"/>
          <y:Fill color="#FFCC00" transparent="false"/>
          <y:BorderStyle color="#000000" type="line" width="1.0"/>
          <y:NodeLabel alignment="center" autoSizePolicy="content" fontFamily="Dialog" fontSize="8" fontStyle="plain" hasBackgroundColor="false" hasLineColor="false" height="13.421875" modelName="internal" modelPosition="c" textColor="#000000" visible="true" width="46.95703125" x="-15.978515625" y="0.7890625">Brussel II A</y:NodeLabel>
          <y:Shape type="ellipse"/>
        </y:ShapeNode>
      </data>
    </node>
    <node id="n16">
      <data key="d4">true</data>
      <data key="d5"><![CDATA[Brussels]]></data>
      <data key="d7"/>
      <data key="d8">
        <y:ShapeNode>
          <y:Geometry height="15.0" width="15.0" x="283.476409912" y="285.558654785"/>
          <y:Fill color="#FFCC00" transparent="false"/>
          <y:BorderStyle color="#000000" type="line" width="1.0"/>
          <y:NodeLabel alignment="center" autoSizePolicy="content" fontFamily="Dialog" fontSize="8" fontStyle="plain" hasBackgroundColor="false" hasLineColor="false" height="13.421875" modelName="internal" modelPosition="c" textColor="#000000" visible="true" width="46.0390625" x="-15.51953125" y="0.7890625">Brussel II B</y:NodeLabel>
          <y:Shape type="ellipse"/>
        </y:ShapeNode>
      </data>
    </node>
    <node id="n17">
      <data key="d4">false</data>
      <data key="d5"/>
      <data key="d7"/>
      <data key="d8">
        <y:ShapeNode>
          <y:Geometry height="30.0" width="30.0" x="116.658691406" y="146.582977295"/>
          <y:Fill color="#FFCC00" transparent="false"/>
          <y:BorderStyle color="#000000" type="line" width="1.0"/>
          <y:NodeLabel alignment="center" autoSizePolicy="content" fontFamily="Dialog" fontSize="8" fontStyle="plain" hasBackgroundColor="false" hasLineColor="false" height="13.421875" modelName="internal" modelPosition="c" textColor="#000000" visible="true" width="25.8203125" x="2.08984375" y="8.2890625">SFINX</y:NodeLabel>
          <y:Shape type="triangle"/>
        </y:ShapeNode>
      </data>
    </node>
    <node id="n18">
      <data key="d4">false</data>
      <data key="d5"/>
      <data key="d7"/>
      <data key="d8">
        <y:ShapeNode>
          <y:Geometry height="30.0" width="30.0" x="175.395324707" y="136.814025879"/>
          <y:Fill color="#FFCC00" transparent="false"/>
          <y:BorderStyle color="#000000" type="line" width="1.0"/>
          <y:NodeLabel alignment="center" autoSizePolicy="content" fontFamily="Dialog" fontSize="8" fontStyle="plain" hasBackgroundColor="false" hasLineColor="false" height="13.421875" modelName="internal" modelPosition="c" textColor="#000000" visible="true" width="32.66015625" x="-1.330078125" y="8.2890625">AMS-IX</y:NodeLabel>
          <y:Shape type="triangle"/>
        </y:ShapeNode>
      </data>
    </node>
    <node id="n19">
      <data key="d4">false</data>
      <data key="d5"/>
      <data key="d7"/>
      <data key="d8">
        <y:ShapeNode>
          <y:Geometry height="30.0" width="30.0" x="223.523330688" y="132.718017578"/>
          <y:Fill color="#FFCC00" transparent="false"/>
          <y:BorderStyle color="#000000" type="line" width="1.0"/>
          <y:NodeLabel alignment="center" autoSizePolicy="content" fontFamily="Dialog" fontSize="8" fontStyle="plain" hasBackgroundColor="false" hasLineColor="false" height="13.421875" modelName="internal" modelPosition="c" textColor="#000000" visible="true" width="21.48828125" x="4.255859375" y="8.2890625">LINX</y:NodeLabel>
          <y:Shape type="triangle"/>
        </y:ShapeNode>
      </data>
    </node>
    <node id="n20">
      <data key="d4">false</data>
      <data key="d5"/>
      <data key="d7"/>
      <data key="d8">
        <y:ShapeNode>
          <y:Geometry height="30.0" width="30.0" x="323.875335693" y="142.446014404"/>
          <y:Fill color="#FFCC00" transparent="false"/>
          <y:BorderStyle color="#000000" type="line" width="1.0"/>
          <y:NodeLabel alignment="center" autoSizePolicy="content" fontFamily="Dialog" fontSize="8" fontStyle="plain" hasBackgroundColor="false" hasLineColor="false" height="13.421875" modelName="internal" modelPosition="c" textColor="#000000" visible="true" width="31.671875" x="-0.8359375" y="8.2890625">Geant2</y:NodeLabel>
          <y:Shape type="triangle"/>
        </y:ShapeNode>
      </data>
    </node>
    <node id="n21">
      <data key="d4">false</data>
      <data key="d5"/>
      <data key="d7"/>
      <data key="d8">
        <y:ShapeNode>
          <y:Geometry height="30.0" width="30.0" x="373.539337158" y="158.83001709"/>
          <y:Fill color="#FFCC00" transparent="false"/>
          <y:BorderStyle color="#000000" type="line" width="1.0"/>
          <y:NodeLabel alignment="center" autoSizePolicy="content" fontFamily="Dialog" fontSize="8" fontStyle="plain" hasBackgroundColor="false" hasLineColor="false" height="13.421875" modelName="internal" modelPosition="c" textColor="#000000" visible="true" width="21.82421875" x="4.087890625" y="8.2890625">BNIX</y:NodeLabel>
          <y:Shape type="triangle"/>
        </y:ShapeNode>
      </data>
    </node>
    <node id="n22">
      <data key="d4">false</data>
      <data key="d5"/>
      <data key="d7"/>
      <data key="d8">
        <y:ShapeNode>
          <y:Geometry height="30.0" width="30.0" x="256.291320801" y="100.974021912"/>
          <y:Fill color="#FFCC00" transparent="false"/>
          <y:BorderStyle color="#000000" type="line" width="1.0"/>
          <y:NodeLabel alignment="center" autoSizePolicy="content" fontFamily="Dialog" fontSize="8" fontStyle="plain" hasBackgroundColor="false" hasLineColor="false" height="13.421875" modelName="internal" modelPosition="c" textColor="#000000" visible="true" width="94.296875" x="-32.1484375" y="8.2890625">The Worldwide Internet</y:NodeLabel>
          <y:Shape type="triangle"/>
        </y:ShapeNode>
      </data>
    </node>
    <edge id="e0" source="n0" target="n16">
      <data key="d34"><![CDATA[2.5 Gbit/s]]></data>
      <data key="d36"/>
      <data key="d37">
        <y:PolyLineEdge>
          <y:Path sx="0.0" sy="0.0" tx="0.0" ty="0.0"/>
          <y:LineStyle color="#FFCC00" type="line" width="1.0"/>
          <y:Arrows source="none" target="none"/>
          <y:BendStyle smoothed="false"/>
        </y:PolyLineEdge>
      </data>
    </edge>
    <edge id="e1" source="n0" target="n14">
      <data key="d34"><![CDATA[2.5 Gbit/s]]></data>
      <data key="d36"/>
      <data key="d37">
        <y:PolyLineEdge>
          <y:Path sx="0.0" sy="0.0" tx="0.0" ty="0.0"/>
          <y:LineStyle color="#FF9900" type="line" width="1.0"/>
          <y:Arrows source="none" target="none"/>
          <y:BendStyle smoothed="false"/>
        </y:PolyLineEdge>
      </data>
    </edge>
    <edge id="e2" source="n1" target="n16">
      <data key="d34"><![CDATA[2.5 Gbit/s]]></data>
      <data key="d36"/>
      <data key="d37">
        <y:PolyLineEdge>
          <y:Path sx="0.0" sy="0.0" tx="0.0" ty="0.0"/>
          <y:LineStyle color="#FFCC00" type="line" width="1.0"/>
          <y:Arrows source="none" target="none"/>
          <y:BendStyle smoothed="false"/>
        </y:PolyLineEdge>
      </data>
    </edge>
    <edge id="e3" source="n1" target="n14">
      <data key="d34"><![CDATA[2.5 Gbit/s]]></data>
      <data key="d36"/>
      <data key="d37">
        <y:PolyLineEdge>
          <y:Path sx="0.0" sy="0.0" tx="0.0" ty="0.0"/>
          <y:LineStyle color="#FF9900" type="line" width="1.0"/>
          <y:Arrows source="none" target="none"/>
          <y:BendStyle smoothed="false"/>
        </y:PolyLineEdge>
      </data>
    </edge>
    <edge id="e4" source="n2" target="n16">
      <data key="d34"><![CDATA[2.5 Gbit/s]]></data>
      <data key="d36"/>
      <data key="d37">
        <y:PolyLineEdge>
          <y:Path sx="0.0" sy="0.0" tx="0.0" ty="0.0"/>
          <y:LineStyle color="#FFCC00" type="line" width="1.0"/>
          <y:Arrows source="none" target="none"/>
          <y:BendStyle smoothed="false"/>
        </y:PolyLineEdge>
      </data>
    </edge>
    <edge id="e5" source="n2" target="n14">
      <data key="d34"><![CDATA[2.5 Gbit/s]]></data>
      <data key="d36"/>
      <data key="d37">
        <y:PolyLineEdge>
          <y:Path sx="0.0" sy="0.0" tx="0.0" ty="0.0"/>
          <y:LineStyle color="#FF9900" type="line" width="1.0"/>
          <y:Arrows source="none" target="none"/>
          <y:BendStyle smoothed="false"/>
        </y:PolyLineEdge>
      </data>
    </edge>
    <edge id="e6" source="n3" target="n16">
      <data key="d34"><![CDATA[2.5 Gbit/s]]></data>
      <data key="d36"/>
      <data key="d37">
        <y:PolyLineEdge>
          <y:Path sx="0.0" sy="0.0" tx="0.0" ty="0.0"/>
          <y:LineStyle color="#FFCC00" type="line" width="1.0"/>
          <y:Arrows source="none" target="none"/>
          <y:BendStyle smoothed="false"/>
        </y:PolyLineEdge>
      </data>
    </edge>
    <edge id="e7" source="n3" target="n14">
      <data key="d34"><![CDATA[2.5 Gbit/s]]></data>
      <data key="d36"/>
      <data key="d37">
        <y:PolyLineEdge>
          <y:Path sx="0.0" sy="0.0" tx="0.0" ty="0.0"/>
          <y:LineStyle color="#FF9900" type="line" width="1.0"/>
          <y:Arrows source="none" target="none"/>
          <y:BendStyle smoothed="false"/>
        </y:PolyLineEdge>
      </data>
    </edge>
    <edge id="e8" source="n4" target="n16">
      <data key="d34"><![CDATA[2.5 Gbit/s]]></data>
      <data key="d36"/>
      <data key="d37">
        <y:PolyLineEdge>
          <y:Path sx="0.0" sy="0.0" tx="0.0" ty="0.0"/>
          <y:LineStyle color="#FFCC00" type="line" width="1.0"/>
          <y:Arrows source="none" target="none"/>
          <y:BendStyle smoothed="false"/>
        </y:PolyLineEdge>
      </data>
    </edge>
    <edge id="e9" source="n4" target="n14">
      <data key="d34"><![CDATA[2.5 Gbit/s]]></data>
      <data key="d36"/>
      <data key="d37">
        <y:PolyLineEdge>
          <y:Path sx="0.0" sy="0.0" tx="0.0" ty="0.0"/>
          <y:LineStyle color="#FF9900" type="line" width="1.0"/>
          <y:Arrows source="none" target="none"/>
          <y:BendStyle smoothed="false"/>
        </y:PolyLineEdge>
      </data>
    </edge>
    <edge id="e10" source="n5" target="n16">
      <data key="d34"><![CDATA[2.5 Gbit/s]]></data>
      <data key="d36"/>
      <data key="d37">
        <y:PolyLineEdge>
          <y:Path sx="0.0" sy="0.0" tx="0.0" ty="0.0"/>
          <y:LineStyle color="#FFCC00" type="line" width="1.0"/>
          <y:Arrows source="none" target="none"/>
          <y:BendStyle smoothed="false"/>
        </y:PolyLineEdge>
      </data>
    </edge>
    <edge id="e11" source="n5" target="n14">
      <data key="d34"><![CDATA[2.5 Gbit/s]]></data>
      <data key="d36"/>
      <data key="d37">
        <y:PolyLineEdge>
          <y:Path sx="0.0" sy="0.0" tx="0.0" ty="0.0"/>
          <y:LineStyle color="#FF9900" type="line" width="1.0"/>
          <y:Arrows source="none" target="none"/>
          <y:BendStyle smoothed="false"/>
        </y:PolyLineEdge>
      </data>
    </edge>
    <edge id="e12" source="n6" target="n16">
      <data key="d34"><![CDATA[2.5 Gbit/s]]></data>
      <data key="d36"/>
      <data key="d37">
        <y:PolyLineEdge>
          <y:Path sx="0.0" sy="0.0" tx="0.0" ty="0.0"/>
          <y:LineStyle color="#FFCC00" type="line" width="1.0"/>
          <y:Arrows source="none" target="none"/>
          <y:BendStyle smoothed="false"/>
        </y:PolyLineEdge>
      </data>
    </edge>
    <edge id="e13" source="n6" target="n14">
      <data key="d34"><![CDATA[2.5 Gbit/s]]></data>
      <data key="d36"/>
      <data key="d37">
        <y:PolyLineEdge>
          <y:Path sx="0.0" sy="0.0" tx="0.0" ty="0.0"/>
          <y:LineStyle color="#FF9900" type="line" width="1.0"/>
          <y:Arrows source="none" target="none"/>
          <y:BendStyle smoothed="false"/>
        </y:PolyLineEdge>
      </data>
    </edge>
    <edge id="e14" source="n7" target="n16">
      <data key="d34"><![CDATA[155 Mbit/s]]></data>
      <data key="d36"/>
      <data key="d37">
        <y:PolyLineEdge>
          <y:Path sx="0.0" sy="0.0" tx="0.0" ty="0.0"/>
          <y:LineStyle color="#000000" type="line" width="1.0"/>
          <y:Arrows source="none" target="none"/>
          <y:BendStyle smoothed="false"/>
        </y:PolyLineEdge>
      </data>
    </edge>
    <edge id="e15" source="n7" target="n14">
      <data key="d34"><![CDATA[155 Mbit/s]]></data>
      <data key="d36"/>
      <data key="d37">
        <y:PolyLineEdge>
          <y:Path sx="0.0" sy="0.0" tx="0.0" ty="0.0"/>
          <y:LineStyle color="#000000" type="line" width="1.0"/>
          <y:Arrows source="none" target="none"/>
          <y:BendStyle smoothed="false"/>
        </y:PolyLineEdge>
      </data>
    </edge>
    <edge id="e16" source="n8" target="n16">
      <data key="d34"><![CDATA[2.5 Gbit/s]]></data>
      <data key="d36"/>
      <data key="d37">
        <y:PolyLineEdge>
          <y:Path sx="0.0" sy="0.0" tx="0.0" ty="0.0"/>
          <y:LineStyle color="#FFCC00" type="line" width="1.0"/>
          <y:Arrows source="none" target="none"/>
          <y:BendStyle smoothed="false"/>
        </y:PolyLineEdge>
      </data>
    </edge>
    <edge id="e17" source="n8" target="n14">
      <data key="d34"><![CDATA[2.5 Gbit/s]]></data>
      <data key="d36"/>
      <data key="d37">
        <y:PolyLineEdge>
          <y:Path sx="0.0" sy="0.0" tx="0.0" ty="0.0"/>
          <y:LineStyle color="#FF9900" type="line" width="1.0"/>
          <y:Arrows source="none" target="none"/>
          <y:BendStyle smoothed="false"/>
        </y:PolyLineEdge>
      </data>
    </edge>
    <edge id="e18" source="n9" target="n14">
      <data key="d34"><![CDATA[10 Gbit/s]]></data>
      <data key="d36"/>
      <data key="d37">
        <y:PolyLineEdge>
          <y:Path sx="0.0" sy="0.0" tx="0.0" ty="0.0"/>
          <y:LineStyle color="#FF0000" type="line" width="1.0"/>
          <y:Arrows source="none" target="none"/>
          <y:BendStyle smoothed="false"/>
        </y:PolyLineEdge>
      </data>
    </edge>
    <edge id="e19" source="n9" target="n15">
      <data key="d34"><![CDATA[2.5 Gbit/s]]></data>
      <data key="d36"/>
      <data key="d37">
        <y:PolyLineEdge>
          <y:Path sx="0.0" sy="0.0" tx="0.0" ty="0.0"/>
          <y:LineStyle color="#FF9900" type="line" width="1.0"/>
          <y:Arrows source="none" target="none"/>
          <y:BendStyle smoothed="false"/>
        </y:PolyLineEdge>
      </data>
    </edge>
    <edge id="e20" source="n9" target="n16">
      <data key="d34"><![CDATA[2.5 Gbit/s]]></data>
      <data key="d36"/>
      <data key="d37">
        <y:PolyLineEdge>
          <y:Path sx="0.0" sy="0.0" tx="0.0" ty="0.0"/>
          <y:LineStyle color="#FF9900" type="line" width="1.0"/>
          <y:Arrows source="none" target="none"/>
          <y:BendStyle smoothed="false"/>
        </y:PolyLineEdge>
      </data>
    </edge>
    <edge id="e21" source="n9" target="n17">
      <data key="d34"><![CDATA[1 Gbit/s]]></data>
      <data key="d36"/>
      <data key="d37">
        <y:PolyLineEdge>
          <y:Path sx="0.0" sy="0.0" tx="0.0" ty="0.0"/>
          <y:LineStyle color="#99CC00" type="line" width="1.0"/>
          <y:Arrows source="none" target="none"/>
          <y:BendStyle smoothed="false"/>
        </y:PolyLineEdge>
      </data>
    </edge>
    <edge id="e22" source="n9" target="n18">
      <data key="d34"><![CDATA[1 Gbit/s]]></data>
      <data key="d36"/>
      <data key="d37">
        <y:PolyLineEdge>
          <y:Path sx="0.0" sy="0.0" tx="0.0" ty="0.0"/>
          <y:LineStyle color="#99CC00" type="line" width="1.0"/>
          <y:Arrows source="none" target="none"/>
          <y:BendStyle smoothed="false"/>
        </y:PolyLineEdge>
      </data>
    </edge>
    <edge id="e23" source="n9" target="n19">
      <data key="d34"><![CDATA[1 Gbit/s]]></data>
      <data key="d36"/>
      <data key="d37">
        <y:PolyLineEdge>
          <y:Path sx="0.0" sy="0.0" tx="0.0" ty="0.0"/>
          <y:LineStyle color="#99CC00" type="line" width="1.0"/>
          <y:Arrows source="none" target="none"/>
          <y:BendStyle smoothed="false"/>
        </y:PolyLineEdge>
      </data>
    </edge>
    <edge id="e24" source="n9" target="n20">
      <data key="d34"><![CDATA[10 Gbit/s]]></data>
      <data key="d36"/>
      <data key="d37">
        <y:PolyLineEdge>
          <y:Path sx="0.0" sy="0.0" tx="0.0" ty="0.0"/>
          <y:LineStyle color="#FF0000" type="line" width="1.0"/>
          <y:Arrows source="none" target="none"/>
          <y:BendStyle smoothed="false"/>
        </y:PolyLineEdge>
      </data>
    </edge>
    <edge id="e25" source="n9" target="n21">
      <data key="d34"><![CDATA[10 Gbit/s]]></data>
      <data key="d36"/>
      <data key="d37">
        <y:PolyLineEdge>
          <y:Path sx="0.0" sy="0.0" tx="0.0" ty="0.0"/>
          <y:LineStyle color="#FF0000" type="line" width="1.0"/>
          <y:Arrows source="none" target="none"/>
          <y:BendStyle smoothed="false"/>
        </y:PolyLineEdge>
      </data>
    </edge>
    <edge id="e26" source="n9" target="n22">
      <data key="d34"><![CDATA[1 Gbit/s]]></data>
      <data key="d36"/>
      <data key="d37">
        <y:PolyLineEdge>
          <y:Path sx="0.0" sy="0.0" tx="0.0" ty="0.0"/>
          <y:LineStyle color="#99CC00" type="line" width="1.0"/>
          <y:Arrows source="none" target="none"/>
          <y:BendStyle smoothed="false"/>
        </y:PolyLineEdge>
      </data>
    </edge>
    <edge id="e27" source="n9" target="n22">
      <data key="d34"><![CDATA[1 Gbit/s]]></data>
      <data key="d36"/>
      <data key="d37">
        <y:PolyLineEdge>
          <y:Path sx="0.0" sy="0.0" tx="0.0" ty="0.0"/>
          <y:LineStyle color="#99CC00" type="line" width="1.0"/>
          <y:Arrows source="none" target="none"/>
          <y:BendStyle smoothed="false"/>
        </y:PolyLineEdge>
      </data>
    </edge>
    <edge id="e28" source="n9" target="n22">
      <data key="d34"><![CDATA[1 Gbit/s]]></data>
      <data key="d36"/>
      <data key="d37">
        <y:PolyLineEdge>
          <y:Path sx="0.0" sy="0.0" tx="0.0" ty="0.0"/>
          <y:LineStyle color="#99CC00" type="line" width="1.0"/>
          <y:Arrows source="none" target="none"/>
          <y:BendStyle smoothed="false"/>
        </y:PolyLineEdge>
      </data>
    </edge>
    <edge id="e29" source="n10" target="n16">
      <data key="d34"><![CDATA[2.5 Gbit/s]]></data>
      <data key="d36"/>
      <data key="d37">
        <y:PolyLineEdge>
          <y:Path sx="0.0" sy="0.0" tx="0.0" ty="0.0"/>
          <y:LineStyle color="#FFCC00" type="line" width="1.0"/>
          <y:Arrows source="none" target="none"/>
          <y:BendStyle smoothed="false"/>
        </y:PolyLineEdge>
      </data>
    </edge>
    <edge id="e30" source="n10" target="n14">
      <data key="d34"><![CDATA[2.5 Gbit/s]]></data>
      <data key="d36"/>
      <data key="d37">
        <y:PolyLineEdge>
          <y:Path sx="0.0" sy="0.0" tx="0.0" ty="0.0"/>
          <y:LineStyle color="#FF9900" type="line" width="1.0"/>
          <y:Arrows source="none" target="none"/>
          <y:BendStyle smoothed="false"/>
        </y:PolyLineEdge>
      </data>
    </edge>
    <edge id="e31" source="n11" target="n16">
      <data key="d34"><![CDATA[2.5 Gbit/s]]></data>
      <data key="d36"/>
      <data key="d37">
        <y:PolyLineEdge>
          <y:Path sx="0.0" sy="0.0" tx="0.0" ty="0.0"/>
          <y:LineStyle color="#FFCC00" type="line" width="1.0"/>
          <y:Arrows source="none" target="none"/>
          <y:BendStyle smoothed="false"/>
        </y:PolyLineEdge>
      </data>
    </edge>
    <edge id="e32" source="n11" target="n14">
      <data key="d34"><![CDATA[2.5 Gbit/s]]></data>
      <data key="d36"/>
      <data key="d37">
        <y:PolyLineEdge>
          <y:Path sx="0.0" sy="0.0" tx="0.0" ty="0.0"/>
          <y:LineStyle color="#FF9900" type="line" width="1.0"/>
          <y:Arrows source="none" target="none"/>
          <y:BendStyle smoothed="false"/>
        </y:PolyLineEdge>
      </data>
    </edge>
    <edge id="e33" source="n12" target="n16">
      <data key="d34"><![CDATA[2.5 Gbit/s]]></data>
      <data key="d36"/>
      <data key="d37">
        <y:PolyLineEdge>
          <y:Path sx="0.0" sy="0.0" tx="0.0" ty="0.0"/>
          <y:LineStyle color="#FFCC00" type="line" width="1.0"/>
          <y:Arrows source="none" target="none"/>
          <y:BendStyle smoothed="false"/>
        </y:PolyLineEdge>
      </data>
    </edge>
    <edge id="e34" source="n12" target="n14">
      <data key="d34"><![CDATA[2.5 Gbit/s]]></data>
      <data key="d36"/>
      <data key="d37">
        <y:PolyLineEdge>
          <y:Path sx="0.0" sy="0.0" tx="0.0" ty="0.0"/>
          <y:LineStyle color="#FF9900" type="line" width="1.0"/>
          <y:Arrows source="none" target="none"/>
          <y:BendStyle smoothed="false"/>
        </y:PolyLineEdge>
      </data>
    </edge>
    <edge id="e35" source="n13" target="n16">
      <data key="d34"><![CDATA[2.5 Gbit/s]]></data>
      <data key="d36"/>
      <data key="d37">
        <y:PolyLineEdge>
          <y:Path sx="0.0" sy="0.0" tx="0.0" ty="0.0"/>
          <y:LineStyle color="#FFCC00" type="line" width="1.0"/>
          <y:Arrows source="none" target="none"/>
          <y:BendStyle smoothed="false"/>
        </y:PolyLineEdge>
      </data>
    </edge>
    <edge id="e36" source="n13" target="n14">
      <data key="d34"><![CDATA[2.5 Gbit/s]]></data>
      <data key="d36"/>
      <data key="d37">
        <y:PolyLineEdge>
          <y:Path sx="0.0" sy="0.0" tx="0.0" ty="0.0"/>
          <y:LineStyle color="#FF9900" type="line" width="1.0"/>
          <y:Arrows source="none" target="none"/>
          <y:BendStyle smoothed="false"/>
        </y:PolyLineEdge>
      </data>
    </edge>
    <edge id="e37" source="n14" target="n15">
      <data key="d34"><![CDATA[2.5 Gbit/s]]></data>
      <data key="d36"/>
      <data key="d37">
        <y:PolyLineEdge>
          <y:Path sx="0.0" sy="0.0" tx="0.0" ty="0.0"/>
          <y:LineStyle color="#FF9900" type="line" width="1.0"/>
          <y:Arrows source="none" target="none"/>
          <y:BendStyle smoothed="false"/>
        </y:PolyLineEdge>
      </data>
    </edge>
    <edge id="e38" source="n14" target="n16">
      <data key="d34"><![CDATA[2.5 Gbit/s]]></data>
      <data key="d36"/>
      <data key="d37">
        <y:PolyLineEdge>
          <y:Path sx="0.0" sy="0.0" tx="0.0" ty="0.0"/>
          <y:LineStyle color="#FF9900" type="line" width="1.0"/>
          <y:Arrows source="none" target="none"/>
          <y:BendStyle smoothed="false"/>
        </y:PolyLineEdge>
      </data>
    </edge>
    <edge id="e39" source="n15" target="n16">
      <data key="d34"><![CDATA[2.5 Gbit/s]]></data>
      <data key="d36"/>
      <data key="d37">
        <y:PolyLineEdge>
          <y:Path sx="0.0" sy="0.0" tx="0.0" ty="0.0"/>
          <y:LineStyle color="#FF9900" type="line" width="1.0"/>
          <y:Arrows source="none" target="none"/>
          <y:BendStyle smoothed="false"/>
        </y:PolyLineEdge>
      </data>
    </edge>
    <edge id="e40" source="n15" target="n20">
      <data key="d34"><![CDATA[2.5 Gbit/s]]></data>
      <data key="d36"/>
      <data key="d37">
        <y:PolyLineEdge>
          <y:Path sx="0.0" sy="0.0" tx="0.0" ty="0.0"/>
          <y:LineStyle color="#FF9900" type="line" width="1.0"/>
          <y:Arrows source="none" target="none"/>
          <y:BendStyle smoothed="false"/>
        </y:PolyLineEdge>
      </data>
    </edge>
    <edge id="e41" source="n15" target="n21">
      <data key="d34"><![CDATA[1 Gbit/s]]></data>
      <data key="d36"/>
      <data key="d37">
        <y:PolyLineEdge>
          <y:Path sx="0.0" sy="0.0" tx="0.0" ty="0.0"/>
          <y:LineStyle color="#99CC00" type="line" width="1.0"/>
          <y:Arrows source="none" target="none"/>
          <y:BendStyle smoothed="false"/>
        </y:PolyLineEdge>
      </data>
    </edge>
    <edge id="e42" source="n15" target="n22">
      <data key="d34"><![CDATA[1 Gbit/s]]></data>
      <data key="d36"/>
      <data key="d37">
        <y:PolyLineEdge>
          <y:Path sx="0.0" sy="0.0" tx="0.0" ty="0.0"/>
          <y:LineStyle color="#99CC00" type="line" width="1.0"/>
          <y:Arrows source="none" target="none"/>
          <y:BendStyle smoothed="false"/>
        </y:PolyLineEdge>
      </data>
    </edge>
    <edge id="e43" source="n15" target="n22">
      <data key="d34"><![CDATA[1 Gbit/s]]></data>
      <data key="d36"/>
      <data key="d37">
        <y:PolyLineEdge>
          <y:Path sx="0.0" sy="0.0" tx="0.0" ty="0.0"/>
          <y:LineStyle color="#99CC00" type="line" width="1.0"/>
          <y:Arrows source="none" target="none"/>
          <y:BendStyle smoothed="false"/>
        </y:PolyLineEdge>
      </data>
    </edge>
  </graph>
  <data key="d0">
    <y:Resources/>
  </data>
</graphml>
