<?xml version="1.0" encoding="UTF-8" standalone="no"?>
<graphml xmlns="http://graphml.graphdrawing.org/xmlns" xmlns:xsi="http://www.w3.org/2001/XMLSchema-instance" xmlns:y="http://www.yworks.com/xml/graphml" xmlns:yed="http://www.yworks.com/xml/yed/3" xsi:schemaLocation="http://graphml.graphdrawing.org/xmlns http://www.yworks.com/xml/schema/graphml/1.1/ygraphml.xsd">
  <!--Created by yFiles for Java 2.8-->
  <key for="graphml" id="d0" yfiles.type="resources"/>
  <key for="port" id="d1" yfiles.type="portgraphics"/>
  <key for="port" id="d2" yfiles.type="portgeometry"/>
  <key for="port" id="d3" yfiles.type="portuserdata"/>
  <key attr.name="Internal" attr.type="boolean" for="node" id="d4"/>
  <key attr.name="geocode_extent" attr.type="string" for="node" id="d5"/>
  <key attr.name="type" attr.type="string" for="node" id="d6"/>
  <key attr.name="url" attr.type="string" for="node" id="d7"/>
  <key attr.name="description" attr.type="string" for="node" id="d8"/>
  <key for="node" id="d9" yfiles.type="nodegraphics"/>
  <key attr.name="Access" attr.type="boolean" for="graph" id="d10"/>
  <key attr.name="Backbone" attr.type="boolean" for="graph" id="d11"/>
  <key attr.name="Commercial" attr.type="boolean" for="graph" id="d12"/>
  <key attr.name="Creator" attr.type="string" for="graph" id="d13"/>
  <key attr.name="Customer" attr.type="boolean" for="graph" id="d14"/>
  <key attr.name="DateModifier" attr.type="string" for="graph" id="d15"/>
  <key attr.name="DateMonth" attr.type="string" for="graph" id="d16"/>
  <key attr.name="DateObtained" attr.type="string" for="graph" id="d17"/>
  <key attr.name="DateType" attr.type="string" for="graph" id="d18"/>
  <key attr.name="DateYear" attr.type="string" for="graph" id="d19"/>
  <key attr.name="Developed" attr.type="boolean" for="graph" id="d20"/>
  <key attr.name="GeoExtent" attr.type="string" for="graph" id="d21"/>
  <key attr.name="GeoLocation" attr.type="string" for="graph" id="d22"/>
  <key attr.name="IX" attr.type="boolean" for="graph" id="d23"/>
  <key attr.name="LastAccess" attr.type="string" for="graph" id="d24"/>
  <key attr.name="LastProcessed" attr.type="string" for="graph" id="d25"/>
  <key attr.name="Layer" attr.type="string" for="graph" id="d26"/>
  <key attr.name="Network" attr.type="string" for="graph" id="d27"/>
  <key attr.name="NetworkDate" attr.type="string" for="graph" id="d28"/>
  <key attr.name="Note" attr.type="string" for="graph" id="d29"/>
  <key attr.name="Provenance" attr.type="string" for="graph" id="d30"/>
  <key attr.name="Source" attr.type="string" for="graph" id="d31"/>
  <key attr.name="Testbed" attr.type="boolean" for="graph" id="d32"/>
  <key attr.name="Transit" attr.type="boolean" for="graph" id="d33"/>
  <key attr.name="Type" attr.type="string" for="graph" id="d34"/>
  <key attr.name="Version" attr.type="string" for="graph" id="d35"/>
  <key attr.name="label" attr.type="string" for="edge" id="d36"/>
  <key attr.name="url" attr.type="string" for="edge" id="d37"/>
  <key attr.name="description" attr.type="string" for="edge" id="d38"/>
  <key for="edge" id="d39" yfiles.type="edgegraphics"/>
  <graph edgedefault="directed" id="G">
    <data key="d10">false</data>
    <data key="d11">true</data>
    <data key="d12">false</data>
    <data key="d13"><![CDATA[Topology Zoo Toolset]]></data>
    <data key="d14">true</data>
    <data key="d15"><![CDATA[=]]></data>
    <data key="d16"><![CDATA[01]]></data>
    <data key="d17"><![CDATA[16/01/11]]></data>
    <data key="d18"><![CDATA[Current]]></data>
    <data key="d19"><![CDATA[2011]]></data>
    <data key="d20">true</data>
    <data key="d21"><![CDATA[Continent]]></data>
    <data key="d22"><![CDATA[Europe]]></data>
    <data key="d23">false</data>
    <data key="d24"><![CDATA[16/01/11]]></data>
    <data key="d25"><![CDATA[2011_09_01]]></data>
    <data key="d26"><![CDATA[IP]]></data>
    <data key="d27"><![CDATA[BICS]]></data>
    <data key="d28"><![CDATA[2011_01]]></data>
    <data key="d29"><![CDATA[Can't nail down transit]]></data>
    <data key="d30"><![CDATA[Primary]]></data>
    <data key="d31"><![CDATA[http://bics.com/index.php/network/european-network/]]></data>
    <data key="d32">false</data>
    <data key="d33">false</data>
    <data key="d34"><![CDATA[COM]]></data>
    <data key="d35"><![CDATA[1.0]]></data>
    <node id="n0">
      <data key="d4">true</data>
      <data key="d5"/>
      <data key="d6"><![CDATA[PoP]]></data>
      <data key="d8"/>
      <data key="d9">
        <y:ShapeNode>
          <y:Geometry height="15.0" width="15.0" x="830.0" y="274.0"/>
          <y:Fill color="#FFCC00" transparent="false"/>
          <y:BorderStyle color="#000000" type="line" width="1.0"/>
          <y:NodeLabel alignment="center" autoSizePolicy="content" fontFamily="Dialog" fontSize="8" fontStyle="plain" hasBackgroundColor="false" hasLineColor="false" height="13.421875" modelName="internal" modelPosition="c" textColor="#000000" visible="true" width="20.1328125" x="-2.56640625" y="0.7890625">Kiev</y:NodeLabel>
          <y:Shape type="ellipse"/>
        </y:ShapeNode>
      </data>
    </node>
    <node id="n1">
      <data key="d4">true</data>
      <data key="d5"/>
      <data key="d6"><![CDATA[PoP]]></data>
      <data key="d8"/>
      <data key="d9">
        <y:ShapeNode>
          <y:Geometry height="15.0" width="15.0" x="180.0" y="229.0"/>
          <y:Fill color="#FFCC00" transparent="false"/>
          <y:BorderStyle color="#000000" type="line" width="1.0"/>
          <y:NodeLabel alignment="center" autoSizePolicy="content" fontFamily="Dialog" fontSize="8" fontStyle="plain" hasBackgroundColor="false" hasLineColor="false" height="13.421875" modelName="internal" modelPosition="c" textColor="#000000" visible="true" width="29.58203125" x="-7.291015625" y="0.7890625">Dublin</y:NodeLabel>
          <y:Shape type="ellipse"/>
        </y:ShapeNode>
      </data>
    </node>
    <node id="n2">
      <data key="d4">true</data>
      <data key="d5"/>
      <data key="d6"><![CDATA[PoP]]></data>
      <data key="d8"/>
      <data key="d9">
        <y:ShapeNode>
          <y:Geometry height="15.0" width="15.0" x="135.0" y="553.0"/>
          <y:Fill color="#FFCC00" transparent="false"/>
          <y:BorderStyle color="#000000" type="line" width="1.0"/>
          <y:NodeLabel alignment="center" autoSizePolicy="content" fontFamily="Dialog" fontSize="8" fontStyle="plain" hasBackgroundColor="false" hasLineColor="false" height="13.421875" modelName="internal" modelPosition="c" textColor="#000000" visible="true" width="29.5703125" x="-7.28515625" y="0.7890625">Lisbon</y:NodeLabel>
          <y:Shape type="ellipse"/>
        </y:ShapeNode>
      </data>
    </node>
    <node id="n3">
      <data key="d4">true</data>
      <data key="d5"/>
      <data key="d6"><![CDATA[PoP]]></data>
      <data key="d8"/>
      <data key="d9">
        <y:ShapeNode>
          <y:Geometry height="15.0" width="15.0" x="235.0" y="533.0"/>
          <y:Fill color="#FFCC00" transparent="false"/>
          <y:BorderStyle color="#000000" type="line" width="1.0"/>
          <y:NodeLabel alignment="center" autoSizePolicy="content" fontFamily="Dialog" fontSize="8" fontStyle="plain" hasBackgroundColor="false" hasLineColor="false" height="13.421875" modelName="internal" modelPosition="c" textColor="#000000" visible="true" width="30.96484375" x="-7.982421875" y="0.7890625">Madrid</y:NodeLabel>
          <y:Shape type="ellipse"/>
        </y:ShapeNode>
      </data>
    </node>
    <node id="n4">
      <data key="d4">true</data>
      <data key="d5"/>
      <data key="d6"><![CDATA[PoP]]></data>
      <data key="d8"/>
      <data key="d9">
        <y:ShapeNode>
          <y:Geometry height="15.0" width="15.0" x="301.0" y="518.0"/>
          <y:Fill color="#FFCC00" transparent="false"/>
          <y:BorderStyle color="#000000" type="line" width="1.0"/>
          <y:NodeLabel alignment="center" autoSizePolicy="content" fontFamily="Dialog" fontSize="8" fontStyle="plain" hasBackgroundColor="false" hasLineColor="false" height="13.421875" modelName="internal" modelPosition="c" textColor="#000000" visible="true" width="41.45703125" x="-13.228515625" y="0.7890625">Barcelona</y:NodeLabel>
          <y:Shape type="ellipse"/>
        </y:ShapeNode>
      </data>
    </node>
    <node id="n5">
      <data key="d4">true</data>
      <data key="d5"/>
      <data key="d6"><![CDATA[PoP]]></data>
      <data key="d8"/>
      <data key="d9">
        <y:ShapeNode>
          <y:Geometry height="15.0" width="15.0" x="385.0" y="458.0"/>
          <y:Fill color="#FFCC00" transparent="false"/>
          <y:BorderStyle color="#000000" type="line" width="1.0"/>
          <y:NodeLabel alignment="center" autoSizePolicy="content" fontFamily="Dialog" fontSize="8" fontStyle="plain" hasBackgroundColor="false" hasLineColor="false" height="13.421875" modelName="internal" modelPosition="c" textColor="#000000" visible="true" width="38.51171875" x="-11.755859375" y="0.7890625">Marseille</y:NodeLabel>
          <y:Shape type="ellipse"/>
        </y:ShapeNode>
      </data>
    </node>
    <node id="n6">
      <data key="d4">true</data>
      <data key="d5"/>
      <data key="d6"><![CDATA[PoP]]></data>
      <data key="d8"/>
      <data key="d9">
        <y:ShapeNode>
          <y:Geometry height="15.0" width="15.0" x="383.0" y="416.0"/>
          <y:Fill color="#FFCC00" transparent="false"/>
          <y:BorderStyle color="#000000" type="line" width="1.0"/>
          <y:NodeLabel alignment="center" autoSizePolicy="content" fontFamily="Dialog" fontSize="8" fontStyle="plain" hasBackgroundColor="false" hasLineColor="false" height="13.421875" modelName="internal" modelPosition="c" textColor="#000000" visible="true" width="22.32421875" x="-3.662109375" y="0.7890625">Lyon</y:NodeLabel>
          <y:Shape type="ellipse"/>
        </y:ShapeNode>
      </data>
    </node>
    <node id="n7">
      <data key="d4">true</data>
      <data key="d5"/>
      <data key="d6"><![CDATA[PoP]]></data>
      <data key="d8"/>
      <data key="d9">
        <y:ShapeNode>
          <y:Geometry height="15.0" width="15.0" x="428.0" y="354.0"/>
          <y:Fill color="#FFCC00" transparent="false"/>
          <y:BorderStyle color="#000000" type="line" width="1.0"/>
          <y:NodeLabel alignment="center" autoSizePolicy="content" fontFamily="Dialog" fontSize="8" fontStyle="plain" hasBackgroundColor="false" hasLineColor="false" height="13.421875" modelName="internal" modelPosition="c" textColor="#000000" visible="true" width="23.8671875" x="-4.43359375" y="0.7890625">Basel</y:NodeLabel>
          <y:Shape type="ellipse"/>
        </y:ShapeNode>
      </data>
    </node>
    <node id="n8">
      <data key="d4">true</data>
      <data key="d5"/>
      <data key="d6"><![CDATA[PoP]]></data>
      <data key="d8"/>
      <data key="d9">
        <y:ShapeNode>
          <y:Geometry height="15.0" width="15.0" x="557.0" y="99.0"/>
          <y:Fill color="#FFCC00" transparent="false"/>
          <y:BorderStyle color="#000000" type="line" width="1.0"/>
          <y:NodeLabel alignment="center" autoSizePolicy="content" fontFamily="Dialog" fontSize="8" fontStyle="plain" hasBackgroundColor="false" hasLineColor="false" height="13.421875" modelName="internal" modelPosition="c" textColor="#000000" visible="true" width="44.6484375" x="-14.82421875" y="0.7890625">Stockholm</y:NodeLabel>
          <y:Shape type="ellipse"/>
        </y:ShapeNode>
      </data>
    </node>
    <node id="n9">
      <data key="d4">true</data>
      <data key="d5"/>
      <data key="d6"><![CDATA[PoP]]></data>
      <data key="d8"/>
      <data key="d9">
        <y:ShapeNode>
          <y:Geometry height="15.0" width="15.0" x="644.0" y="226.0"/>
          <y:Fill color="#FFCC00" transparent="false"/>
          <y:BorderStyle color="#000000" type="line" width="1.0"/>
          <y:NodeLabel alignment="center" autoSizePolicy="content" fontFamily="Dialog" fontSize="8" fontStyle="plain" hasBackgroundColor="false" hasLineColor="false" height="13.421875" modelName="internal" modelPosition="c" textColor="#000000" visible="true" width="33.1953125" x="-9.09765625" y="0.7890625">Warsaw</y:NodeLabel>
          <y:Shape type="ellipse"/>
        </y:ShapeNode>
      </data>
    </node>
    <node id="n10">
      <data key="d4">true</data>
      <data key="d5"/>
      <data key="d6"><![CDATA[PoP]]></data>
      <data key="d8"/>
      <data key="d9">
        <y:ShapeNode>
          <y:Geometry height="15.0" width="15.0" x="550.0" y="304.0"/>
          <y:Fill color="#FFCC00" transparent="false"/>
          <y:BorderStyle color="#000000" type="line" width="1.0"/>
          <y:NodeLabel alignment="center" autoSizePolicy="content" fontFamily="Dialog" fontSize="8" fontStyle="plain" hasBackgroundColor="false" hasLineColor="false" height="13.421875" modelName="internal" modelPosition="c" textColor="#000000" visible="true" width="25.49609375" x="-5.248046875" y="0.7890625">Praha</y:NodeLabel>
          <y:Shape type="ellipse"/>
        </y:ShapeNode>
      </data>
    </node>
    <node id="n11">
      <data key="d4">true</data>
      <data key="d5"/>
      <data key="d6"><![CDATA[PoP]]></data>
      <data key="d8"/>
      <data key="d9">
        <y:ShapeNode>
          <y:Geometry height="15.0" width="15.0" x="366.38861084" y="252.359298706"/>
          <y:Fill color="#FFCC00" transparent="false"/>
          <y:BorderStyle color="#000000" type="line" width="1.0"/>
          <y:NodeLabel alignment="center" autoSizePolicy="content" fontFamily="Dialog" fontSize="8" fontStyle="plain" hasBackgroundColor="false" hasLineColor="false" height="13.421875" modelName="internal" modelPosition="c" textColor="#000000" visible="true" width="44.609375" x="-14.8046875" y="0.7890625">Rotterdam</y:NodeLabel>
          <y:Shape type="ellipse"/>
        </y:ShapeNode>
      </data>
    </node>
    <node id="n12">
      <data key="d4">true</data>
      <data key="d5"/>
      <data key="d6"><![CDATA[PoP]]></data>
      <data key="d8"/>
      <data key="d9">
        <y:ShapeNode>
          <y:Geometry height="15.0" width="15.0" x="628.0" y="328.0"/>
          <y:Fill color="#FFCC00" transparent="false"/>
          <y:BorderStyle color="#000000" type="line" width="1.0"/>
          <y:NodeLabel alignment="center" autoSizePolicy="content" fontFamily="Dialog" fontSize="8" fontStyle="plain" hasBackgroundColor="false" hasLineColor="false" height="13.421875" modelName="internal" modelPosition="c" textColor="#000000" visible="true" width="40.96484375" x="-12.982421875" y="0.7890625">Bratislava</y:NodeLabel>
          <y:Shape type="ellipse"/>
        </y:ShapeNode>
      </data>
    </node>
    <node id="n13">
      <data key="d4">true</data>
      <data key="d5"/>
      <data key="d6"><![CDATA[PoP]]></data>
      <data key="d8"/>
      <data key="d9">
        <y:ShapeNode>
          <y:Geometry height="15.0" width="15.0" x="556.0" y="338.0"/>
          <y:Fill color="#FFCC00" transparent="false"/>
          <y:BorderStyle color="#000000" type="line" width="1.0"/>
          <y:NodeLabel alignment="center" autoSizePolicy="content" fontFamily="Dialog" fontSize="8" fontStyle="plain" hasBackgroundColor="false" hasLineColor="false" height="13.421875" modelName="internal" modelPosition="c" textColor="#000000" visible="true" width="30.34765625" x="-7.673828125" y="0.7890625">Vienna</y:NodeLabel>
          <y:Shape type="ellipse"/>
        </y:ShapeNode>
      </data>
    </node>
    <node id="n14">
      <data key="d4">true</data>
      <data key="d5"/>
      <data key="d6"><![CDATA[PoP]]></data>
      <data key="d8"/>
      <data key="d9">
        <y:ShapeNode>
          <y:Geometry height="15.0" width="15.0" x="547.0" y="389.0"/>
          <y:Fill color="#FFCC00" transparent="false"/>
          <y:BorderStyle color="#000000" type="line" width="1.0"/>
          <y:NodeLabel alignment="center" autoSizePolicy="content" fontFamily="Dialog" fontSize="8" fontStyle="plain" hasBackgroundColor="false" hasLineColor="false" height="13.421875" modelName="internal" modelPosition="c" textColor="#000000" visible="true" width="36.93359375" x="-10.966796875" y="0.7890625">Ljubjana</y:NodeLabel>
          <y:Shape type="ellipse"/>
        </y:ShapeNode>
      </data>
    </node>
    <node id="n15">
      <data key="d4">true</data>
      <data key="d5"/>
      <data key="d6"><![CDATA[PoP]]></data>
      <data key="d8"/>
      <data key="d9">
        <y:ShapeNode>
          <y:Geometry height="15.0" width="15.0" x="569.0" y="408.0"/>
          <y:Fill color="#FFCC00" transparent="false"/>
          <y:BorderStyle color="#000000" type="line" width="1.0"/>
          <y:NodeLabel alignment="center" autoSizePolicy="content" fontFamily="Dialog" fontSize="8" fontStyle="plain" hasBackgroundColor="false" hasLineColor="false" height="13.421875" modelName="internal" modelPosition="c" textColor="#000000" visible="true" width="31.0078125" x="-8.00390625" y="0.7890625">Zagreb</y:NodeLabel>
          <y:Shape type="ellipse"/>
        </y:ShapeNode>
      </data>
    </node>
    <node id="n16">
      <data key="d4">true</data>
      <data key="d5"/>
      <data key="d6"><![CDATA[PoP]]></data>
      <data key="d8"/>
      <data key="d9">
        <y:ShapeNode>
          <y:Geometry height="15.0" width="15.0" x="516.621459961" y="480.465667725"/>
          <y:Fill color="#FFCC00" transparent="false"/>
          <y:BorderStyle color="#000000" type="line" width="1.0"/>
          <y:NodeLabel alignment="center" autoSizePolicy="content" fontFamily="Dialog" fontSize="8" fontStyle="plain" hasBackgroundColor="false" hasLineColor="false" height="13.421875" modelName="internal" modelPosition="c" textColor="#000000" visible="true" width="25.859375" x="-5.4296875" y="0.7890625">Roma</y:NodeLabel>
          <y:Shape type="ellipse"/>
        </y:ShapeNode>
      </data>
    </node>
    <node id="n17">
      <data key="d4">true</data>
      <data key="d5"/>
      <data key="d6"><![CDATA[PoP]]></data>
      <data key="d8"/>
      <data key="d9">
        <y:ShapeNode>
          <y:Geometry height="15.0" width="15.0" x="634.0" y="359.0"/>
          <y:Fill color="#FFCC00" transparent="false"/>
          <y:BorderStyle color="#000000" type="line" width="1.0"/>
          <y:NodeLabel alignment="center" autoSizePolicy="content" fontFamily="Dialog" fontSize="8" fontStyle="plain" hasBackgroundColor="false" hasLineColor="false" height="13.421875" modelName="internal" modelPosition="c" textColor="#000000" visible="true" width="39.58203125" x="-12.291015625" y="0.7890625">Budapest</y:NodeLabel>
          <y:Shape type="ellipse"/>
        </y:ShapeNode>
      </data>
    </node>
    <node id="n18">
      <data key="d4">true</data>
      <data key="d5"/>
      <data key="d6"><![CDATA[PoP]]></data>
      <data key="d8"/>
      <data key="d9">
        <y:ShapeNode>
          <y:Geometry height="15.0" width="15.0" x="746.0" y="415.0"/>
          <y:Fill color="#FFCC00" transparent="false"/>
          <y:BorderStyle color="#000000" type="line" width="1.0"/>
          <y:NodeLabel alignment="center" autoSizePolicy="content" fontFamily="Dialog" fontSize="8" fontStyle="plain" hasBackgroundColor="false" hasLineColor="false" height="13.421875" modelName="internal" modelPosition="c" textColor="#000000" visible="true" width="41.84765625" x="-13.423828125" y="0.7890625">Bucharest</y:NodeLabel>
          <y:Shape type="ellipse"/>
        </y:ShapeNode>
      </data>
    </node>
    <node id="n19">
      <data key="d4">true</data>
      <data key="d5"><![CDATA[Turkey]]></data>
      <data key="d6"><![CDATA[PoP]]></data>
      <data key="d8"/>
      <data key="d9">
        <y:ShapeNode>
          <y:Geometry height="15.0" width="15.0" x="790.0" y="498.0"/>
          <y:Fill color="#FFCC00" transparent="false"/>
          <y:BorderStyle color="#000000" type="line" width="1.0"/>
          <y:NodeLabel alignment="center" autoSizePolicy="content" fontFamily="Dialog" fontSize="8" fontStyle="plain" hasBackgroundColor="false" hasLineColor="false" height="13.421875" modelName="internal" modelPosition="c" textColor="#000000" visible="true" width="35.0703125" x="-10.03515625" y="0.7890625">Istanbul</y:NodeLabel>
          <y:Shape type="ellipse"/>
        </y:ShapeNode>
      </data>
    </node>
    <node id="n20">
      <data key="d4">true</data>
      <data key="d5"/>
      <data key="d6"><![CDATA[PoP]]></data>
      <data key="d8"/>
      <data key="d9">
        <y:ShapeNode>
          <y:Geometry height="15.0" width="15.0" x="715.0" y="471.0"/>
          <y:Fill color="#FFCC00" transparent="false"/>
          <y:BorderStyle color="#000000" type="line" width="1.0"/>
          <y:NodeLabel alignment="center" autoSizePolicy="content" fontFamily="Dialog" fontSize="8" fontStyle="plain" hasBackgroundColor="false" hasLineColor="false" height="13.421875" modelName="internal" modelPosition="c" textColor="#000000" visible="true" width="22.89453125" x="-3.947265625" y="0.7890625">Sofia</y:NodeLabel>
          <y:Shape type="ellipse"/>
        </y:ShapeNode>
      </data>
    </node>
    <node id="n21">
      <data key="d4">true</data>
      <data key="d5"/>
      <data key="d6"><![CDATA[PoP]]></data>
      <data key="d8"/>
      <data key="d9">
        <y:ShapeNode>
          <y:Geometry height="15.0" width="15.0" x="709.0" y="568.0"/>
          <y:Fill color="#FFCC00" transparent="false"/>
          <y:BorderStyle color="#000000" type="line" width="1.0"/>
          <y:NodeLabel alignment="center" autoSizePolicy="content" fontFamily="Dialog" fontSize="8" fontStyle="plain" hasBackgroundColor="false" hasLineColor="false" height="13.421875" modelName="internal" modelPosition="c" textColor="#000000" visible="true" width="30.9765625" x="-7.98828125" y="0.7890625">Athens</y:NodeLabel>
          <y:Shape type="ellipse"/>
        </y:ShapeNode>
      </data>
    </node>
    <node id="n22">
      <data key="d4">true</data>
      <data key="d5"/>
      <data key="d6"><![CDATA[Cityring]]></data>
      <data key="d8"/>
      <data key="d9">
        <y:ShapeNode>
          <y:Geometry height="25.0" width="25.0" x="451.427124023" y="418.116424561"/>
          <y:Fill color="#FF0000" transparent="false"/>
          <y:BorderStyle color="#000000" type="line" width="1.0"/>
          <y:NodeLabel alignment="center" autoSizePolicy="content" fontFamily="Dialog" fontSize="8" fontStyle="plain" hasBackgroundColor="false" hasLineColor="false" height="13.421875" modelName="internal" modelPosition="c" textColor="#000000" visible="true" width="24.8984375" x="0.05078125" y="5.7890625">Milan</y:NodeLabel>
          <y:Shape type="ellipse"/>
        </y:ShapeNode>
      </data>
    </node>
    <node id="n23">
      <data key="d4">true</data>
      <data key="d5"/>
      <data key="d6"><![CDATA[Cityring]]></data>
      <data key="d8"/>
      <data key="d9">
        <y:ShapeNode>
          <y:Geometry height="25.0" width="25.0" x="395.0" y="381.0"/>
          <y:Fill color="#FF0000" transparent="false"/>
          <y:BorderStyle color="#000000" type="line" width="1.0"/>
          <y:NodeLabel alignment="center" autoSizePolicy="content" fontFamily="Dialog" fontSize="8" fontStyle="plain" hasBackgroundColor="false" hasLineColor="false" height="13.421875" modelName="internal" modelPosition="c" textColor="#000000" visible="true" width="32.21875" x="-3.609375" y="5.7890625">Geneva</y:NodeLabel>
          <y:Shape type="ellipse"/>
        </y:ShapeNode>
      </data>
    </node>
    <node id="n24">
      <data key="d4">true</data>
      <data key="d5"/>
      <data key="d6"><![CDATA[Cityring]]></data>
      <data key="d8"/>
      <data key="d9">
        <y:ShapeNode>
          <y:Geometry height="25.0" width="25.0" x="326.0" y="330.0"/>
          <y:Fill color="#FF0000" transparent="false"/>
          <y:BorderStyle color="#000000" type="line" width="1.0"/>
          <y:NodeLabel alignment="center" autoSizePolicy="content" fontFamily="Dialog" fontSize="8" fontStyle="plain" hasBackgroundColor="false" hasLineColor="false" height="13.421875" modelName="internal" modelPosition="c" textColor="#000000" visible="true" width="22.50390625" x="1.248046875" y="5.7890625">Paris</y:NodeLabel>
          <y:Shape type="ellipse"/>
        </y:ShapeNode>
      </data>
    </node>
    <node id="n25">
      <data key="d4">true</data>
      <data key="d5"/>
      <data key="d6"><![CDATA[Cityring]]></data>
      <data key="d8"/>
      <data key="d9">
        <y:ShapeNode>
          <y:Geometry height="25.0" width="25.0" x="286.0" y="254.0"/>
          <y:Fill color="#FF0000" transparent="false"/>
          <y:BorderStyle color="#000000" type="line" width="1.0"/>
          <y:NodeLabel alignment="center" autoSizePolicy="content" fontFamily="Dialog" fontSize="8" fontStyle="plain" hasBackgroundColor="false" hasLineColor="false" height="13.421875" modelName="internal" modelPosition="c" textColor="#000000" visible="true" width="33.05859375" x="-4.029296875" y="5.7890625">London</y:NodeLabel>
          <y:Shape type="ellipse"/>
        </y:ShapeNode>
      </data>
    </node>
    <node id="n26">
      <data key="d4">true</data>
      <data key="d5"/>
      <data key="d6"><![CDATA[Cityring]]></data>
      <data key="d8"/>
      <data key="d9">
        <y:ShapeNode>
          <y:Geometry height="25.0" width="25.0" x="374.0" y="223.0"/>
          <y:Fill color="#FF0000" transparent="false"/>
          <y:BorderStyle color="#000000" type="line" width="1.0"/>
          <y:NodeLabel alignment="center" autoSizePolicy="content" fontFamily="Dialog" fontSize="8" fontStyle="plain" hasBackgroundColor="false" hasLineColor="false" height="13.421875" modelName="internal" modelPosition="c" textColor="#000000" visible="true" width="48.7109375" x="-11.85546875" y="5.7890625">Amsterdam</y:NodeLabel>
          <y:Shape type="ellipse"/>
        </y:ShapeNode>
      </data>
    </node>
    <node id="n27">
      <data key="d4">true</data>
      <data key="d5"/>
      <data key="d6"><![CDATA[Cityring]]></data>
      <data key="d8"/>
      <data key="d9">
        <y:ShapeNode>
          <y:Geometry height="25.0" width="25.0" x="466.0" y="272.0"/>
          <y:Fill color="#FF0000" transparent="false"/>
          <y:BorderStyle color="#000000" type="line" width="1.0"/>
          <y:NodeLabel alignment="center" autoSizePolicy="content" fontFamily="Dialog" fontSize="8" fontStyle="plain" hasBackgroundColor="false" hasLineColor="false" height="13.421875" modelName="internal" modelPosition="c" textColor="#000000" visible="true" width="39.79296875" x="-7.396484375" y="5.7890625">Frankfurt</y:NodeLabel>
          <y:Shape type="ellipse"/>
        </y:ShapeNode>
      </data>
    </node>
    <node id="n28">
      <data key="d4">true</data>
      <data key="d5"/>
      <data key="d6"><![CDATA[Cityring]]></data>
      <data key="d8"/>
      <data key="d9">
        <y:ShapeNode>
          <y:Geometry height="25.0" width="25.0" x="360.0" y="290.0"/>
          <y:Fill color="#FF0000" transparent="false"/>
          <y:BorderStyle color="#000000" type="line" width="1.0"/>
          <y:NodeLabel alignment="center" autoSizePolicy="content" fontFamily="Dialog" fontSize="8" fontStyle="plain" hasBackgroundColor="false" hasLineColor="false" height="13.421875" modelName="internal" modelPosition="c" textColor="#000000" visible="true" width="35.84375" x="-5.421875" y="5.7890625">Brussels</y:NodeLabel>
          <y:Shape type="ellipse"/>
        </y:ShapeNode>
      </data>
    </node>
    <node id="n29">
      <data key="d4">true</data>
      <data key="d5"/>
      <data key="d6"><![CDATA[Cityring]]></data>
      <data key="d8"/>
      <data key="d9">
        <y:ShapeNode>
          <y:Geometry height="25.0" width="25.0" x="432.0" y="373.0"/>
          <y:Fill color="#FF0000" transparent="false"/>
          <y:BorderStyle color="#000000" type="line" width="1.0"/>
          <y:NodeLabel alignment="center" autoSizePolicy="content" fontFamily="Dialog" fontSize="8" fontStyle="plain" hasBackgroundColor="false" hasLineColor="false" height="13.421875" modelName="internal" modelPosition="c" textColor="#000000" visible="true" width="28.44921875" x="-1.724609375" y="5.7890625">Zurich</y:NodeLabel>
          <y:Shape type="ellipse"/>
        </y:ShapeNode>
      </data>
    </node>
    <node id="n30">
      <data key="d4">true</data>
      <data key="d5"/>
      <data key="d6"><![CDATA[PoP]]></data>
      <data key="d8"/>
      <data key="d9">
        <y:ShapeNode>
          <y:Geometry height="15.0" width="15.0" x="469.5" y="365.5"/>
          <y:Fill color="#FFCC00" transparent="false"/>
          <y:BorderStyle color="#000000" type="line" width="1.0"/>
          <y:NodeLabel alignment="center" autoSizePolicy="content" fontFamily="Dialog" fontSize="8" fontStyle="plain" hasBackgroundColor="false" hasLineColor="false" height="13.421875" modelName="internal" modelPosition="c" textColor="#000000" visible="true" width="28.234375" x="-6.6171875" y="0.7890625">Vaduz</y:NodeLabel>
          <y:Shape type="ellipse"/>
        </y:ShapeNode>
      </data>
    </node>
    <node id="n31">
      <data key="d4">true</data>
      <data key="d5"/>
      <data key="d6"><![CDATA[PoP]]></data>
      <data key="d8"/>
      <data key="d9">
        <y:ShapeNode>
          <y:Geometry height="15.0" width="15.0" x="415.536651611" y="332.101745605"/>
          <y:Fill color="#FFCC00" transparent="false"/>
          <y:BorderStyle color="#000000" type="line" width="1.0"/>
          <y:NodeLabel alignment="center" autoSizePolicy="content" fontFamily="Dialog" fontSize="8" fontStyle="plain" hasBackgroundColor="false" hasLineColor="false" height="13.421875" modelName="internal" modelPosition="c" textColor="#000000" visible="true" width="46.24609375" x="-15.623046875" y="0.7890625">Strasbourg</y:NodeLabel>
          <y:Shape type="ellipse"/>
        </y:ShapeNode>
      </data>
    </node>
    <node id="n32">
      <data key="d4">true</data>
      <data key="d5"/>
      <data key="d6"><![CDATA[PoP]]></data>
      <data key="d8"/>
      <data key="d9">
        <y:ShapeNode>
          <y:Geometry height="15.0" width="15.0" x="395.723205566" y="308.983032227"/>
          <y:Fill color="#FFCC00" transparent="false"/>
          <y:BorderStyle color="#000000" type="line" width="1.0"/>
          <y:NodeLabel alignment="center" autoSizePolicy="content" fontFamily="Dialog" fontSize="8" fontStyle="plain" hasBackgroundColor="false" hasLineColor="false" height="13.421875" modelName="internal" modelPosition="c" textColor="#000000" visible="true" width="53.23828125" x="-19.119140625" y="0.7890625">Luxembourg</y:NodeLabel>
          <y:Shape type="ellipse"/>
        </y:ShapeNode>
      </data>
    </node>
    <edge id="e0" source="n0" target="n9">
      <data key="d36"><![CDATA[SDH]]></data>
      <data key="d38"/>
      <data key="d39">
        <y:PolyLineEdge>
          <y:Path sx="0.0" sy="0.0" tx="0.0" ty="0.0">
            <y:Point x="727.825622559" y="225.020797729"/>
          </y:Path>
          <y:LineStyle color="#FF6600" type="line" width="2.0"/>
          <y:Arrows source="none" target="none"/>
          <y:BendStyle smoothed="false"/>
        </y:PolyLineEdge>
      </data>
    </edge>
    <edge id="e1" source="n0" target="n18">
      <data key="d36"><![CDATA[SDH]]></data>
      <data key="d38"/>
      <data key="d39">
        <y:PolyLineEdge>
          <y:Path sx="0.0" sy="0.0" tx="0.0" ty="0.0"/>
          <y:LineStyle color="#FF6600" type="line" width="2.0"/>
          <y:Arrows source="none" target="none"/>
          <y:BendStyle smoothed="false"/>
        </y:PolyLineEdge>
      </data>
    </edge>
    <edge id="e2" source="n1" target="n25">
      <data key="d36"><![CDATA[SDH]]></data>
      <data key="d38"/>
      <data key="d39">
        <y:PolyLineEdge>
          <y:Path sx="0.0" sy="0.0" tx="0.0" ty="0.0"/>
          <y:LineStyle color="#FF6600" type="line" width="2.0"/>
          <y:Arrows source="none" target="none"/>
          <y:BendStyle smoothed="false"/>
        </y:PolyLineEdge>
      </data>
    </edge>
    <edge id="e3" source="n2" target="n25">
      <data key="d36"><![CDATA[SDH]]></data>
      <data key="d38"/>
      <data key="d39">
        <y:PolyLineEdge>
          <y:Path sx="0.0" sy="0.0" tx="0.0" ty="0.0"/>
          <y:LineStyle color="#FF6600" type="line" width="2.0"/>
          <y:Arrows source="none" target="none"/>
          <y:BendStyle smoothed="false"/>
        </y:PolyLineEdge>
      </data>
    </edge>
    <edge id="e4" source="n3" target="n24">
      <data key="d36"><![CDATA[SDH]]></data>
      <data key="d38"/>
      <data key="d39">
        <y:PolyLineEdge>
          <y:Path sx="0.0" sy="0.0" tx="0.0" ty="0.0"/>
          <y:LineStyle color="#FF6600" type="line" width="2.0"/>
          <y:Arrows source="none" target="none"/>
          <y:BendStyle smoothed="false"/>
        </y:PolyLineEdge>
      </data>
    </edge>
    <edge id="e5" source="n3" target="n4">
      <data key="d36"><![CDATA[SDH]]></data>
      <data key="d38"/>
      <data key="d39">
        <y:PolyLineEdge>
          <y:Path sx="0.0" sy="0.0" tx="0.0" ty="0.0"/>
          <y:LineStyle color="#FF6600" type="line" width="2.0"/>
          <y:Arrows source="none" target="none"/>
          <y:BendStyle smoothed="false"/>
        </y:PolyLineEdge>
      </data>
    </edge>
    <edge id="e6" source="n4" target="n5">
      <data key="d36"><![CDATA[SDH]]></data>
      <data key="d38"/>
      <data key="d39">
        <y:PolyLineEdge>
          <y:Path sx="0.0" sy="0.0" tx="0.0" ty="0.0"/>
          <y:LineStyle color="#FF6600" type="line" width="2.0"/>
          <y:Arrows source="none" target="none"/>
          <y:BendStyle smoothed="false"/>
        </y:PolyLineEdge>
      </data>
    </edge>
    <edge id="e7" source="n5" target="n22">
      <data key="d36"><![CDATA[Optic Fiber]]></data>
      <data key="d38"/>
      <data key="d39">
        <y:PolyLineEdge>
          <y:Path sx="0.0" sy="0.0" tx="0.0" ty="0.0"/>
          <y:LineStyle color="#3366FF" type="line" width="4.0"/>
          <y:Arrows source="none" target="none"/>
          <y:BendStyle smoothed="false"/>
        </y:PolyLineEdge>
      </data>
    </edge>
    <edge id="e8" source="n5" target="n6">
      <data key="d36"><![CDATA[Optic Fiber]]></data>
      <data key="d38"/>
      <data key="d39">
        <y:PolyLineEdge>
          <y:Path sx="0.0" sy="0.0" tx="0.0" ty="0.0"/>
          <y:LineStyle color="#3366FF" type="line" width="4.0"/>
          <y:Arrows source="none" target="none"/>
          <y:BendStyle smoothed="false"/>
        </y:PolyLineEdge>
      </data>
    </edge>
    <edge id="e9" source="n6" target="n23">
      <data key="d36"><![CDATA[Optic Fiber]]></data>
      <data key="d38"/>
      <data key="d39">
        <y:PolyLineEdge>
          <y:Path sx="0.0" sy="0.0" tx="0.0" ty="0.0"/>
          <y:LineStyle color="#3366FF" type="line" width="4.0"/>
          <y:Arrows source="none" target="none"/>
          <y:BendStyle smoothed="false"/>
        </y:PolyLineEdge>
      </data>
    </edge>
    <edge id="e10" source="n6" target="n24">
      <data key="d36"><![CDATA[Optic Fiber]]></data>
      <data key="d38"/>
      <data key="d39">
        <y:PolyLineEdge>
          <y:Path sx="0.0" sy="0.0" tx="0.0" ty="0.0"/>
          <y:LineStyle color="#3366FF" type="line" width="4.0"/>
          <y:Arrows source="none" target="none"/>
          <y:BendStyle smoothed="false"/>
        </y:PolyLineEdge>
      </data>
    </edge>
    <edge id="e11" source="n7" target="n31">
      <data key="d36"><![CDATA[SDH]]></data>
      <data key="d38"/>
      <data key="d39">
        <y:PolyLineEdge>
          <y:Path sx="0.0" sy="0.0" tx="0.0" ty="0.0"/>
          <y:LineStyle color="#FF6600" type="line" width="2.0"/>
          <y:Arrows source="none" target="none"/>
          <y:BendStyle smoothed="false"/>
        </y:PolyLineEdge>
      </data>
    </edge>
    <edge id="e12" source="n7" target="n23">
      <data key="d36"><![CDATA[Optic Fiber]]></data>
      <data key="d38"/>
      <data key="d39">
        <y:PolyLineEdge>
          <y:Path sx="0.0" sy="0.0" tx="0.0" ty="0.0"/>
          <y:LineStyle color="#3366FF" type="line" width="4.0"/>
          <y:Arrows source="none" target="none"/>
          <y:BendStyle smoothed="false"/>
        </y:PolyLineEdge>
      </data>
    </edge>
    <edge id="e13" source="n8" target="n27">
      <data key="d36"><![CDATA[SDH]]></data>
      <data key="d38"/>
      <data key="d39">
        <y:PolyLineEdge>
          <y:Path sx="0.0" sy="0.0" tx="0.0" ty="0.0">
            <y:Point x="508.30065918" y="120.04133606"/>
          </y:Path>
          <y:LineStyle color="#FF6600" type="line" width="2.0"/>
          <y:Arrows source="none" target="none"/>
          <y:BendStyle smoothed="false"/>
        </y:PolyLineEdge>
      </data>
    </edge>
    <edge id="e14" source="n9" target="n10">
      <data key="d36"><![CDATA[SDH]]></data>
      <data key="d38"/>
      <data key="d39">
        <y:PolyLineEdge>
          <y:Path sx="0.0" sy="0.0" tx="0.0" ty="0.0"/>
          <y:LineStyle color="#FF6600" type="line" width="2.0"/>
          <y:Arrows source="none" target="none"/>
          <y:BendStyle smoothed="false"/>
        </y:PolyLineEdge>
      </data>
    </edge>
    <edge id="e15" source="n9" target="n27">
      <data key="d36"><![CDATA[SDH]]></data>
      <data key="d38"/>
      <data key="d39">
        <y:PolyLineEdge>
          <y:Path sx="0.0" sy="0.0" tx="0.0" ty="0.0">
            <y:Point x="514.014404297" y="238.537597656"/>
          </y:Path>
          <y:LineStyle color="#FF6600" type="line" width="2.0"/>
          <y:Arrows source="none" target="none"/>
          <y:BendStyle smoothed="false"/>
        </y:PolyLineEdge>
      </data>
    </edge>
    <edge id="e16" source="n10" target="n12">
      <data key="d36"><![CDATA[SDH]]></data>
      <data key="d38"/>
      <data key="d39">
        <y:PolyLineEdge>
          <y:Path sx="0.0" sy="0.0" tx="0.0" ty="0.0"/>
          <y:LineStyle color="#FF6600" type="line" width="2.0"/>
          <y:Arrows source="none" target="none"/>
          <y:BendStyle smoothed="false"/>
        </y:PolyLineEdge>
      </data>
    </edge>
    <edge id="e17" source="n10" target="n27">
      <data key="d36"><![CDATA[SDH]]></data>
      <data key="d38"/>
      <data key="d39">
        <y:PolyLineEdge>
          <y:Path sx="0.0" sy="0.0" tx="0.0" ty="0.0"/>
          <y:LineStyle color="#FF6600" type="line" width="2.0"/>
          <y:Arrows source="none" target="none"/>
          <y:BendStyle smoothed="false"/>
        </y:PolyLineEdge>
      </data>
    </edge>
    <edge id="e18" source="n11" target="n26">
      <data key="d36"><![CDATA[Optic Fiber]]></data>
      <data key="d38"/>
      <data key="d39">
        <y:PolyLineEdge>
          <y:Path sx="0.0" sy="0.0" tx="0.0" ty="0.0"/>
          <y:LineStyle color="#3366FF" type="line" width="4.0"/>
          <y:Arrows source="none" target="none"/>
          <y:BendStyle smoothed="false"/>
        </y:PolyLineEdge>
      </data>
    </edge>
    <edge id="e19" source="n11" target="n28">
      <data key="d36"><![CDATA[Optic Fiber]]></data>
      <data key="d38"/>
      <data key="d39">
        <y:PolyLineEdge>
          <y:Path sx="0.0" sy="0.0" tx="0.0" ty="0.0"/>
          <y:LineStyle color="#3366FF" type="line" width="4.0"/>
          <y:Arrows source="none" target="none"/>
          <y:BendStyle smoothed="false"/>
        </y:PolyLineEdge>
      </data>
    </edge>
    <edge id="e20" source="n12" target="n17">
      <data key="d36"><![CDATA[SDH]]></data>
      <data key="d38"/>
      <data key="d39">
        <y:PolyLineEdge>
          <y:Path sx="0.0" sy="0.0" tx="0.0" ty="0.0"/>
          <y:LineStyle color="#FF6600" type="line" width="2.0"/>
          <y:Arrows source="none" target="none"/>
          <y:BendStyle smoothed="false"/>
        </y:PolyLineEdge>
      </data>
    </edge>
    <edge id="e21" source="n12" target="n13">
      <data key="d36"><![CDATA[SDH]]></data>
      <data key="d38"/>
      <data key="d39">
        <y:PolyLineEdge>
          <y:Path sx="0.0" sy="0.0" tx="0.0" ty="0.0"/>
          <y:LineStyle color="#FF6600" type="line" width="2.0"/>
          <y:Arrows source="none" target="none"/>
          <y:BendStyle smoothed="false"/>
        </y:PolyLineEdge>
      </data>
    </edge>
    <edge id="e22" source="n13" target="n22">
      <data key="d36"><![CDATA[SDH]]></data>
      <data key="d38"/>
      <data key="d39">
        <y:PolyLineEdge>
          <y:Path sx="0.0" sy="0.0" tx="0.0" ty="0.0"/>
          <y:LineStyle color="#FF6600" type="line" width="2.0"/>
          <y:Arrows source="none" target="none"/>
          <y:BendStyle smoothed="false"/>
        </y:PolyLineEdge>
      </data>
    </edge>
    <edge id="e23" source="n13" target="n27">
      <data key="d36"><![CDATA[SDH]]></data>
      <data key="d38"/>
      <data key="d39">
        <y:PolyLineEdge>
          <y:Path sx="0.0" sy="0.0" tx="0.0" ty="0.0">
            <y:Point x="510.659942627" y="334.73727417"/>
          </y:Path>
          <y:LineStyle color="#FF6600" type="line" width="2.0"/>
          <y:Arrows source="none" target="none"/>
          <y:BendStyle smoothed="false"/>
        </y:PolyLineEdge>
      </data>
    </edge>
    <edge id="e24" source="n14" target="n15">
      <data key="d36"><![CDATA[SDH]]></data>
      <data key="d38"/>
      <data key="d39">
        <y:PolyLineEdge>
          <y:Path sx="0.0" sy="0.0" tx="0.0" ty="0.0"/>
          <y:LineStyle color="#FF6600" type="line" width="2.0"/>
          <y:Arrows source="none" target="none"/>
          <y:BendStyle smoothed="false"/>
        </y:PolyLineEdge>
      </data>
    </edge>
    <edge id="e25" source="n15" target="n17">
      <data key="d36"><![CDATA[SDH]]></data>
      <data key="d38"/>
      <data key="d39">
        <y:PolyLineEdge>
          <y:Path sx="0.0" sy="0.0" tx="0.0" ty="0.0"/>
          <y:LineStyle color="#FF6600" type="line" width="2.0"/>
          <y:Arrows source="none" target="none"/>
          <y:BendStyle smoothed="false"/>
        </y:PolyLineEdge>
      </data>
    </edge>
    <edge id="e26" source="n16" target="n22">
      <data key="d36"><![CDATA[SDH]]></data>
      <data key="d38"/>
      <data key="d39">
        <y:PolyLineEdge>
          <y:Path sx="0.0" sy="0.0" tx="0.0" ty="0.0"/>
          <y:LineStyle color="#FF6600" type="line" width="2.0"/>
          <y:Arrows source="none" target="none"/>
          <y:BendStyle smoothed="false"/>
        </y:PolyLineEdge>
      </data>
    </edge>
    <edge id="e27" source="n16" target="n29">
      <data key="d36"><![CDATA[SDH]]></data>
      <data key="d38"/>
      <data key="d39">
        <y:PolyLineEdge>
          <y:Path sx="0.0" sy="0.0" tx="0.0" ty="0.0"/>
          <y:LineStyle color="#FF6600" type="line" width="2.0"/>
          <y:Arrows source="none" target="none"/>
          <y:BendStyle smoothed="false"/>
        </y:PolyLineEdge>
      </data>
    </edge>
    <edge id="e28" source="n17" target="n20">
      <data key="d36"><![CDATA[SDH]]></data>
      <data key="d38"/>
      <data key="d39">
        <y:PolyLineEdge>
          <y:Path sx="0.0" sy="0.0" tx="0.0" ty="0.0"/>
          <y:LineStyle color="#FF6600" type="line" width="2.0"/>
          <y:Arrows source="none" target="none"/>
          <y:BendStyle smoothed="false"/>
        </y:PolyLineEdge>
      </data>
    </edge>
    <edge id="e29" source="n17" target="n18">
      <data key="d36"><![CDATA[SDH]]></data>
      <data key="d38"/>
      <data key="d39">
        <y:PolyLineEdge>
          <y:Path sx="0.0" sy="0.0" tx="0.0" ty="0.0"/>
          <y:LineStyle color="#FF6600" type="line" width="2.0"/>
          <y:Arrows source="none" target="none"/>
          <y:BendStyle smoothed="false"/>
        </y:PolyLineEdge>
      </data>
    </edge>
    <edge id="e30" source="n18" target="n19">
      <data key="d36"><![CDATA[SDH]]></data>
      <data key="d38"/>
      <data key="d39">
        <y:PolyLineEdge>
          <y:Path sx="0.0" sy="0.0" tx="0.0" ty="0.0"/>
          <y:LineStyle color="#FF6600" type="line" width="2.0"/>
          <y:Arrows source="none" target="none"/>
          <y:BendStyle smoothed="false"/>
        </y:PolyLineEdge>
      </data>
    </edge>
    <edge id="e31" source="n19" target="n21">
      <data key="d36"><![CDATA[SDH]]></data>
      <data key="d38"/>
      <data key="d39">
        <y:PolyLineEdge>
          <y:Path sx="0.0" sy="0.0" tx="0.0" ty="0.0"/>
          <y:LineStyle color="#FF6600" type="line" width="2.0"/>
          <y:Arrows source="none" target="none"/>
          <y:BendStyle smoothed="false"/>
        </y:PolyLineEdge>
      </data>
    </edge>
    <edge id="e32" source="n20" target="n21">
      <data key="d36"><![CDATA[SDH]]></data>
      <data key="d38"/>
      <data key="d39">
        <y:PolyLineEdge>
          <y:Path sx="0.0" sy="0.0" tx="0.0" ty="0.0"/>
          <y:LineStyle color="#FF6600" type="line" width="2.0"/>
          <y:Arrows source="none" target="none"/>
          <y:BendStyle smoothed="false"/>
        </y:PolyLineEdge>
      </data>
    </edge>
    <edge id="e33" source="n22" target="n29">
      <data key="d36"><![CDATA[Optic Fiber]]></data>
      <data key="d38"/>
      <data key="d39">
        <y:PolyLineEdge>
          <y:Path sx="0.0" sy="0.0" tx="0.0" ty="0.0">
            <y:Point x="450.366821289" y="393.719665527"/>
          </y:Path>
          <y:LineStyle color="#3366FF" type="line" width="4.0"/>
          <y:Arrows source="none" target="none"/>
          <y:BendStyle smoothed="false"/>
        </y:PolyLineEdge>
      </data>
    </edge>
    <edge id="e34" source="n23" target="n24">
      <data key="d36"><![CDATA[Optic Fiber]]></data>
      <data key="d38"/>
      <data key="d39">
        <y:PolyLineEdge>
          <y:Path sx="0.0" sy="0.0" tx="0.0" ty="0.0"/>
          <y:LineStyle color="#3366FF" type="line" width="4.0"/>
          <y:Arrows source="none" target="none"/>
          <y:BendStyle smoothed="false"/>
        </y:PolyLineEdge>
      </data>
    </edge>
    <edge id="e35" source="n23" target="n29">
      <data key="d36"><![CDATA[Optic Fiber]]></data>
      <data key="d38"/>
      <data key="d39">
        <y:PolyLineEdge>
          <y:Path sx="0.0" sy="0.0" tx="0.0" ty="0.0"/>
          <y:LineStyle color="#3366FF" type="line" width="4.0"/>
          <y:Arrows source="none" target="none"/>
          <y:BendStyle smoothed="false"/>
        </y:PolyLineEdge>
      </data>
    </edge>
    <edge id="e36" source="n24" target="n25">
      <data key="d36"><![CDATA[Optic Fiber]]></data>
      <data key="d38"/>
      <data key="d39">
        <y:PolyLineEdge>
          <y:Path sx="0.0" sy="0.0" tx="0.0" ty="0.0"/>
          <y:LineStyle color="#3366FF" type="line" width="4.0"/>
          <y:Arrows source="none" target="none"/>
          <y:BendStyle smoothed="false"/>
        </y:PolyLineEdge>
      </data>
    </edge>
    <edge id="e37" source="n24" target="n28">
      <data key="d36"><![CDATA[Optic Fiber]]></data>
      <data key="d38"/>
      <data key="d39">
        <y:PolyLineEdge>
          <y:Path sx="0.0" sy="0.0" tx="0.0" ty="0.0"/>
          <y:LineStyle color="#3366FF" type="line" width="4.0"/>
          <y:Arrows source="none" target="none"/>
          <y:BendStyle smoothed="false"/>
        </y:PolyLineEdge>
      </data>
    </edge>
    <edge id="e38" source="n25" target="n26">
      <data key="d36"><![CDATA[Optic Fiber]]></data>
      <data key="d38"/>
      <data key="d39">
        <y:PolyLineEdge>
          <y:Path sx="0.0" sy="0.0" tx="0.0" ty="0.0"/>
          <y:LineStyle color="#3366FF" type="line" width="4.0"/>
          <y:Arrows source="none" target="none"/>
          <y:BendStyle smoothed="false"/>
        </y:PolyLineEdge>
      </data>
    </edge>
    <edge id="e39" source="n25" target="n28">
      <data key="d36"><![CDATA[Optic Fiber]]></data>
      <data key="d38"/>
      <data key="d39">
        <y:PolyLineEdge>
          <y:Path sx="0.0" sy="0.0" tx="0.0" ty="0.0"/>
          <y:LineStyle color="#3366FF" type="line" width="4.0"/>
          <y:Arrows source="none" target="none"/>
          <y:BendStyle smoothed="false"/>
        </y:PolyLineEdge>
      </data>
    </edge>
    <edge id="e40" source="n26" target="n27">
      <data key="d36"><![CDATA[Optic Fiber]]></data>
      <data key="d38"/>
      <data key="d39">
        <y:PolyLineEdge>
          <y:Path sx="0.0" sy="0.0" tx="0.0" ty="0.0"/>
          <y:LineStyle color="#3366FF" type="line" width="4.0"/>
          <y:Arrows source="none" target="none"/>
          <y:BendStyle smoothed="false"/>
        </y:PolyLineEdge>
      </data>
    </edge>
    <edge id="e41" source="n26" target="n28">
      <data key="d36"><![CDATA[Optic Fiber]]></data>
      <data key="d38"/>
      <data key="d39">
        <y:PolyLineEdge>
          <y:Path sx="0.0" sy="0.0" tx="0.0" ty="0.0">
            <y:Point x="387.190124512" y="247.443313599"/>
          </y:Path>
          <y:LineStyle color="#3366FF" type="line" width="4.0"/>
          <y:Arrows source="none" target="none"/>
          <y:BendStyle smoothed="false"/>
        </y:PolyLineEdge>
      </data>
    </edge>
    <edge id="e42" source="n27" target="n31">
      <data key="d36"><![CDATA[Optic Fiber]]></data>
      <data key="d38"/>
      <data key="d39">
        <y:PolyLineEdge>
          <y:Path sx="0.0" sy="0.0" tx="0.0" ty="0.0"/>
          <y:LineStyle color="#3366FF" type="line" width="4.0"/>
          <y:Arrows source="none" target="none"/>
          <y:BendStyle smoothed="false"/>
        </y:PolyLineEdge>
      </data>
    </edge>
    <edge id="e43" source="n27" target="n28">
      <data key="d36"><![CDATA[Optic Fiber]]></data>
      <data key="d38"/>
      <data key="d39">
        <y:PolyLineEdge>
          <y:Path sx="0.0" sy="0.0" tx="0.0" ty="0.0"/>
          <y:LineStyle color="#3366FF" type="line" width="4.0"/>
          <y:Arrows source="none" target="none"/>
          <y:BendStyle smoothed="false"/>
        </y:PolyLineEdge>
      </data>
    </edge>
    <edge id="e44" source="n27" target="n29">
      <data key="d36"><![CDATA[Optic Fiber]]></data>
      <data key="d38"/>
      <data key="d39">
        <y:PolyLineEdge>
          <y:Path sx="0.0" sy="0.0" tx="0.0" ty="0.0"/>
          <y:LineStyle color="#3366FF" type="line" width="4.0"/>
          <y:Arrows source="none" target="none"/>
          <y:BendStyle smoothed="false"/>
        </y:PolyLineEdge>
      </data>
    </edge>
    <edge id="e45" source="n28" target="n32">
      <data key="d36"><![CDATA[Optic Fiber]]></data>
      <data key="d38"/>
      <data key="d39">
        <y:PolyLineEdge>
          <y:Path sx="0.0" sy="0.0" tx="0.0" ty="0.0">
            <y:Point x="375.917938232" y="309.047149658"/>
          </y:Path>
          <y:LineStyle color="#3366FF" type="line" width="4.0"/>
          <y:Arrows source="none" target="none"/>
          <y:BendStyle smoothed="false"/>
        </y:PolyLineEdge>
      </data>
    </edge>
    <edge id="e46" source="n29" target="n30">
      <data key="d36"><![CDATA[SDH]]></data>
      <data key="d38"/>
      <data key="d39">
        <y:PolyLineEdge>
          <y:Path sx="0.0" sy="0.0" tx="0.0" ty="0.0"/>
          <y:LineStyle color="#FF6600" type="line" width="2.0"/>
          <y:Arrows source="none" target="none"/>
          <y:BendStyle smoothed="false"/>
        </y:PolyLineEdge>
      </data>
    </edge>
    <edge id="e47" source="n31" target="n32">
      <data key="d36"><![CDATA[SDH]]></data>
      <data key="d38"/>
      <data key="d39">
        <y:PolyLineEdge>
          <y:Path sx="0.0" sy="0.0" tx="0.0" ty="0.0"/>
          <y:LineStyle color="#FF6600" type="line" width="2.0"/>
          <y:Arrows source="none" target="none"/>
          <y:BendStyle smoothed="false"/>
        </y:PolyLineEdge>
      </data>
    </edge>
  </graph>
  <data key="d0">
    <y:Resources/>
  </data>
</graphml>
