<?xml version="1.0" encoding="UTF-8" standalone="no"?>
<graphml xmlns="http://graphml.graphdrawing.org/xmlns" xmlns:xsi="http://www.w3.org/2001/XMLSchema-instance" xmlns:y="http://www.yworks.com/xml/graphml" xmlns:yed="http://www.yworks.com/xml/yed/3" xsi:schemaLocation="http://graphml.graphdrawing.org/xmlns http://www.yworks.com/xml/schema/graphml/1.1/ygraphml.xsd">
  <!--Created by yFiles for Java 2.8-->
  <key for="graphml" id="d0" yfiles.type="resources"/>
  <key for="port" id="d1" yfiles.type="portgraphics"/>
  <key for="port" id="d2" yfiles.type="portgeometry"/>
  <key for="port" id="d3" yfiles.type="portuserdata"/>
  <key attr.name="Internal" attr.type="boolean" for="node" id="d4"/>
  <key attr.name="url" attr.type="string" for="node" id="d5"/>
  <key attr.name="description" attr.type="string" for="node" id="d6"/>
  <key for="node" id="d7" yfiles.type="nodegraphics"/>
  <key attr.name="Access" attr.type="boolean" for="graph" id="d8"/>
  <key attr.name="Backbone" attr.type="boolean" for="graph" id="d9"/>
  <key attr.name="Commercial" attr.type="boolean" for="graph" id="d10"/>
  <key attr.name="Creator" attr.type="string" for="graph" id="d11"/>
  <key attr.name="Customer" attr.type="boolean" for="graph" id="d12"/>
  <key attr.name="DateModifier" attr.type="string" for="graph" id="d13"/>
  <key attr.name="DateMonth" attr.type="string" for="graph" id="d14"/>
  <key attr.name="DateObtained" attr.type="string" for="graph" id="d15"/>
  <key attr.name="DateType" attr.type="string" for="graph" id="d16"/>
  <key attr.name="DateYear" attr.type="string" for="graph" id="d17"/>
  <key attr.name="Developed" attr.type="boolean" for="graph" id="d18"/>
  <key attr.name="GeoExtent" attr.type="string" for="graph" id="d19"/>
  <key attr.name="GeoLocation" attr.type="string" for="graph" id="d20"/>
  <key attr.name="IX" attr.type="boolean" for="graph" id="d21"/>
  <key attr.name="LastAccess" attr.type="string" for="graph" id="d22"/>
  <key attr.name="LastProcessed" attr.type="string" for="graph" id="d23"/>
  <key attr.name="Layer" attr.type="string" for="graph" id="d24"/>
  <key attr.name="Network" attr.type="string" for="graph" id="d25"/>
  <key attr.name="NetworkDate" attr.type="string" for="graph" id="d26"/>
  <key attr.name="Note" attr.type="string" for="graph" id="d27"/>
  <key attr.name="Provenance" attr.type="string" for="graph" id="d28"/>
  <key attr.name="Source" attr.type="string" for="graph" id="d29"/>
  <key attr.name="Testbed" attr.type="boolean" for="graph" id="d30"/>
  <key attr.name="Transit" attr.type="boolean" for="graph" id="d31"/>
  <key attr.name="Type" attr.type="string" for="graph" id="d32"/>
  <key attr.name="Version" attr.type="string" for="graph" id="d33"/>
  <key attr.name="url" attr.type="string" for="edge" id="d34"/>
  <key attr.name="description" attr.type="string" for="edge" id="d35"/>
  <key for="edge" id="d36" yfiles.type="edgegraphics"/>
  <graph edgedefault="directed" id="G">
    <data key="d8">false</data>
    <data key="d9">true</data>
    <data key="d10">false</data>
    <data key="d11"><![CDATA[Topology Zoo Toolset]]></data>
    <data key="d12">true</data>
    <data key="d13"><![CDATA[=]]></data>
    <data key="d14"><![CDATA[08]]></data>
    <data key="d15"><![CDATA[16/11/10]]></data>
    <data key="d16"><![CDATA[Dynamic]]></data>
    <data key="d17"><![CDATA[2010]]></data>
    <data key="d18">false</data>
    <data key="d19"><![CDATA[Global]]></data>
    <data key="d20"><![CDATA[Global]]></data>
    <data key="d21">false</data>
    <data key="d22"><![CDATA[3/08/10]]></data>
    <data key="d23"><![CDATA[2011_09_01]]></data>
    <data key="d24"><![CDATA[IP]]></data>
    <data key="d25"><![CDATA[Deutsche Telekom ]]></data>
    <data key="d26"><![CDATA[2010_08]]></data>
    <data key="d27"><![CDATA[Wholesale services only. DT also sells to general public. IP Transit and IP PoPs only shown on map.]]></data>
    <data key="d28"><![CDATA[Primary]]></data>
    <data key="d29"><![CDATA[http://www.deutschetelekom-icss.com/dtag/cms/contentblob/ICSS/en/330364/blobBinary/Interactive-Network-Map-gross-mo.swf]]></data>
    <data key="d30">false</data>
    <data key="d31">true</data>
    <data key="d32"><![CDATA[COM]]></data>
    <data key="d33"><![CDATA[1.0]]></data>
    <node id="n0">
      <data key="d4">true</data>
      <data key="d6"/>
      <data key="d7">
        <y:ShapeNode>
          <y:Geometry height="18.0" width="18.0" x="2279.22045898" y="-68.2535018921"/>
          <y:Fill color="#FFCC00" transparent="false"/>
          <y:BorderStyle color="#000000" type="line" width="1.0"/>
          <y:NodeLabel alignment="center" autoSizePolicy="content" fontFamily="Dialog" fontSize="8" fontStyle="plain" hasBackgroundColor="false" hasLineColor="false" height="13.421875" modelName="internal" modelPosition="c" textColor="#000000" visible="true" width="52.69921875" x="-17.349609375" y="2.2890625">Copenhagen</y:NodeLabel>
          <y:Shape type="ellipse"/>
        </y:ShapeNode>
      </data>
    </node>
    <node id="n1">
      <data key="d4">true</data>
      <data key="d6"/>
      <data key="d7">
        <y:ShapeNode>
          <y:Geometry height="18.0" width="18.0" x="2390.58056641" y="-200.733505249"/>
          <y:Fill color="#FFCC00" transparent="false"/>
          <y:BorderStyle color="#000000" type="line" width="1.0"/>
          <y:NodeLabel alignment="center" autoSizePolicy="content" fontFamily="Dialog" fontSize="8" fontStyle="plain" hasBackgroundColor="false" hasLineColor="false" height="13.421875" modelName="internal" modelPosition="c" textColor="#000000" visible="true" width="44.6484375" x="-13.32421875" y="2.2890625">Stockholm</y:NodeLabel>
          <y:Shape type="ellipse"/>
        </y:ShapeNode>
      </data>
    </node>
    <node id="n2">
      <data key="d4">true</data>
      <data key="d6"/>
      <data key="d7">
        <y:ShapeNode>
          <y:Geometry height="18.0" width="18.0" x="2458.42041016" y="49.5065002441"/>
          <y:Fill color="#FFCC00" transparent="false"/>
          <y:BorderStyle color="#000000" type="line" width="1.0"/>
          <y:NodeLabel alignment="center" autoSizePolicy="content" fontFamily="Dialog" fontSize="8" fontStyle="plain" hasBackgroundColor="false" hasLineColor="false" height="13.421875" modelName="internal" modelPosition="c" textColor="#000000" visible="true" width="33.1953125" x="-7.59765625" y="2.289062500000007">Warsaw</y:NodeLabel>
          <y:Shape type="ellipse"/>
        </y:ShapeNode>
      </data>
    </node>
    <node id="n3">
      <data key="d4">true</data>
      <data key="d6"/>
      <data key="d7">
        <y:ShapeNode>
          <y:Geometry height="18.0" width="18.0" x="2777.14038086" y="-100.893501282"/>
          <y:Fill color="#FFCC00" transparent="false"/>
          <y:BorderStyle color="#000000" type="line" width="1.0"/>
          <y:NodeLabel alignment="center" autoSizePolicy="content" fontFamily="Dialog" fontSize="8" fontStyle="plain" hasBackgroundColor="false" hasLineColor="false" height="13.421875" modelName="internal" modelPosition="c" textColor="#000000" visible="true" width="35.05859375" x="-8.529296875" y="2.2890625">Moscow</y:NodeLabel>
          <y:Shape type="ellipse"/>
        </y:ShapeNode>
      </data>
    </node>
    <node id="n4">
      <data key="d4">true</data>
      <data key="d6"/>
      <data key="d7">
        <y:ShapeNode>
          <y:Geometry height="18.0" width="18.0" x="2292.66040039" y="29.0265007019"/>
          <y:Fill color="#FFCC00" transparent="false"/>
          <y:BorderStyle color="#000000" type="line" width="1.0"/>
          <y:NodeLabel alignment="center" autoSizePolicy="content" fontFamily="Dialog" fontSize="8" fontStyle="plain" hasBackgroundColor="false" hasLineColor="false" height="13.421875" modelName="internal" modelPosition="c" textColor="#000000" visible="true" width="25.921875" x="-3.9609375" y="2.2890625000000036">Berlin</y:NodeLabel>
          <y:Shape type="ellipse"/>
        </y:ShapeNode>
      </data>
    </node>
    <node id="n5">
      <data key="d4">true</data>
      <data key="d6"/>
      <data key="d7">
        <y:ShapeNode>
          <y:Geometry height="18.0" width="18.0" x="2287.54052734" y="73.826499939"/>
          <y:Fill color="#FFCC00" transparent="false"/>
          <y:BorderStyle color="#000000" type="line" width="1.0"/>
          <y:NodeLabel alignment="center" autoSizePolicy="content" fontFamily="Dialog" fontSize="8" fontStyle="plain" hasBackgroundColor="false" hasLineColor="false" height="13.421875" modelName="internal" modelPosition="c" textColor="#000000" visible="true" width="31.95703125" x="-6.978515625" y="2.2890625">Leipzig</y:NodeLabel>
          <y:Shape type="ellipse"/>
        </y:ShapeNode>
      </data>
    </node>
    <node id="n6">
      <data key="d4">true</data>
      <data key="d6"/>
      <data key="d7">
        <y:ShapeNode>
          <y:Geometry height="18.0" width="18.0" x="2339.38061523" y="95.5865020752"/>
          <y:Fill color="#FFCC00" transparent="false"/>
          <y:BorderStyle color="#000000" type="line" width="1.0"/>
          <y:NodeLabel alignment="center" autoSizePolicy="content" fontFamily="Dialog" fontSize="8" fontStyle="plain" hasBackgroundColor="false" hasLineColor="false" height="13.421875" modelName="internal" modelPosition="c" textColor="#000000" visible="true" width="30.5234375" x="-6.26171875" y="2.2890625">Prague</y:NodeLabel>
          <y:Shape type="ellipse"/>
        </y:ShapeNode>
      </data>
    </node>
    <node id="n7">
      <data key="d4">true</data>
      <data key="d6"/>
      <data key="d7">
        <y:ShapeNode>
          <y:Geometry height="18.0" width="18.0" x="2284.34057617" y="110.946502686"/>
          <y:Fill color="#FFCC00" transparent="false"/>
          <y:BorderStyle color="#000000" type="line" width="1.0"/>
          <y:NodeLabel alignment="center" autoSizePolicy="content" fontFamily="Dialog" fontSize="8" fontStyle="plain" hasBackgroundColor="false" hasLineColor="false" height="13.421875" modelName="internal" modelPosition="c" textColor="#000000" visible="true" width="47.828125" x="-14.9140625" y="2.2890625">Nuremberg</y:NodeLabel>
          <y:Shape type="ellipse"/>
        </y:ShapeNode>
      </data>
    </node>
    <node id="n8">
      <data key="d4">true</data>
      <data key="d6"/>
      <data key="d7">
        <y:ShapeNode>
          <y:Geometry height="18.0" width="18.0" x="2368.18041992" y="141.666503906"/>
          <y:Fill color="#FFCC00" transparent="false"/>
          <y:BorderStyle color="#000000" type="line" width="1.0"/>
          <y:NodeLabel alignment="center" autoSizePolicy="content" fontFamily="Dialog" fontSize="8" fontStyle="plain" hasBackgroundColor="false" hasLineColor="false" height="13.421875" modelName="internal" modelPosition="c" textColor="#000000" visible="true" width="30.34765625" x="-6.173828125" y="2.2890625">Vienna</y:NodeLabel>
          <y:Shape type="ellipse"/>
        </y:ShapeNode>
      </data>
    </node>
    <node id="n9">
      <data key="d4">true</data>
      <data key="d6"/>
      <data key="d7">
        <y:ShapeNode>
          <y:Geometry height="18.0" width="18.0" x="2288.82055664" y="143.586502075"/>
          <y:Fill color="#FFCC00" transparent="false"/>
          <y:BorderStyle color="#000000" type="line" width="1.0"/>
          <y:NodeLabel alignment="center" autoSizePolicy="content" fontFamily="Dialog" fontSize="8" fontStyle="plain" hasBackgroundColor="false" hasLineColor="false" height="13.421875" modelName="internal" modelPosition="c" textColor="#000000" visible="true" width="32.1953125" x="-7.09765625" y="2.2890625">Munich</y:NodeLabel>
          <y:Shape type="ellipse"/>
        </y:ShapeNode>
      </data>
    </node>
    <node id="n10">
      <data key="d4">true</data>
      <data key="d6"/>
      <data key="d7">
        <y:ShapeNode>
          <y:Geometry height="18.0" width="18.0" x="2430.26049805" y="169.18649292"/>
          <y:Fill color="#FFCC00" transparent="false"/>
          <y:BorderStyle color="#000000" type="line" width="1.0"/>
          <y:NodeLabel alignment="center" autoSizePolicy="content" fontFamily="Dialog" fontSize="8" fontStyle="plain" hasBackgroundColor="false" hasLineColor="false" height="13.421875" modelName="internal" modelPosition="c" textColor="#000000" visible="true" width="39.58203125" x="-10.791015625" y="2.2890625">Budapest</y:NodeLabel>
          <y:Shape type="ellipse"/>
        </y:ShapeNode>
      </data>
    </node>
    <node id="n11">
      <data key="d4">true</data>
      <data key="d6"/>
      <data key="d7">
        <y:ShapeNode>
          <y:Geometry height="18.0" width="18.0" x="2237.62060547" y="146.146499634"/>
          <y:Fill color="#FFCC00" transparent="false"/>
          <y:BorderStyle color="#000000" type="line" width="1.0"/>
          <y:NodeLabel alignment="center" autoSizePolicy="content" fontFamily="Dialog" fontSize="8" fontStyle="plain" hasBackgroundColor="false" hasLineColor="false" height="13.421875" modelName="internal" modelPosition="c" textColor="#000000" visible="true" width="37.921875" x="-9.9609375" y="2.2890625">Stuttgart</y:NodeLabel>
          <y:Shape type="ellipse"/>
        </y:ShapeNode>
      </data>
    </node>
    <node id="n12">
      <data key="d4">true</data>
      <data key="d6"/>
      <data key="d7">
        <y:ShapeNode>
          <y:Geometry height="18.0" width="18.0" x="2223.54052734" y="168.54649353"/>
          <y:Fill color="#FFCC00" transparent="false"/>
          <y:BorderStyle color="#000000" type="line" width="1.0"/>
          <y:NodeLabel alignment="center" autoSizePolicy="content" fontFamily="Dialog" fontSize="8" fontStyle="plain" hasBackgroundColor="false" hasLineColor="false" height="13.421875" modelName="internal" modelPosition="c" textColor="#000000" visible="true" width="28.44921875" x="-5.224609375" y="2.2890625">Zurich</y:NodeLabel>
          <y:Shape type="ellipse"/>
        </y:ShapeNode>
      </data>
    </node>
    <node id="n13">
      <data key="d4">true</data>
      <data key="d6"/>
      <data key="d7">
        <y:ShapeNode>
          <y:Geometry height="18.0" width="18.0" x="2177.46044922" y="192.866500854"/>
          <y:Fill color="#FFCC00" transparent="false"/>
          <y:BorderStyle color="#000000" type="line" width="1.0"/>
          <y:NodeLabel alignment="center" autoSizePolicy="content" fontFamily="Dialog" fontSize="8" fontStyle="plain" hasBackgroundColor="false" hasLineColor="false" height="13.421875" modelName="internal" modelPosition="c" textColor="#000000" visible="true" width="32.21875" x="-7.109375" y="2.2890625">Geneva</y:NodeLabel>
          <y:Shape type="ellipse"/>
        </y:ShapeNode>
      </data>
    </node>
    <node id="n14">
      <data key="d4">true</data>
      <data key="d6"/>
      <data key="d7">
        <y:ShapeNode>
          <y:Geometry height="18.0" width="18.0" x="2235.06054688" y="237.666503906"/>
          <y:Fill color="#FFCC00" transparent="false"/>
          <y:BorderStyle color="#000000" type="line" width="1.0"/>
          <y:NodeLabel alignment="center" autoSizePolicy="content" fontFamily="Dialog" fontSize="8" fontStyle="plain" hasBackgroundColor="false" hasLineColor="false" height="13.421875" modelName="internal" modelPosition="c" textColor="#000000" visible="true" width="24.8984375" x="-3.44921875" y="2.2890625">Milan</y:NodeLabel>
          <y:Shape type="ellipse"/>
        </y:ShapeNode>
      </data>
    </node>
    <node id="n15">
      <data key="d4">true</data>
      <data key="d6"/>
      <data key="d7">
        <y:ShapeNode>
          <y:Geometry height="18.0" width="18.0" x="2098.10058594" y="331.106506348"/>
          <y:Fill color="#FFCC00" transparent="false"/>
          <y:BorderStyle color="#000000" type="line" width="1.0"/>
          <y:NodeLabel alignment="center" autoSizePolicy="content" fontFamily="Dialog" fontSize="8" fontStyle="plain" hasBackgroundColor="false" hasLineColor="false" height="13.421875" modelName="internal" modelPosition="c" textColor="#000000" visible="true" width="41.45703125" x="-11.728515625" y="2.2890625">Barcelona</y:NodeLabel>
          <y:Shape type="ellipse"/>
        </y:ShapeNode>
      </data>
    </node>
    <node id="n16">
      <data key="d4">true</data>
      <data key="d6"/>
      <data key="d7">
        <y:ShapeNode>
          <y:Geometry height="18.0" width="18.0" x="1973.94055176" y="351.586486816"/>
          <y:Fill color="#FFCC00" transparent="false"/>
          <y:BorderStyle color="#000000" type="line" width="1.0"/>
          <y:NodeLabel alignment="center" autoSizePolicy="content" fontFamily="Dialog" fontSize="8" fontStyle="plain" hasBackgroundColor="false" hasLineColor="false" height="13.421875" modelName="internal" modelPosition="c" textColor="#000000" visible="true" width="30.96484375" x="-6.482421875" y="2.2890625">Madrid</y:NodeLabel>
          <y:Shape type="ellipse"/>
        </y:ShapeNode>
      </data>
    </node>
    <node id="n17">
      <data key="d4">true</data>
      <data key="d6"/>
      <data key="d7">
        <y:ShapeNode>
          <y:Geometry height="18.0" width="18.0" x="1863.22045898" y="420.066497803"/>
          <y:Fill color="#FFCC00" transparent="false"/>
          <y:BorderStyle color="#000000" type="line" width="1.0"/>
          <y:NodeLabel alignment="center" autoSizePolicy="content" fontFamily="Dialog" fontSize="8" fontStyle="plain" hasBackgroundColor="false" hasLineColor="false" height="13.421875" modelName="internal" modelPosition="c" textColor="#000000" visible="true" width="29.5703125" x="-5.78515625" y="2.2890625">Lisbon</y:NodeLabel>
          <y:Shape type="ellipse"/>
        </y:ShapeNode>
      </data>
    </node>
    <node id="n18">
      <data key="d4">true</data>
      <data key="d6"/>
      <data key="d7">
        <y:ShapeNode>
          <y:Geometry height="18.0" width="18.0" x="2105.14038086" y="125.026496887"/>
          <y:Fill color="#FFCC00" transparent="false"/>
          <y:BorderStyle color="#000000" type="line" width="1.0"/>
          <y:NodeLabel alignment="center" autoSizePolicy="content" fontFamily="Dialog" fontSize="8" fontStyle="plain" hasBackgroundColor="false" hasLineColor="false" height="13.421875" modelName="internal" modelPosition="c" textColor="#000000" visible="true" width="22.50390625" x="-2.251953125" y="2.289062500000014">Paris</y:NodeLabel>
          <y:Shape type="ellipse"/>
        </y:ShapeNode>
      </data>
    </node>
    <node id="n19">
      <data key="d4">true</data>
      <data key="d6"/>
      <data key="d7">
        <y:ShapeNode>
          <y:Geometry height="18.0" width="18.0" x="2031.54052734" y="53.9864997864"/>
          <y:Fill color="#FFCC00" transparent="false"/>
          <y:BorderStyle color="#000000" type="line" width="1.0"/>
          <y:NodeLabel alignment="center" autoSizePolicy="content" fontFamily="Dialog" fontSize="8" fontStyle="plain" hasBackgroundColor="false" hasLineColor="false" height="13.421875" modelName="internal" modelPosition="c" textColor="#000000" visible="true" width="33.05859375" x="-7.529296875" y="2.2890625">London</y:NodeLabel>
          <y:Shape type="ellipse"/>
        </y:ShapeNode>
      </data>
    </node>
    <node id="n20">
      <data key="d4">true</data>
      <data key="d6"/>
      <data key="d7">
        <y:ShapeNode>
          <y:Geometry height="18.0" width="18.0" x="2140.34057617" y="28.3864994049"/>
          <y:Fill color="#FFCC00" transparent="false"/>
          <y:BorderStyle color="#000000" type="line" width="1.0"/>
          <y:NodeLabel alignment="center" autoSizePolicy="content" fontFamily="Dialog" fontSize="8" fontStyle="plain" hasBackgroundColor="false" hasLineColor="false" height="13.421875" modelName="internal" modelPosition="c" textColor="#000000" visible="true" width="48.7109375" x="-15.35546875" y="2.2890625">Amsterdam</y:NodeLabel>
          <y:Shape type="ellipse"/>
        </y:ShapeNode>
      </data>
    </node>
    <node id="n21">
      <data key="d4">true</data>
      <data key="d6"/>
      <data key="d7">
        <y:ShapeNode>
          <y:Geometry height="18.0" width="18.0" x="2230.58056641" y="50.7864990234"/>
          <y:Fill color="#FFCC00" transparent="false"/>
          <y:BorderStyle color="#000000" type="line" width="1.0"/>
          <y:NodeLabel alignment="center" autoSizePolicy="content" fontFamily="Dialog" fontSize="8" fontStyle="plain" hasBackgroundColor="false" hasLineColor="false" height="13.421875" modelName="internal" modelPosition="c" textColor="#000000" visible="true" width="36.046875" x="-9.0234375" y="2.2890625">Hanover</y:NodeLabel>
          <y:Shape type="ellipse"/>
        </y:ShapeNode>
      </data>
    </node>
    <node id="n22">
      <data key="d4">true</data>
      <data key="d6"/>
      <data key="d7">
        <y:ShapeNode>
          <y:Geometry height="18.0" width="18.0" x="2199.22045898" y="97.5065002441"/>
          <y:Fill color="#FFCC00" transparent="false"/>
          <y:BorderStyle color="#000000" type="line" width="1.0"/>
          <y:NodeLabel alignment="center" autoSizePolicy="content" fontFamily="Dialog" fontSize="8" fontStyle="plain" hasBackgroundColor="false" hasLineColor="false" height="13.421875" modelName="internal" modelPosition="c" textColor="#000000" visible="true" width="36.0859375" x="-9.04296875" y="2.2890625">Cologne</y:NodeLabel>
          <y:Shape type="ellipse"/>
        </y:ShapeNode>
      </data>
    </node>
    <node id="n23">
      <data key="d4">true</data>
      <data key="d6"/>
      <data key="d7">
        <y:ShapeNode>
          <y:Geometry height="18.0" width="18.0" x="2224.69238281" y="113.378501892"/>
          <y:Fill color="#FFCC00" transparent="false"/>
          <y:BorderStyle color="#000000" type="line" width="1.0"/>
          <y:NodeLabel alignment="center" autoSizePolicy="content" fontFamily="Dialog" fontSize="8" fontStyle="plain" hasBackgroundColor="false" hasLineColor="false" height="13.421875" modelName="internal" modelPosition="c" textColor="#000000" visible="true" width="39.79296875" x="-10.896484375" y="2.2890625">Frankfurt</y:NodeLabel>
          <y:Shape type="ellipse"/>
        </y:ShapeNode>
      </data>
    </node>
    <node id="n24">
      <data key="d4">true</data>
      <data key="d6"/>
      <data key="d7">
        <y:ShapeNode>
          <y:Geometry height="18.0" width="18.0" x="2182.83642578" y="78.4345016479"/>
          <y:Fill color="#FFCC00" transparent="false"/>
          <y:BorderStyle color="#000000" type="line" width="1.0"/>
          <y:NodeLabel alignment="center" autoSizePolicy="content" fontFamily="Dialog" fontSize="8" fontStyle="plain" hasBackgroundColor="false" hasLineColor="false" height="13.421875" modelName="internal" modelPosition="c" textColor="#000000" visible="true" width="46.046875" x="-14.0234375" y="2.2890625">Dusseldorf</y:NodeLabel>
          <y:Shape type="ellipse"/>
        </y:ShapeNode>
      </data>
    </node>
    <node id="n25">
      <data key="d4">true</data>
      <data key="d6"/>
      <data key="d7">
        <y:ShapeNode>
          <y:Geometry height="18.0" width="18.0" x="2203.70043945" y="67.4264984131"/>
          <y:Fill color="#FFCC00" transparent="false"/>
          <y:BorderStyle color="#000000" type="line" width="1.0"/>
          <y:NodeLabel alignment="center" autoSizePolicy="content" fontFamily="Dialog" fontSize="8" fontStyle="plain" hasBackgroundColor="false" hasLineColor="false" height="13.421875" modelName="internal" modelPosition="c" textColor="#000000" visible="true" width="43.60546875" x="-12.802734375" y="2.2890625">Dortmund</y:NodeLabel>
          <y:Shape type="ellipse"/>
        </y:ShapeNode>
      </data>
    </node>
    <node id="n26">
      <data key="d4">true</data>
      <data key="d6"/>
      <data key="d7">
        <y:ShapeNode>
          <y:Geometry height="18.0" width="18.0" x="2221.23657227" y="-11.1654996872"/>
          <y:Fill color="#FFCC00" transparent="false"/>
          <y:BorderStyle color="#000000" type="line" width="1.0"/>
          <y:NodeLabel alignment="center" autoSizePolicy="content" fontFamily="Dialog" fontSize="8" fontStyle="plain" hasBackgroundColor="false" hasLineColor="false" height="13.421875" modelName="internal" modelPosition="c" textColor="#000000" visible="true" width="40.02734375" x="-11.013671875" y="2.2890625">Hamburg</y:NodeLabel>
          <y:Shape type="ellipse"/>
        </y:ShapeNode>
      </data>
    </node>
    <node id="n27">
      <data key="d4">true</data>
      <data key="d6"/>
      <data key="d7">
        <y:ShapeNode>
          <y:Geometry height="18.0" width="18.0" x="1199.18054199" y="155.219833374"/>
          <y:Fill color="#FFCC00" transparent="false"/>
          <y:BorderStyle color="#000000" type="line" width="1.0"/>
          <y:NodeLabel alignment="center" autoSizePolicy="content" fontFamily="Dialog" fontSize="8" fontStyle="plain" hasBackgroundColor="false" hasLineColor="false" height="13.421875" modelName="internal" modelPosition="c" textColor="#000000" visible="true" width="36.80078125" x="-9.400390625" y="2.2890625">Ashburn</y:NodeLabel>
          <y:Shape type="ellipse"/>
        </y:ShapeNode>
      </data>
    </node>
    <node id="n28">
      <data key="d4">true</data>
      <data key="d6"/>
      <data key="d7">
        <y:ShapeNode>
          <y:Geometry height="18.0" width="18.0" x="1300.78051758" y="79.219833374"/>
          <y:Fill color="#FFCC00" transparent="false"/>
          <y:BorderStyle color="#000000" type="line" width="1.0"/>
          <y:NodeLabel alignment="center" autoSizePolicy="content" fontFamily="Dialog" fontSize="8" fontStyle="plain" hasBackgroundColor="false" hasLineColor="false" height="13.421875" modelName="internal" modelPosition="c" textColor="#000000" visible="true" width="40.91015625" x="-11.455078125" y="2.2890625">New York</y:NodeLabel>
          <y:Shape type="ellipse"/>
        </y:ShapeNode>
      </data>
    </node>
    <node id="n29">
      <data key="d4">true</data>
      <data key="d6"/>
      <data key="d7">
        <y:ShapeNode>
          <y:Geometry height="18.0" width="18.0" x="1229.61254883" y="16.8326339722"/>
          <y:Fill color="#FFCC00" transparent="false"/>
          <y:BorderStyle color="#000000" type="line" width="1.0"/>
          <y:NodeLabel alignment="center" autoSizePolicy="content" fontFamily="Dialog" fontSize="8" fontStyle="plain" hasBackgroundColor="false" hasLineColor="false" height="13.421875" modelName="internal" modelPosition="c" textColor="#000000" visible="true" width="35.03125" x="-8.515625" y="2.2890625">Toronto</y:NodeLabel>
          <y:Shape type="ellipse"/>
        </y:ShapeNode>
      </data>
    </node>
    <node id="n30">
      <data key="d4">true</data>
      <data key="d6"/>
      <data key="d7">
        <y:ShapeNode>
          <y:Geometry height="18.0" width="18.0" x="1091.37255859" y="35.7766342163"/>
          <y:Fill color="#FFCC00" transparent="false"/>
          <y:BorderStyle color="#000000" type="line" width="1.0"/>
          <y:NodeLabel alignment="center" autoSizePolicy="content" fontFamily="Dialog" fontSize="8" fontStyle="plain" hasBackgroundColor="false" hasLineColor="false" height="13.421875" modelName="internal" modelPosition="c" textColor="#000000" visible="true" width="35.23046875" x="-8.615234375" y="2.2890625">Chicago</y:NodeLabel>
          <y:Shape type="ellipse"/>
        </y:ShapeNode>
      </data>
    </node>
    <node id="n31">
      <data key="d4">true</data>
      <data key="d6"/>
      <data key="d7">
        <y:ShapeNode>
          <y:Geometry height="18.0" width="18.0" x="1227.56445312" y="152.512634277"/>
          <y:Fill color="#FFCC00" transparent="false"/>
          <y:BorderStyle color="#000000" type="line" width="1.0"/>
          <y:NodeLabel alignment="center" autoSizePolicy="content" fontFamily="Dialog" fontSize="8" fontStyle="plain" hasBackgroundColor="false" hasLineColor="false" height="13.421875" modelName="internal" modelPosition="c" textColor="#000000" visible="true" width="49.44140625" x="-15.720703125" y="2.2890625">Washington</y:NodeLabel>
          <y:Shape type="ellipse"/>
        </y:ShapeNode>
      </data>
    </node>
    <node id="n32">
      <data key="d4">true</data>
      <data key="d6"/>
      <data key="d7">
        <y:ShapeNode>
          <y:Geometry height="18.0" width="18.0" x="1136.94055176" y="345.024627686"/>
          <y:Fill color="#FFCC00" transparent="false"/>
          <y:BorderStyle color="#000000" type="line" width="1.0"/>
          <y:NodeLabel alignment="center" autoSizePolicy="content" fontFamily="Dialog" fontSize="8" fontStyle="plain" hasBackgroundColor="false" hasLineColor="false" height="13.421875" modelName="internal" modelPosition="c" textColor="#000000" visible="true" width="27.40234375" x="-4.701171875" y="2.2890625">Miami</y:NodeLabel>
          <y:Shape type="ellipse"/>
        </y:ShapeNode>
      </data>
    </node>
    <node id="n33">
      <data key="d4">true</data>
      <data key="d6"/>
      <data key="d7">
        <y:ShapeNode>
          <y:Geometry height="18.0" width="18.0" x="614.700500488" y="144.320632935"/>
          <y:Fill color="#FFCC00" transparent="false"/>
          <y:BorderStyle color="#000000" type="line" width="1.0"/>
          <y:NodeLabel alignment="center" autoSizePolicy="content" fontFamily="Dialog" fontSize="8" fontStyle="plain" hasBackgroundColor="false" hasLineColor="false" height="13.421875" modelName="internal" modelPosition="c" textColor="#000000" visible="true" width="50.56640625" x="-16.283203125" y="2.2890625">Los Angeles</y:NodeLabel>
          <y:Shape type="ellipse"/>
        </y:ShapeNode>
      </data>
    </node>
    <node id="n34">
      <data key="d4">true</data>
      <data key="d6"/>
      <data key="d7">
        <y:ShapeNode>
          <y:Geometry height="18.0" width="18.0" x="593.708496094" y="95.6806335449"/>
          <y:Fill color="#FFCC00" transparent="false"/>
          <y:BorderStyle color="#000000" type="line" width="1.0"/>
          <y:NodeLabel alignment="center" autoSizePolicy="content" fontFamily="Dialog" fontSize="8" fontStyle="plain" hasBackgroundColor="false" hasLineColor="false" height="13.421875" modelName="internal" modelPosition="c" textColor="#000000" visible="true" width="38.3359375" x="-10.16796875" y="2.2890625">Palo Alto</y:NodeLabel>
          <y:Shape type="ellipse"/>
        </y:ShapeNode>
      </data>
    </node>
    <node id="n35">
      <data key="d4">true</data>
      <data key="d6"/>
      <data key="d7">
        <y:ShapeNode>
          <y:Geometry height="18.0" width="18.0" x="604.358093262" y="113.19103241"/>
          <y:Fill color="#FFCC00" transparent="false"/>
          <y:BorderStyle color="#000000" type="line" width="1.0"/>
          <y:NodeLabel alignment="center" autoSizePolicy="content" fontFamily="Dialog" fontSize="8" fontStyle="plain" hasBackgroundColor="false" hasLineColor="false" height="13.421875" modelName="internal" modelPosition="c" textColor="#000000" visible="true" width="36.16015625" x="-9.080078125" y="2.289062499999986">San Jose</y:NodeLabel>
          <y:Shape type="ellipse"/>
        </y:ShapeNode>
      </data>
    </node>
    <node id="n36">
      <data key="d4">true</data>
      <data key="d6"/>
      <data key="d7">
        <y:ShapeNode>
          <y:Geometry height="18.0" width="18.0" x="195.701904297" y="215.401229858"/>
          <y:Fill color="#FFCC00" transparent="false"/>
          <y:BorderStyle color="#000000" type="line" width="1.0"/>
          <y:NodeLabel alignment="center" autoSizePolicy="content" fontFamily="Dialog" fontSize="8" fontStyle="plain" hasBackgroundColor="false" hasLineColor="false" height="13.421875" modelName="internal" modelPosition="c" textColor="#000000" visible="true" width="47.3671875" x="-14.68359375" y="2.2890625">Hong Kong</y:NodeLabel>
          <y:Shape type="ellipse"/>
        </y:ShapeNode>
      </data>
    </node>
    <node id="n37">
      <data key="d4">true</data>
      <data key="d6"/>
      <data key="d7">
        <y:ShapeNode>
          <y:Geometry height="18.0" width="18.0" x="161.141906738" y="372.20123291"/>
          <y:Fill color="#FFCC00" transparent="false"/>
          <y:BorderStyle color="#000000" type="line" width="1.0"/>
          <y:NodeLabel alignment="center" autoSizePolicy="content" fontFamily="Dialog" fontSize="8" fontStyle="plain" hasBackgroundColor="false" hasLineColor="false" height="13.421875" modelName="internal" modelPosition="c" textColor="#000000" visible="true" width="42.671875" x="-12.3359375" y="2.2890625">Singapore</y:NodeLabel>
          <y:Shape type="ellipse"/>
        </y:ShapeNode>
      </data>
    </node>
    <node id="n38">
      <data key="d4">true</data>
      <data key="d6"/>
      <data key="d7">
        <y:ShapeNode>
          <y:Geometry height="18.0" width="18.0" x="322.421905518" y="102.761230469"/>
          <y:Fill color="#FFCC00" transparent="false"/>
          <y:BorderStyle color="#000000" type="line" width="1.0"/>
          <y:NodeLabel alignment="center" autoSizePolicy="content" fontFamily="Dialog" fontSize="8" fontStyle="plain" hasBackgroundColor="false" hasLineColor="false" height="13.421875" modelName="internal" modelPosition="c" textColor="#000000" visible="true" width="27.7421875" x="-4.87109375" y="2.2890625">Tokyo</y:NodeLabel>
          <y:Shape type="ellipse"/>
        </y:ShapeNode>
      </data>
    </node>
    <edge id="e0" source="n0" target="n1">
      <data key="d35"/>
      <data key="d36">
        <y:PolyLineEdge>
          <y:Path sx="0.0" sy="0.0" tx="0.0" ty="0.0">
            <y:Point x="2278.06860352" y="-153.501495361"/>
          </y:Path>
          <y:LineStyle color="#00FF00" type="line" width="1.0"/>
          <y:Arrows source="none" target="none"/>
          <y:BendStyle smoothed="false"/>
        </y:PolyLineEdge>
      </data>
    </edge>
    <edge id="e1" source="n0" target="n26">
      <data key="d35"/>
      <data key="d36">
        <y:PolyLineEdge>
          <y:Path sx="0.0" sy="0.0" tx="0.0" ty="0.0">
            <y:Point x="2237.10839844" y="-41.373500824"/>
          </y:Path>
          <y:LineStyle color="#00FF00" type="line" width="1.0"/>
          <y:Arrows source="none" target="none"/>
          <y:BendStyle smoothed="false"/>
        </y:PolyLineEdge>
      </data>
    </edge>
    <edge id="e2" source="n1" target="n26">
      <data key="d35"/>
      <data key="d36">
        <y:PolyLineEdge>
          <y:Path sx="0.0" sy="0.0" tx="0.0" ty="0.0">
            <y:Point x="2295.4765625" y="-40.3494987488"/>
          </y:Path>
          <y:LineStyle color="#00FF00" type="line" width="1.0"/>
          <y:Arrows source="none" target="none"/>
          <y:BendStyle smoothed="false"/>
        </y:PolyLineEdge>
      </data>
    </edge>
    <edge id="e3" source="n2" target="n4">
      <data key="d35"/>
      <data key="d36">
        <y:PolyLineEdge>
          <y:Path sx="0.0" sy="0.0" tx="0.0" ty="0.0">
            <y:Point x="2361.01245117" y="46.6904983521"/>
          </y:Path>
          <y:LineStyle color="#00FF00" type="line" width="1.0"/>
          <y:Arrows source="none" target="none"/>
          <y:BendStyle smoothed="false"/>
        </y:PolyLineEdge>
      </data>
    </edge>
    <edge id="e4" source="n2" target="n7">
      <data key="d35"/>
      <data key="d36">
        <y:PolyLineEdge>
          <y:Path sx="0.0" sy="0.0" tx="0.0" ty="0.0">
            <y:Point x="2290.8684082" y="92.2584991455"/>
          </y:Path>
          <y:LineStyle color="#00FF00" type="line" width="1.0"/>
          <y:Arrows source="none" target="none"/>
          <y:BendStyle smoothed="false"/>
        </y:PolyLineEdge>
      </data>
    </edge>
    <edge id="e5" source="n3" target="n23">
      <data key="d35"/>
      <data key="d36">
        <y:PolyLineEdge>
          <y:Path sx="0.0" sy="0.0" tx="0.0" ty="0.0">
            <y:Point x="2270.38842773" y="92.2584991455"/>
          </y:Path>
          <y:LineStyle color="#00FF00" type="line" width="1.0"/>
          <y:Arrows source="none" target="none"/>
          <y:BendStyle smoothed="false"/>
        </y:PolyLineEdge>
      </data>
    </edge>
    <edge id="e6" source="n5" target="n27">
      <data key="d35"/>
      <data key="d36">
        <y:PolyLineEdge>
          <y:Path sx="0.0" sy="0.0" tx="0.0" ty="0.0">
            <y:Point x="2228.91650391" y="7.77850008011"/>
          </y:Path>
          <y:LineStyle color="#00FF00" type="line" width="1.0"/>
          <y:Arrows source="none" target="none"/>
          <y:BendStyle smoothed="false"/>
        </y:PolyLineEdge>
      </data>
    </edge>
    <edge id="e7" source="n5" target="n28">
      <data key="d35"/>
      <data key="d36">
        <y:PolyLineEdge>
          <y:Path sx="0.0" sy="0.0" tx="0.0" ty="0.0">
            <y:Point x="1461.83007812" y="-1.01056671143"/>
          </y:Path>
          <y:LineStyle color="#00FF00" type="line" width="1.0"/>
          <y:Arrows source="none" target="none"/>
          <y:BendStyle smoothed="false"/>
        </y:PolyLineEdge>
      </data>
    </edge>
    <edge id="e8" source="n6" target="n8">
      <data key="d35"/>
      <data key="d36">
        <y:PolyLineEdge>
          <y:Path sx="0.0" sy="0.0" tx="0.0" ty="0.0"/>
          <y:LineStyle color="#00FF00" type="line" width="1.0"/>
          <y:Arrows source="none" target="none"/>
          <y:BendStyle smoothed="false"/>
        </y:PolyLineEdge>
      </data>
    </edge>
    <edge id="e9" source="n6" target="n7">
      <data key="d35"/>
      <data key="d36">
        <y:PolyLineEdge>
          <y:Path sx="0.0" sy="0.0" tx="0.0" ty="0.0">
            <y:Point x="2321.07641602" y="117.346496582"/>
          </y:Path>
          <y:LineStyle color="#00FF00" type="line" width="1.0"/>
          <y:Arrows source="none" target="none"/>
          <y:BendStyle smoothed="false"/>
        </y:PolyLineEdge>
      </data>
    </edge>
    <edge id="e10" source="n8" target="n9">
      <data key="d35"/>
      <data key="d36">
        <y:PolyLineEdge>
          <y:Path sx="0.0" sy="0.0" tx="0.0" ty="0.0">
            <y:Point x="2327.73242188" y="130.658493042"/>
          </y:Path>
          <y:LineStyle color="#00FF00" type="line" width="1.0"/>
          <y:Arrows source="none" target="none"/>
          <y:BendStyle smoothed="false"/>
        </y:PolyLineEdge>
      </data>
    </edge>
    <edge id="e11" source="n8" target="n10">
      <data key="d35"/>
      <data key="d36">
        <y:PolyLineEdge>
          <y:Path sx="0.0" sy="0.0" tx="0.0" ty="0.0"/>
          <y:LineStyle color="#00FF00" type="line" width="1.0"/>
          <y:Arrows source="none" target="none"/>
          <y:BendStyle smoothed="false"/>
        </y:PolyLineEdge>
      </data>
    </edge>
    <edge id="e12" source="n9" target="n10">
      <data key="d35"/>
      <data key="d36">
        <y:PolyLineEdge>
          <y:Path sx="0.0" sy="0.0" tx="0.0" ty="0.0">
            <y:Point x="2381.49243164" y="174.178497314"/>
          </y:Path>
          <y:LineStyle color="#00FF00" type="line" width="1.0"/>
          <y:Arrows source="none" target="none"/>
          <y:BendStyle smoothed="false"/>
        </y:PolyLineEdge>
      </data>
    </edge>
    <edge id="e13" source="n11" target="n12">
      <data key="d35"/>
      <data key="d36">
        <y:PolyLineEdge>
          <y:Path sx="0.0" sy="0.0" tx="0.0" ty="0.0">
            <y:Point x="2218.67651367" y="152.162506104"/>
          </y:Path>
          <y:LineStyle color="#00FF00" type="line" width="1.0"/>
          <y:Arrows source="none" target="none"/>
          <y:BendStyle smoothed="false"/>
        </y:PolyLineEdge>
      </data>
    </edge>
    <edge id="e14" source="n12" target="n18">
      <data key="d35"/>
      <data key="d36">
        <y:PolyLineEdge>
          <y:Path sx="0.0" sy="0.0" tx="0.0" ty="0.0">
            <y:Point x="2161.84448242" y="175.714492798"/>
          </y:Path>
          <y:LineStyle color="#00FF00" type="line" width="1.0"/>
          <y:Arrows source="none" target="none"/>
          <y:BendStyle smoothed="false"/>
        </y:PolyLineEdge>
      </data>
    </edge>
    <edge id="e15" source="n12" target="n13">
      <data key="d35"/>
      <data key="d36">
        <y:PolyLineEdge>
          <y:Path sx="0.0" sy="0.0" tx="0.0" ty="0.0">
            <y:Point x="2196.66040039" y="191.586502075"/>
          </y:Path>
          <y:LineStyle color="#00FF00" type="line" width="1.0"/>
          <y:Arrows source="none" target="none"/>
          <y:BendStyle smoothed="false"/>
        </y:PolyLineEdge>
      </data>
    </edge>
    <edge id="e16" source="n12" target="n14">
      <data key="d35"/>
      <data key="d36">
        <y:PolyLineEdge>
          <y:Path sx="0.0" sy="0.0" tx="0.0" ty="0.0"/>
          <y:LineStyle color="#00FF00" type="line" width="1.0"/>
          <y:Arrows source="none" target="none"/>
          <y:BendStyle smoothed="false"/>
        </y:PolyLineEdge>
      </data>
    </edge>
    <edge id="e17" source="n12" target="n15">
      <data key="d35"/>
      <data key="d36">
        <y:PolyLineEdge>
          <y:Path sx="0.0" sy="0.0" tx="0.0" ty="0.0">
            <y:Point x="2130.61254883" y="319.074493408"/>
          </y:Path>
          <y:LineStyle color="#00FF00" type="line" width="1.0"/>
          <y:Arrows source="none" target="none"/>
          <y:BendStyle smoothed="false"/>
        </y:PolyLineEdge>
      </data>
    </edge>
    <edge id="e18" source="n13" target="n18">
      <data key="d35"/>
      <data key="d36">
        <y:PolyLineEdge>
          <y:Path sx="0.0" sy="0.0" tx="0.0" ty="0.0">
            <y:Point x="2096.30859375" y="156.258499146"/>
          </y:Path>
          <y:LineStyle color="#00FF00" type="line" width="1.0"/>
          <y:Arrows source="none" target="none"/>
          <y:BendStyle smoothed="false"/>
        </y:PolyLineEdge>
      </data>
    </edge>
    <edge id="e19" source="n13" target="n14">
      <data key="d35"/>
      <data key="d36">
        <y:PolyLineEdge>
          <y:Path sx="0.0" sy="0.0" tx="0.0" ty="0.0">
            <y:Point x="2202.29248047" y="233.570495605"/>
          </y:Path>
          <y:LineStyle color="#00FF00" type="line" width="1.0"/>
          <y:Arrows source="none" target="none"/>
          <y:BendStyle smoothed="false"/>
        </y:PolyLineEdge>
      </data>
    </edge>
    <edge id="e20" source="n14" target="n18">
      <data key="d35"/>
      <data key="d36">
        <y:PolyLineEdge>
          <y:Path sx="0.0" sy="0.0" tx="0.0" ty="0.0">
            <y:Point x="2129.07641602" y="235.106506348"/>
          </y:Path>
          <y:LineStyle color="#00FF00" type="line" width="1.0"/>
          <y:Arrows source="none" target="none"/>
          <y:BendStyle smoothed="false"/>
        </y:PolyLineEdge>
      </data>
    </edge>
    <edge id="e21" source="n15" target="n16">
      <data key="d35"/>
      <data key="d36">
        <y:PolyLineEdge>
          <y:Path sx="0.0" sy="0.0" tx="0.0" ty="0.0">
            <y:Point x="2075.82861328" y="346.722503662"/>
          </y:Path>
          <y:LineStyle color="#00FF00" type="line" width="1.0"/>
          <y:Arrows source="none" target="none"/>
          <y:BendStyle smoothed="false"/>
        </y:PolyLineEdge>
      </data>
    </edge>
    <edge id="e22" source="n16" target="n17">
      <data key="d35"/>
      <data key="d36">
        <y:PolyLineEdge>
          <y:Path sx="0.0" sy="0.0" tx="0.0" ty="0.0"/>
          <y:LineStyle color="#00FF00" type="line" width="1.0"/>
          <y:Arrows source="none" target="none"/>
          <y:BendStyle smoothed="false"/>
        </y:PolyLineEdge>
      </data>
    </edge>
    <edge id="e23" source="n16" target="n18">
      <data key="d35"/>
      <data key="d36">
        <y:PolyLineEdge>
          <y:Path sx="0.0" sy="0.0" tx="0.0" ty="0.0">
            <y:Point x="2035.89245605" y="193.122497559"/>
          </y:Path>
          <y:LineStyle color="#00FF00" type="line" width="1.0"/>
          <y:Arrows source="none" target="none"/>
          <y:BendStyle smoothed="false"/>
        </y:PolyLineEdge>
      </data>
    </edge>
    <edge id="e24" source="n18" target="n19">
      <data key="d35"/>
      <data key="d36">
        <y:PolyLineEdge>
          <y:Path sx="0.0" sy="0.0" tx="0.0" ty="0.0">
            <y:Point x="2086.58056641" y="128.098495483"/>
          </y:Path>
          <y:LineStyle color="#00FF00" type="line" width="1.0"/>
          <y:Arrows source="none" target="none"/>
          <y:BendStyle smoothed="false"/>
        </y:PolyLineEdge>
      </data>
    </edge>
    <edge id="e25" source="n18" target="n20">
      <data key="d35"/>
      <data key="d36">
        <y:PolyLineEdge>
          <y:Path sx="0.0" sy="0.0" tx="0.0" ty="0.0">
            <y:Point x="2113.20458984" y="29.2824993134"/>
          </y:Path>
          <y:LineStyle color="#00FF00" type="line" width="1.0"/>
          <y:Arrows source="none" target="none"/>
          <y:BendStyle smoothed="false"/>
        </y:PolyLineEdge>
      </data>
    </edge>
    <edge id="e26" source="n18" target="n23">
      <data key="d35"/>
      <data key="d36">
        <y:PolyLineEdge>
          <y:Path sx="0.0" sy="0.0" tx="0.0" ty="0.0">
            <y:Point x="2153.14038086" y="130.658493042"/>
          </y:Path>
          <y:LineStyle color="#00FF00" type="line" width="1.0"/>
          <y:Arrows source="none" target="none"/>
          <y:BendStyle smoothed="false"/>
        </y:PolyLineEdge>
      </data>
    </edge>
    <edge id="e27" source="n18" target="n27">
      <data key="d35"/>
      <data key="d36">
        <y:PolyLineEdge>
          <y:Path sx="0.0" sy="0.0" tx="0.0" ty="0.0">
            <y:Point x="1381.01086426" y="234.048629761"/>
          </y:Path>
          <y:LineStyle color="#00FF00" type="line" width="1.0"/>
          <y:Arrows source="none" target="none"/>
          <y:BendStyle smoothed="false"/>
        </y:PolyLineEdge>
      </data>
    </edge>
    <edge id="e28" source="n19" target="n20">
      <data key="d35"/>
      <data key="d36">
        <y:PolyLineEdge>
          <y:Path sx="0.0" sy="0.0" tx="0.0" ty="0.0">
            <y:Point x="2134.1965332" y="6.75449991226"/>
          </y:Path>
          <y:LineStyle color="#00FF00" type="line" width="1.0"/>
          <y:Arrows source="none" target="none"/>
          <y:BendStyle smoothed="false"/>
        </y:PolyLineEdge>
      </data>
    </edge>
    <edge id="e29" source="n19" target="n23">
      <data key="d35"/>
      <data key="d36">
        <y:PolyLineEdge>
          <y:Path sx="0.0" sy="0.0" tx="0.0" ty="0.0">
            <y:Point x="2038.45251465" y="104.54650116"/>
          </y:Path>
          <y:LineStyle color="#00FF00" type="line" width="1.0"/>
          <y:Arrows source="none" target="none"/>
          <y:BendStyle smoothed="false"/>
        </y:PolyLineEdge>
      </data>
    </edge>
    <edge id="e30" source="n19" target="n24">
      <data key="d35"/>
      <data key="d36">
        <y:PolyLineEdge>
          <y:Path sx="0.0" sy="0.0" tx="0.0" ty="0.0">
            <y:Point x="2097.33251953" y="69.7304992676"/>
          </y:Path>
          <y:LineStyle color="#00FF00" type="line" width="1.0"/>
          <y:Arrows source="none" target="none"/>
          <y:BendStyle smoothed="false"/>
        </y:PolyLineEdge>
      </data>
    </edge>
    <edge id="e31" source="n19" target="n27">
      <data key="d35"/>
      <data key="d36">
        <y:PolyLineEdge>
          <y:Path sx="0.0" sy="0.0" tx="0.0" ty="0.0">
            <y:Point x="1919.66845703" y="106.594497681"/>
          </y:Path>
          <y:LineStyle color="#00FF00" type="line" width="1.0"/>
          <y:Arrows source="none" target="none"/>
          <y:BendStyle smoothed="false"/>
        </y:PolyLineEdge>
      </data>
    </edge>
    <edge id="e32" source="n19" target="n28">
      <data key="d35"/>
      <data key="d36">
        <y:PolyLineEdge>
          <y:Path sx="0.0" sy="0.0" tx="0.0" ty="0.0">
            <y:Point x="1914.54846191" y="87.1384963989"/>
          </y:Path>
          <y:LineStyle color="#00FF00" type="line" width="1.0"/>
          <y:Arrows source="none" target="none"/>
          <y:BendStyle smoothed="false"/>
        </y:PolyLineEdge>
      </data>
    </edge>
    <edge id="e33" source="n20" target="n24">
      <data key="d35"/>
      <data key="d36">
        <y:PolyLineEdge>
          <y:Path sx="0.0" sy="0.0" tx="0.0" ty="0.0">
            <y:Point x="2167.4765625" y="37.9864997864"/>
          </y:Path>
          <y:LineStyle color="#00FF00" type="line" width="1.0"/>
          <y:Arrows source="none" target="none"/>
          <y:BendStyle smoothed="false"/>
        </y:PolyLineEdge>
      </data>
    </edge>
    <edge id="e34" source="n20" target="n26">
      <data key="d35"/>
      <data key="d36">
        <y:PolyLineEdge>
          <y:Path sx="0.0" sy="0.0" tx="0.0" ty="0.0">
            <y:Point x="2176.69238281" y="-3.99749994278"/>
          </y:Path>
          <y:LineStyle color="#00FF00" type="line" width="1.0"/>
          <y:Arrows source="none" target="none"/>
          <y:BendStyle smoothed="false"/>
        </y:PolyLineEdge>
      </data>
    </edge>
    <edge id="e35" source="n20" target="n23">
      <data key="d35"/>
      <data key="d36">
        <y:PolyLineEdge>
          <y:Path sx="0.0" sy="0.0" tx="0.0" ty="0.0">
            <y:Point x="2229.94042969" y="94.3065032959"/>
          </y:Path>
          <y:LineStyle color="#00FF00" type="line" width="1.0"/>
          <y:Arrows source="none" target="none"/>
          <y:BendStyle smoothed="false"/>
        </y:PolyLineEdge>
      </data>
    </edge>
    <edge id="e36" source="n21" target="n27">
      <data key="d35"/>
      <data key="d36">
        <y:PolyLineEdge>
          <y:Path sx="0.0" sy="0.0" tx="0.0" ty="0.0">
            <y:Point x="2151.60449219" y="1.12249994278"/>
          </y:Path>
          <y:LineStyle color="#00FF00" type="line" width="1.0"/>
          <y:Arrows source="none" target="none"/>
          <y:BendStyle smoothed="false"/>
        </y:PolyLineEdge>
      </data>
    </edge>
    <edge id="e37" source="n21" target="n28">
      <data key="d35"/>
      <data key="d36">
        <y:PolyLineEdge>
          <y:Path sx="0.0" sy="0.0" tx="0.0" ty="0.0">
            <y:Point x="2043.06054688" y="-3.48550009727"/>
          </y:Path>
          <y:LineStyle color="#00FF00" type="line" width="1.0"/>
          <y:Arrows source="none" target="none"/>
          <y:BendStyle smoothed="false"/>
        </y:PolyLineEdge>
      </data>
    </edge>
    <edge id="e38" source="n23" target="n37">
      <data key="d35"/>
      <data key="d36">
        <y:PolyLineEdge>
          <y:Path sx="0.0" sy="0.0" tx="0.0" ty="0.0">
            <y:Point x="2441.95483398" y="445.64654541"/>
          </y:Path>
          <y:LineStyle color="#00FF00" type="line" width="1.0"/>
          <y:Arrows source="none" target="none"/>
          <y:BendStyle smoothed="false"/>
        </y:PolyLineEdge>
      </data>
    </edge>
    <edge id="e39" source="n23" target="n27">
      <data key="d35"/>
      <data key="d36">
        <y:PolyLineEdge>
          <y:Path sx="0.0" sy="0.0" tx="0.0" ty="0.0">
            <y:Point x="1378.63012695" y="245.184631348"/>
          </y:Path>
          <y:LineStyle color="#00FF00" type="line" width="1.0"/>
          <y:Arrows source="none" target="none"/>
          <y:BendStyle smoothed="false"/>
        </y:PolyLineEdge>
      </data>
    </edge>
    <edge id="e40" source="n23" target="n28">
      <data key="d35"/>
      <data key="d36">
        <y:PolyLineEdge>
          <y:Path sx="0.0" sy="0.0" tx="0.0" ty="0.0">
            <y:Point x="1970.86853027" y="173.666503906"/>
          </y:Path>
          <y:LineStyle color="#00FF00" type="line" width="1.0"/>
          <y:Arrows source="none" target="none"/>
          <y:BendStyle smoothed="false"/>
        </y:PolyLineEdge>
      </data>
    </edge>
    <edge id="e41" source="n24" target="n27">
      <data key="d35"/>
      <data key="d36">
        <y:PolyLineEdge>
          <y:Path sx="0.0" sy="0.0" tx="0.0" ty="0.0">
            <y:Point x="1294.04772949" y="211.955825806"/>
          </y:Path>
          <y:LineStyle color="#00FF00" type="line" width="1.0"/>
          <y:Arrows source="none" target="none"/>
          <y:BendStyle smoothed="false"/>
        </y:PolyLineEdge>
      </data>
    </edge>
    <edge id="e42" source="n24" target="n28">
      <data key="d35"/>
      <data key="d36">
        <y:PolyLineEdge>
          <y:Path sx="0.0" sy="0.0" tx="0.0" ty="0.0">
            <y:Point x="2071.73242188" y="77.9225006104"/>
          </y:Path>
          <y:LineStyle color="#00FF00" type="line" width="1.0"/>
          <y:Arrows source="none" target="none"/>
          <y:BendStyle smoothed="false"/>
        </y:PolyLineEdge>
      </data>
    </edge>
    <edge id="e43" source="n27" target="n34">
      <data key="d35"/>
      <data key="d36">
        <y:PolyLineEdge>
          <y:Path sx="0.0" sy="0.0" tx="0.0" ty="0.0">
            <y:Point x="649.606079102" y="84.7750320435"/>
          </y:Path>
          <y:LineStyle color="#00FF00" type="line" width="1.0"/>
          <y:Arrows source="none" target="none"/>
          <y:BendStyle smoothed="false"/>
        </y:PolyLineEdge>
      </data>
    </edge>
    <edge id="e44" source="n27" target="n31">
      <data key="d35"/>
      <data key="d36">
        <y:PolyLineEdge>
          <y:Path sx="0.0" sy="0.0" tx="0.0" ty="0.0">
            <y:Point x="1207.59655762" y="143.808639526"/>
          </y:Path>
          <y:LineStyle color="#00FF00" type="line" width="1.0"/>
          <y:Arrows source="none" target="none"/>
          <y:BendStyle smoothed="false"/>
        </y:PolyLineEdge>
      </data>
    </edge>
    <edge id="e45" source="n28" target="n34">
      <data key="d35"/>
      <data key="d36">
        <y:PolyLineEdge>
          <y:Path sx="0.0" sy="0.0" tx="0.0" ty="0.0">
            <y:Point x="882.40612793" y="51.1750335693"/>
          </y:Path>
          <y:LineStyle color="#00FF00" type="line" width="1.0"/>
          <y:Arrows source="none" target="none"/>
          <y:BendStyle smoothed="false"/>
        </y:PolyLineEdge>
      </data>
    </edge>
    <edge id="e46" source="n28" target="n35">
      <data key="d35"/>
      <data key="d36">
        <y:PolyLineEdge>
          <y:Path sx="0.0" sy="0.0" tx="0.0" ty="0.0">
            <y:Point x="1161.4140625" y="80.0134353638"/>
          </y:Path>
          <y:LineStyle color="#00FF00" type="line" width="1.0"/>
          <y:Arrows source="none" target="none"/>
          <y:BendStyle smoothed="false"/>
        </y:PolyLineEdge>
      </data>
    </edge>
    <edge id="e47" source="n28" target="n29">
      <data key="d35"/>
      <data key="d36">
        <y:PolyLineEdge>
          <y:Path sx="0.0" sy="0.0" tx="0.0" ty="0.0">
            <y:Point x="1235.24450684" y="47.5526351929"/>
          </y:Path>
          <y:LineStyle color="#00FF00" type="line" width="1.0"/>
          <y:Arrows source="none" target="none"/>
          <y:BendStyle smoothed="false"/>
        </y:PolyLineEdge>
      </data>
    </edge>
    <edge id="e48" source="n28" target="n30">
      <data key="d35"/>
      <data key="d36">
        <y:PolyLineEdge>
          <y:Path sx="0.0" sy="0.0" tx="0.0" ty="0.0">
            <y:Point x="1141.54846191" y="65.4726333618"/>
          </y:Path>
          <y:LineStyle color="#00FF00" type="line" width="1.0"/>
          <y:Arrows source="none" target="none"/>
          <y:BendStyle smoothed="false"/>
        </y:PolyLineEdge>
      </data>
    </edge>
    <edge id="e49" source="n28" target="n31">
      <data key="d35"/>
      <data key="d36">
        <y:PolyLineEdge>
          <y:Path sx="0.0" sy="0.0" tx="0.0" ty="0.0">
            <y:Point x="1171.24450684" y="96.7046356201"/>
          </y:Path>
          <y:LineStyle color="#00FF00" type="line" width="1.0"/>
          <y:Arrows source="none" target="none"/>
          <y:BendStyle smoothed="false"/>
        </y:PolyLineEdge>
      </data>
    </edge>
    <edge id="e50" source="n29" target="n30">
      <data key="d35"/>
      <data key="d36">
        <y:PolyLineEdge>
          <y:Path sx="0.0" sy="0.0" tx="0.0" ty="0.0">
            <y:Point x="1151.78845215" y="7.61663341522"/>
          </y:Path>
          <y:LineStyle color="#00FF00" type="line" width="1.0"/>
          <y:Arrows source="none" target="none"/>
          <y:BendStyle smoothed="false"/>
        </y:PolyLineEdge>
      </data>
    </edge>
    <edge id="e51" source="n30" target="n34">
      <data key="d35"/>
      <data key="d36">
        <y:PolyLineEdge>
          <y:Path sx="0.0" sy="0.0" tx="0.0" ty="0.0">
            <y:Point x="636.006103516" y="40.7750320435"/>
          </y:Path>
          <y:LineStyle color="#00FF00" type="line" width="1.0"/>
          <y:Arrows source="none" target="none"/>
          <y:BendStyle smoothed="false"/>
        </y:PolyLineEdge>
      </data>
    </edge>
    <edge id="e52" source="n31" target="n32">
      <data key="d35"/>
      <data key="d36">
        <y:PolyLineEdge>
          <y:Path sx="0.0" sy="0.0" tx="0.0" ty="0.0">
            <y:Point x="1154.34851074" y="210.880630493"/>
          </y:Path>
          <y:LineStyle color="#00FF00" type="line" width="1.0"/>
          <y:Arrows source="none" target="none"/>
          <y:BendStyle smoothed="false"/>
        </y:PolyLineEdge>
      </data>
    </edge>
    <edge id="e53" source="n31" target="n33">
      <data key="d35"/>
      <data key="d36">
        <y:PolyLineEdge>
          <y:Path sx="0.0" sy="0.0" tx="0.0" ty="0.0">
            <y:Point x="1134.89245605" y="183.232635498"/>
          </y:Path>
          <y:LineStyle color="#00FF00" type="line" width="1.0"/>
          <y:Arrows source="none" target="none"/>
          <y:BendStyle smoothed="false"/>
        </y:PolyLineEdge>
      </data>
    </edge>
    <edge id="e54" source="n33" target="n34">
      <data key="d35"/>
      <data key="d36">
        <y:PolyLineEdge>
          <y:Path sx="0.0" sy="0.0" tx="0.0" ty="0.0">
            <y:Point x="602.962890625" y="134.522232056"/>
          </y:Path>
          <y:LineStyle color="#00FF00" type="line" width="1.0"/>
          <y:Arrows source="none" target="none"/>
          <y:BendStyle smoothed="false"/>
        </y:PolyLineEdge>
      </data>
    </edge>
    <edge id="e55" source="n33" target="n35">
      <data key="d35"/>
      <data key="d36">
        <y:PolyLineEdge>
          <y:Path sx="0.0" sy="0.0" tx="0.0" ty="0.0"/>
          <y:LineStyle color="#00FF00" type="line" width="1.0"/>
          <y:Arrows source="none" target="none"/>
          <y:BendStyle smoothed="false"/>
        </y:PolyLineEdge>
      </data>
    </edge>
    <edge id="e56" source="n33" target="n36">
      <data key="d35"/>
      <data key="d36">
        <y:PolyLineEdge>
          <y:Path sx="0.0" sy="0.0" tx="0.0" ty="0.0"/>
          <y:LineStyle color="#00FF00" type="line" width="1.0"/>
          <y:Arrows source="none" target="none"/>
          <y:BendStyle smoothed="false"/>
        </y:PolyLineEdge>
      </data>
    </edge>
    <edge id="e57" source="n33" target="n37">
      <data key="d35"/>
      <data key="d36">
        <y:PolyLineEdge>
          <y:Path sx="0.0" sy="0.0" tx="0.0" ty="0.0">
            <y:Point x="209.781906128" y="313.321228027"/>
          </y:Path>
          <y:LineStyle color="#00FF00" type="line" width="1.0"/>
          <y:Arrows source="none" target="none"/>
          <y:BendStyle smoothed="false"/>
        </y:PolyLineEdge>
      </data>
    </edge>
    <edge id="e58" source="n34" target="n35">
      <data key="d35"/>
      <data key="d36">
        <y:PolyLineEdge>
          <y:Path sx="0.0" sy="0.0" tx="0.0" ty="0.0">
            <y:Point x="590.43170166" y="114.010231018"/>
          </y:Path>
          <y:LineStyle color="#00FF00" type="line" width="1.0"/>
          <y:Arrows source="none" target="none"/>
          <y:BendStyle smoothed="false"/>
        </y:PolyLineEdge>
      </data>
    </edge>
    <edge id="e59" source="n35" target="n38">
      <data key="d35"/>
      <data key="d36">
        <y:PolyLineEdge>
          <y:Path sx="0.0" sy="0.0" tx="0.0" ty="0.0"/>
          <y:LineStyle color="#00FF00" type="line" width="1.0"/>
          <y:Arrows source="none" target="none"/>
          <y:BendStyle smoothed="false"/>
        </y:PolyLineEdge>
      </data>
    </edge>
    <edge id="e60" source="n36" target="n37">
      <data key="d35"/>
      <data key="d36">
        <y:PolyLineEdge>
          <y:Path sx="0.0" sy="0.0" tx="0.0" ty="0.0">
            <y:Point x="163.701904297" y="306.921234131"/>
          </y:Path>
          <y:LineStyle color="#00FF00" type="line" width="1.0"/>
          <y:Arrows source="none" target="none"/>
          <y:BendStyle smoothed="false"/>
        </y:PolyLineEdge>
      </data>
    </edge>
    <edge id="e61" source="n36" target="n38">
      <data key="d35"/>
      <data key="d36">
        <y:PolyLineEdge>
          <y:Path sx="0.0" sy="0.0" tx="0.0" ty="0.0"/>
          <y:LineStyle color="#00FF00" type="line" width="1.0"/>
          <y:Arrows source="none" target="none"/>
          <y:BendStyle smoothed="false"/>
        </y:PolyLineEdge>
      </data>
    </edge>
  </graph>
  <data key="d0">
    <y:Resources/>
  </data>
</graphml>
