<?xml version="1.0" encoding="UTF-8" standalone="no"?>
<graphml xmlns="http://graphml.graphdrawing.org/xmlns" xmlns:xsi="http://www.w3.org/2001/XMLSchema-instance" xmlns:y="http://www.yworks.com/xml/graphml" xmlns:yed="http://www.yworks.com/xml/yed/3" xsi:schemaLocation="http://graphml.graphdrawing.org/xmlns http://www.yworks.com/xml/schema/graphml/1.1/ygraphml.xsd">
  <!--Created by yFiles for Java 2.8-->
  <key for="graphml" id="d0" yfiles.type="resources"/>
  <key for="port" id="d1" yfiles.type="portgraphics"/>
  <key for="port" id="d2" yfiles.type="portgeometry"/>
  <key for="port" id="d3" yfiles.type="portuserdata"/>
  <key attr.name="Internal" attr.type="boolean" for="node" id="d4"/>
  <key attr.name="url" attr.type="string" for="node" id="d5"/>
  <key attr.name="description" attr.type="string" for="node" id="d6"/>
  <key for="node" id="d7" yfiles.type="nodegraphics"/>
  <key attr.name="Access" attr.type="boolean" for="graph" id="d8"/>
  <key attr.name="Backbone" attr.type="boolean" for="graph" id="d9"/>
  <key attr.name="Commercial" attr.type="boolean" for="graph" id="d10"/>
  <key attr.name="Creator" attr.type="string" for="graph" id="d11"/>
  <key attr.name="Customer" attr.type="boolean" for="graph" id="d12"/>
  <key attr.name="DateModifier" attr.type="string" for="graph" id="d13"/>
  <key attr.name="DateMonth" attr.type="string" for="graph" id="d14"/>
  <key attr.name="DateObtained" attr.type="string" for="graph" id="d15"/>
  <key attr.name="DateType" attr.type="string" for="graph" id="d16"/>
  <key attr.name="DateYear" attr.type="string" for="graph" id="d17"/>
  <key attr.name="Developed" attr.type="boolean" for="graph" id="d18"/>
  <key attr.name="GeoExtent" attr.type="string" for="graph" id="d19"/>
  <key attr.name="GeoLocation" attr.type="string" for="graph" id="d20"/>
  <key attr.name="IX" attr.type="boolean" for="graph" id="d21"/>
  <key attr.name="LastAccess" attr.type="string" for="graph" id="d22"/>
  <key attr.name="LastProcessed" attr.type="string" for="graph" id="d23"/>
  <key attr.name="Layer" attr.type="string" for="graph" id="d24"/>
  <key attr.name="Network" attr.type="string" for="graph" id="d25"/>
  <key attr.name="NetworkDate" attr.type="string" for="graph" id="d26"/>
  <key attr.name="Provenance" attr.type="string" for="graph" id="d27"/>
  <key attr.name="Source" attr.type="string" for="graph" id="d28"/>
  <key attr.name="Testbed" attr.type="boolean" for="graph" id="d29"/>
  <key attr.name="Transit" attr.type="boolean" for="graph" id="d30"/>
  <key attr.name="Type" attr.type="string" for="graph" id="d31"/>
  <key attr.name="Version" attr.type="string" for="graph" id="d32"/>
  <key attr.name="url" attr.type="string" for="edge" id="d33"/>
  <key attr.name="description" attr.type="string" for="edge" id="d34"/>
  <key for="edge" id="d35" yfiles.type="edgegraphics"/>
  <graph edgedefault="directed" id="G">
    <data key="d8">false</data>
    <data key="d9">true</data>
    <data key="d10">false</data>
    <data key="d11"><![CDATA[Topology Zoo Toolset]]></data>
    <data key="d12">true</data>
    <data key="d13"><![CDATA[=]]></data>
    <data key="d14"><![CDATA[08]]></data>
    <data key="d15"><![CDATA[22/10/10]]></data>
    <data key="d16"><![CDATA[Current]]></data>
    <data key="d17"><![CDATA[2010]]></data>
    <data key="d18">false</data>
    <data key="d19"><![CDATA[Global]]></data>
    <data key="d20"><![CDATA[Global]]></data>
    <data key="d21">false</data>
    <data key="d22"><![CDATA[3/08/10]]></data>
    <data key="d23"><![CDATA[2011_09_01]]></data>
    <data key="d24"><![CDATA[IP]]></data>
    <data key="d25"><![CDATA[EasyNet ]]></data>
    <data key="d26"><![CDATA[2010_08]]></data>
    <data key="d27"><![CDATA[Primary]]></data>
    <data key="d28"><![CDATA[http://www.easynet.com/pdf/maps/network.pdf]]></data>
    <data key="d29">false</data>
    <data key="d30">false</data>
    <data key="d31"><![CDATA[COM]]></data>
    <data key="d32"><![CDATA[1.0]]></data>
    <node id="n0">
      <data key="d4">true</data>
      <data key="d6"/>
      <data key="d7">
        <y:ShapeNode>
          <y:Geometry height="18.0" width="18.0" x="546.835449219" y="1246.55200195"/>
          <y:Fill color="#FFCC00" transparent="false"/>
          <y:BorderStyle color="#000000" type="line" width="1.0"/>
          <y:NodeLabel alignment="center" autoSizePolicy="content" fontFamily="Dialog" fontSize="8" fontStyle="plain" hasBackgroundColor="false" hasLineColor="false" height="13.421875" modelName="internal" modelPosition="c" textColor="#000000" visible="true" width="50.56640625" x="-16.283203125" y="2.2890625">Los Angeles</y:NodeLabel>
          <y:Shape type="ellipse"/>
        </y:ShapeNode>
      </data>
    </node>
    <node id="n1">
      <data key="d4">true</data>
      <data key="d6"/>
      <data key="d7">
        <y:ShapeNode>
          <y:Geometry height="18.0" width="18.0" x="514.647949219" y="1219.05200195"/>
          <y:Fill color="#FFCC00" transparent="false"/>
          <y:BorderStyle color="#000000" type="line" width="1.0"/>
          <y:NodeLabel alignment="center" autoSizePolicy="content" fontFamily="Dialog" fontSize="8" fontStyle="plain" hasBackgroundColor="false" hasLineColor="false" height="13.421875" modelName="internal" modelPosition="c" textColor="#000000" visible="true" width="39.53515625" x="-10.767578125" y="2.2890625">San Jose?</y:NodeLabel>
          <y:Shape type="ellipse"/>
        </y:ShapeNode>
      </data>
    </node>
    <node id="n2">
      <data key="d4">true</data>
      <data key="d6"/>
      <data key="d7">
        <y:ShapeNode>
          <y:Geometry height="18.0" width="18.0" x="518.710449219" y="1190.30200195"/>
          <y:Fill color="#FFCC00" transparent="false"/>
          <y:BorderStyle color="#000000" type="line" width="1.0"/>
          <y:NodeLabel alignment="center" autoSizePolicy="content" fontFamily="Dialog" fontSize="8" fontStyle="plain" hasBackgroundColor="false" hasLineColor="false" height="13.421875" modelName="internal" modelPosition="c" textColor="#000000" visible="true" width="41.7109375" x="-11.85546875" y="2.2890625">Palo Alto?</y:NodeLabel>
          <y:Shape type="ellipse"/>
        </y:ShapeNode>
      </data>
    </node>
    <node id="n3">
      <data key="d4">true</data>
      <data key="d6"/>
      <data key="d7">
        <y:ShapeNode>
          <y:Geometry height="18.0" width="18.0" x="879.647949219" y="1168.42700195"/>
          <y:Fill color="#FFCC00" transparent="false"/>
          <y:BorderStyle color="#000000" type="line" width="1.0"/>
          <y:NodeLabel alignment="center" autoSizePolicy="content" fontFamily="Dialog" fontSize="8" fontStyle="plain" hasBackgroundColor="false" hasLineColor="false" height="13.421875" modelName="internal" modelPosition="c" textColor="#000000" visible="true" width="40.91015625" x="-11.455078125" y="2.2890625">New York</y:NodeLabel>
          <y:Shape type="ellipse"/>
        </y:ShapeNode>
      </data>
    </node>
    <node id="n4">
      <data key="d4">true</data>
      <data key="d6"/>
      <data key="d7">
        <y:ShapeNode>
          <y:Geometry height="18.0" width="18.0" x="864.022949219" y="1219.98950195"/>
          <y:Fill color="#FFCC00" transparent="false"/>
          <y:BorderStyle color="#000000" type="line" width="1.0"/>
          <y:NodeLabel alignment="center" autoSizePolicy="content" fontFamily="Dialog" fontSize="8" fontStyle="plain" hasBackgroundColor="false" hasLineColor="false" height="13.421875" modelName="internal" modelPosition="c" textColor="#000000" visible="true" width="49.44140625" x="-15.720703125" y="2.2890625">Washington</y:NodeLabel>
          <y:Shape type="ellipse"/>
        </y:ShapeNode>
      </data>
    </node>
    <node id="n5">
      <data key="d4">true</data>
      <data key="d6"/>
      <data key="d7">
        <y:ShapeNode>
          <y:Geometry height="18.0" width="18.0" x="1367.14794922" y="1182.48950195"/>
          <y:Fill color="#FFCC00" transparent="false"/>
          <y:BorderStyle color="#000000" type="line" width="1.0"/>
          <y:NodeLabel alignment="center" autoSizePolicy="content" fontFamily="Dialog" fontSize="8" fontStyle="plain" hasBackgroundColor="false" hasLineColor="false" height="13.421875" modelName="internal" modelPosition="c" textColor="#000000" visible="true" width="30.96484375" x="-6.482421875" y="2.2890625">Madrid</y:NodeLabel>
          <y:Shape type="ellipse"/>
        </y:ShapeNode>
      </data>
    </node>
    <node id="n6">
      <data key="d4">true</data>
      <data key="d6"/>
      <data key="d7">
        <y:ShapeNode>
          <y:Geometry height="18.0" width="18.0" x="1382.77294922" y="1143.42700195"/>
          <y:Fill color="#FFCC00" transparent="false"/>
          <y:BorderStyle color="#000000" type="line" width="1.0"/>
          <y:NodeLabel alignment="center" autoSizePolicy="content" fontFamily="Dialog" fontSize="8" fontStyle="plain" hasBackgroundColor="false" hasLineColor="false" height="13.421875" modelName="internal" modelPosition="c" textColor="#000000" visible="true" width="9.05859375" x="4.470703125" y="2.2890625">1</y:NodeLabel>
          <y:Shape type="ellipse"/>
        </y:ShapeNode>
      </data>
    </node>
    <node id="n7">
      <data key="d4">true</data>
      <data key="d6"/>
      <data key="d7">
        <y:ShapeNode>
          <y:Geometry height="18.0" width="18.0" x="1510.89794922" y="1101.23950195"/>
          <y:Fill color="#FFCC00" transparent="false"/>
          <y:BorderStyle color="#000000" type="line" width="1.0"/>
          <y:NodeLabel alignment="center" autoSizePolicy="content" fontFamily="Dialog" fontSize="8" fontStyle="plain" hasBackgroundColor="false" hasLineColor="false" height="13.421875" modelName="internal" modelPosition="c" textColor="#000000" visible="true" width="24.8984375" x="-3.44921875" y="2.2890625">Milan</y:NodeLabel>
          <y:Shape type="ellipse"/>
        </y:ShapeNode>
      </data>
    </node>
    <node id="n8">
      <data key="d4">true</data>
      <data key="d6"/>
      <data key="d7">
        <y:ShapeNode>
          <y:Geometry height="18.0" width="18.0" x="1449.96044922" y="1074.67700195"/>
          <y:Fill color="#FFCC00" transparent="false"/>
          <y:BorderStyle color="#000000" type="line" width="1.0"/>
          <y:NodeLabel alignment="center" autoSizePolicy="content" fontFamily="Dialog" fontSize="8" fontStyle="plain" hasBackgroundColor="false" hasLineColor="false" height="13.421875" modelName="internal" modelPosition="c" textColor="#000000" visible="true" width="22.50390625" x="-2.251953125" y="2.2890625">Paris</y:NodeLabel>
          <y:Shape type="ellipse"/>
        </y:ShapeNode>
      </data>
    </node>
    <node id="n9">
      <data key="d4">true</data>
      <data key="d6"/>
      <data key="d7">
        <y:ShapeNode>
          <y:Geometry height="18.0" width="18.0" x="1424.96044922" y="1016.86456299"/>
          <y:Fill color="#FFCC00" transparent="false"/>
          <y:BorderStyle color="#000000" type="line" width="1.0"/>
          <y:NodeLabel alignment="center" autoSizePolicy="content" fontFamily="Dialog" fontSize="8" fontStyle="plain" hasBackgroundColor="false" hasLineColor="false" height="13.421875" modelName="internal" modelPosition="c" textColor="#000000" visible="true" width="33.05859375" x="-7.529296875" y="2.2890625">London</y:NodeLabel>
          <y:Shape type="ellipse"/>
        </y:ShapeNode>
      </data>
    </node>
    <node id="n10">
      <data key="d4">true</data>
      <data key="d6"/>
      <data key="d7">
        <y:ShapeNode>
          <y:Geometry height="18.0" width="18.0" x="1457.77294922" y="1041.86450195"/>
          <y:Fill color="#FFCC00" transparent="false"/>
          <y:BorderStyle color="#000000" type="line" width="1.0"/>
          <y:NodeLabel alignment="center" autoSizePolicy="content" fontFamily="Dialog" fontSize="8" fontStyle="plain" hasBackgroundColor="false" hasLineColor="false" height="13.421875" modelName="internal" modelPosition="c" textColor="#000000" visible="true" width="9.05859375" x="4.470703125" y="2.2890625">1</y:NodeLabel>
          <y:Shape type="ellipse"/>
        </y:ShapeNode>
      </data>
    </node>
    <node id="n11">
      <data key="d4">true</data>
      <data key="d6"/>
      <data key="d7">
        <y:ShapeNode>
          <y:Geometry height="18.0" width="18.0" x="1481.51049805" y="1017.55206299"/>
          <y:Fill color="#FFCC00" transparent="false"/>
          <y:BorderStyle color="#000000" type="line" width="1.0"/>
          <y:NodeLabel alignment="center" autoSizePolicy="content" fontFamily="Dialog" fontSize="8" fontStyle="plain" hasBackgroundColor="false" hasLineColor="false" height="13.421875" modelName="internal" modelPosition="c" textColor="#000000" visible="true" width="9.05859375" x="4.470703125" y="2.2890625">1</y:NodeLabel>
          <y:Shape type="ellipse"/>
        </y:ShapeNode>
      </data>
    </node>
    <node id="n12">
      <data key="d4">true</data>
      <data key="d6"/>
      <data key="d7">
        <y:ShapeNode>
          <y:Geometry height="18.0" width="18.0" x="1514.02294922" y="1021.55206299"/>
          <y:Fill color="#FFCC00" transparent="false"/>
          <y:BorderStyle color="#000000" type="line" width="1.0"/>
          <y:NodeLabel alignment="center" autoSizePolicy="content" fontFamily="Dialog" fontSize="8" fontStyle="plain" hasBackgroundColor="false" hasLineColor="false" height="13.421875" modelName="internal" modelPosition="c" textColor="#000000" visible="true" width="9.05859375" x="4.470703125" y="2.2890625">1</y:NodeLabel>
          <y:Shape type="ellipse"/>
        </y:ShapeNode>
      </data>
    </node>
    <node id="n13">
      <data key="d4">true</data>
      <data key="d6"/>
      <data key="d7">
        <y:ShapeNode>
          <y:Geometry height="18.0" width="18.0" x="1562.46044922" y="1040.30200195"/>
          <y:Fill color="#FFCC00" transparent="false"/>
          <y:BorderStyle color="#000000" type="line" width="1.0"/>
          <y:NodeLabel alignment="center" autoSizePolicy="content" fontFamily="Dialog" fontSize="8" fontStyle="plain" hasBackgroundColor="false" hasLineColor="false" height="13.421875" modelName="internal" modelPosition="c" textColor="#000000" visible="true" width="9.05859375" x="4.470703125" y="2.2890625">1</y:NodeLabel>
          <y:Shape type="ellipse"/>
        </y:ShapeNode>
      </data>
    </node>
    <node id="n14">
      <data key="d4">true</data>
      <data key="d6"/>
      <data key="d7">
        <y:ShapeNode>
          <y:Geometry height="18.0" width="18.0" x="1587.46044922" y="1034.05200195"/>
          <y:Fill color="#FFCC00" transparent="false"/>
          <y:BorderStyle color="#000000" type="line" width="1.0"/>
          <y:NodeLabel alignment="center" autoSizePolicy="content" fontFamily="Dialog" fontSize="8" fontStyle="plain" hasBackgroundColor="false" hasLineColor="false" height="13.421875" modelName="internal" modelPosition="c" textColor="#000000" visible="true" width="9.05859375" x="4.470703125" y="2.2890625">1</y:NodeLabel>
          <y:Shape type="ellipse"/>
        </y:ShapeNode>
      </data>
    </node>
    <node id="n15">
      <data key="d4">true</data>
      <data key="d6"/>
      <data key="d7">
        <y:ShapeNode>
          <y:Geometry height="18.0" width="18.0" x="1496.83544922" y="1057.48950195"/>
          <y:Fill color="#FFCC00" transparent="false"/>
          <y:BorderStyle color="#000000" type="line" width="1.0"/>
          <y:NodeLabel alignment="center" autoSizePolicy="content" fontFamily="Dialog" fontSize="8" fontStyle="plain" hasBackgroundColor="false" hasLineColor="false" height="13.421875" modelName="internal" modelPosition="c" textColor="#000000" visible="true" width="9.05859375" x="4.470703125" y="2.2890625">1</y:NodeLabel>
          <y:Shape type="ellipse"/>
        </y:ShapeNode>
      </data>
    </node>
    <node id="n16">
      <data key="d4">true</data>
      <data key="d6"/>
      <data key="d7">
        <y:ShapeNode>
          <y:Geometry height="18.0" width="18.0" x="1965.58544922" y="1340.30200195"/>
          <y:Fill color="#FFCC00" transparent="false"/>
          <y:BorderStyle color="#000000" type="line" width="1.0"/>
          <y:NodeLabel alignment="center" autoSizePolicy="content" fontFamily="Dialog" fontSize="8" fontStyle="plain" hasBackgroundColor="false" hasLineColor="false" height="13.421875" modelName="internal" modelPosition="c" textColor="#000000" visible="true" width="35.08984375" x="-8.544921875" y="2.2890625">Mumbai</y:NodeLabel>
          <y:Shape type="ellipse"/>
        </y:ShapeNode>
      </data>
    </node>
    <node id="n17">
      <data key="d4">true</data>
      <data key="d6"/>
      <data key="d7">
        <y:ShapeNode>
          <y:Geometry height="18.0" width="18.0" x="2295.27294922" y="1288.73950195"/>
          <y:Fill color="#FFCC00" transparent="false"/>
          <y:BorderStyle color="#000000" type="line" width="1.0"/>
          <y:NodeLabel alignment="center" autoSizePolicy="content" fontFamily="Dialog" fontSize="8" fontStyle="plain" hasBackgroundColor="false" hasLineColor="false" height="13.421875" modelName="internal" modelPosition="c" textColor="#000000" visible="true" width="47.3671875" x="-14.68359375" y="2.2890625">Hong Kong</y:NodeLabel>
          <y:Shape type="ellipse"/>
        </y:ShapeNode>
      </data>
    </node>
    <node id="n18">
      <data key="d4">true</data>
      <data key="d6"/>
      <data key="d7">
        <y:ShapeNode>
          <y:Geometry height="18.0" width="18.0" x="2340.58544922" y="1234.05200195"/>
          <y:Fill color="#FFCC00" transparent="false"/>
          <y:BorderStyle color="#000000" type="line" width="1.0"/>
          <y:NodeLabel alignment="center" autoSizePolicy="content" fontFamily="Dialog" fontSize="8" fontStyle="plain" hasBackgroundColor="false" hasLineColor="false" height="13.421875" modelName="internal" modelPosition="c" textColor="#000000" visible="true" width="39.33984375" x="-10.669921875" y="2.2890625">Shanghai</y:NodeLabel>
          <y:Shape type="ellipse"/>
        </y:ShapeNode>
      </data>
    </node>
    <edge id="e0" source="n0" target="n1">
      <data key="d34"/>
      <data key="d35">
        <y:PolyLineEdge>
          <y:Path sx="0.0" sy="0.0" tx="0.0" ty="0.0"/>
          <y:LineStyle color="#FF6600" type="line" width="2.0"/>
          <y:Arrows source="none" target="none"/>
          <y:BendStyle smoothed="false"/>
        </y:PolyLineEdge>
      </data>
    </edge>
    <edge id="e1" source="n0" target="n4">
      <data key="d34"/>
      <data key="d35">
        <y:PolyLineEdge>
          <y:Path sx="0.0" sy="0.0" tx="0.0" ty="0.0">
            <y:Point x="758.710449219" y="1309.05200195"/>
          </y:Path>
          <y:LineStyle color="#FF6600" type="line" width="2.0"/>
          <y:Arrows source="none" target="none"/>
          <y:BendStyle smoothed="false"/>
        </y:PolyLineEdge>
      </data>
    </edge>
    <edge id="e2" source="n0" target="n9">
      <data key="d34"/>
      <data key="d35">
        <y:PolyLineEdge>
          <y:Path sx="0.0" sy="0.0" tx="0.0" ty="0.0">
            <y:Point x="986.210449219" y="999.052062988"/>
          </y:Path>
          <y:LineStyle color="#FF6600" type="line" width="2.0"/>
          <y:Arrows source="none" target="none"/>
          <y:BendStyle smoothed="false"/>
        </y:PolyLineEdge>
      </data>
    </edge>
    <edge id="e3" source="n1" target="n2">
      <data key="d34"/>
      <data key="d35">
        <y:PolyLineEdge>
          <y:Path sx="0.0" sy="0.0" tx="0.0" ty="0.0"/>
          <y:LineStyle color="#FF6600" type="line" width="2.0"/>
          <y:Arrows source="none" target="none"/>
          <y:BendStyle smoothed="false"/>
        </y:PolyLineEdge>
      </data>
    </edge>
    <edge id="e4" source="n2" target="n3">
      <data key="d34"/>
      <data key="d35">
        <y:PolyLineEdge>
          <y:Path sx="0.0" sy="0.0" tx="0.0" ty="0.0"/>
          <y:LineStyle color="#FF6600" type="line" width="2.0"/>
          <y:Arrows source="none" target="none"/>
          <y:BendStyle smoothed="false"/>
        </y:PolyLineEdge>
      </data>
    </edge>
    <edge id="e5" source="n2" target="n9">
      <data key="d34"/>
      <data key="d35">
        <y:PolyLineEdge>
          <y:Path sx="0.0" sy="0.0" tx="0.0" ty="0.0">
            <y:Point x="722.460449219" y="995.302062988"/>
          </y:Path>
          <y:LineStyle color="#FF6600" type="line" width="2.0"/>
          <y:Arrows source="none" target="none"/>
          <y:BendStyle smoothed="false"/>
        </y:PolyLineEdge>
      </data>
    </edge>
    <edge id="e6" source="n2" target="n17">
      <data key="d34"/>
      <data key="d35">
        <y:PolyLineEdge>
          <y:Path sx="0.0" sy="0.0" tx="0.0" ty="0.0">
            <y:Point x="460.448791504" y="973.845397949"/>
          </y:Path>
          <y:LineStyle color="#FF6600" type="line" width="2.0"/>
          <y:Arrows source="none" target="none"/>
          <y:BendStyle smoothed="false"/>
        </y:PolyLineEdge>
      </data>
    </edge>
    <edge id="e7" source="n3" target="n9">
      <data key="d34"/>
      <data key="d35">
        <y:PolyLineEdge>
          <y:Path sx="0.0" sy="0.0" tx="0.0" ty="0.0">
            <y:Point x="1019.96044922" y="1064.05200195"/>
          </y:Path>
          <y:LineStyle color="#FF6600" type="line" width="2.0"/>
          <y:Arrows source="none" target="none"/>
          <y:BendStyle smoothed="false"/>
        </y:PolyLineEdge>
      </data>
    </edge>
    <edge id="e8" source="n3" target="n9">
      <data key="d34"/>
      <data key="d35">
        <y:PolyLineEdge>
          <y:Path sx="0.0" sy="0.0" tx="0.0" ty="0.0">
            <y:Point x="1084.96044922" y="1186.55200195"/>
          </y:Path>
          <y:LineStyle color="#FF6600" type="line" width="2.0"/>
          <y:Arrows source="none" target="none"/>
          <y:BendStyle smoothed="false"/>
        </y:PolyLineEdge>
      </data>
    </edge>
    <edge id="e9" source="n3" target="n4">
      <data key="d34"/>
      <data key="d35">
        <y:PolyLineEdge>
          <y:Path sx="0.0" sy="0.0" tx="0.0" ty="0.0"/>
          <y:LineStyle color="#FF6600" type="line" width="2.0"/>
          <y:Arrows source="none" target="none"/>
          <y:BendStyle smoothed="false"/>
        </y:PolyLineEdge>
      </data>
    </edge>
    <edge id="e10" source="n4" target="n8">
      <data key="d34"/>
      <data key="d35">
        <y:PolyLineEdge>
          <y:Path sx="0.0" sy="0.0" tx="0.0" ty="0.0">
            <y:Point x="902.460449219" y="1252.80200195"/>
          </y:Path>
          <y:LineStyle color="#FF6600" type="line" width="2.0"/>
          <y:Arrows source="none" target="none"/>
          <y:BendStyle smoothed="false"/>
        </y:PolyLineEdge>
      </data>
    </edge>
    <edge id="e11" source="n5" target="n6">
      <data key="d34"/>
      <data key="d35">
        <y:PolyLineEdge>
          <y:Path sx="0.0" sy="0.0" tx="0.0" ty="0.0"/>
          <y:LineStyle color="#FF6600" type="line" width="2.0"/>
          <y:Arrows source="none" target="none"/>
          <y:BendStyle smoothed="false"/>
        </y:PolyLineEdge>
      </data>
    </edge>
    <edge id="e12" source="n6" target="n8">
      <data key="d34"/>
      <data key="d35">
        <y:PolyLineEdge>
          <y:Path sx="0.0" sy="0.0" tx="0.0" ty="0.0"/>
          <y:LineStyle color="#FF6600" type="line" width="2.0"/>
          <y:Arrows source="none" target="none"/>
          <y:BendStyle smoothed="false"/>
        </y:PolyLineEdge>
      </data>
    </edge>
    <edge id="e13" source="n6" target="n7">
      <data key="d34"/>
      <data key="d35">
        <y:PolyLineEdge>
          <y:Path sx="0.0" sy="0.0" tx="0.0" ty="0.0"/>
          <y:LineStyle color="#FF6600" type="line" width="2.0"/>
          <y:Arrows source="none" target="none"/>
          <y:BendStyle smoothed="false"/>
        </y:PolyLineEdge>
      </data>
    </edge>
    <edge id="e14" source="n6" target="n15">
      <data key="d34"/>
      <data key="d35">
        <y:PolyLineEdge>
          <y:Path sx="0.0" sy="0.0" tx="0.0" ty="0.0">
            <y:Point x="1514.96044922" y="1169.05200195"/>
          </y:Path>
          <y:LineStyle color="#FF6600" type="line" width="2.0"/>
          <y:Arrows source="none" target="none"/>
          <y:BendStyle smoothed="false"/>
        </y:PolyLineEdge>
      </data>
    </edge>
    <edge id="e15" source="n8" target="n9">
      <data key="d34"/>
      <data key="d35">
        <y:PolyLineEdge>
          <y:Path sx="0.0" sy="0.0" tx="0.0" ty="0.0"/>
          <y:LineStyle color="#FF6600" type="line" width="2.0"/>
          <y:Arrows source="none" target="none"/>
          <y:BendStyle smoothed="false"/>
        </y:PolyLineEdge>
      </data>
    </edge>
    <edge id="e16" source="n8" target="n15">
      <data key="d34"/>
      <data key="d35">
        <y:PolyLineEdge>
          <y:Path sx="0.0" sy="0.0" tx="0.0" ty="0.0"/>
          <y:LineStyle color="#FF6600" type="line" width="2.0"/>
          <y:Arrows source="none" target="none"/>
          <y:BendStyle smoothed="false"/>
        </y:PolyLineEdge>
      </data>
    </edge>
    <edge id="e17" source="n9" target="n17">
      <data key="d34"/>
      <data key="d35">
        <y:PolyLineEdge>
          <y:Path sx="0.0" sy="0.0" tx="0.0" ty="0.0">
            <y:Point x="1781.96044922" y="1045.35205078"/>
          </y:Path>
          <y:LineStyle color="#FF6600" type="line" width="2.0"/>
          <y:Arrows source="none" target="none"/>
          <y:BendStyle smoothed="false"/>
        </y:PolyLineEdge>
      </data>
    </edge>
    <edge id="e18" source="n10" target="n11">
      <data key="d34"/>
      <data key="d35">
        <y:PolyLineEdge>
          <y:Path sx="0.0" sy="0.0" tx="0.0" ty="0.0"/>
          <y:LineStyle color="#FF6600" type="line" width="2.0"/>
          <y:Arrows source="none" target="none"/>
          <y:BendStyle smoothed="false"/>
        </y:PolyLineEdge>
      </data>
    </edge>
    <edge id="e19" source="n11" target="n12">
      <data key="d34"/>
      <data key="d35">
        <y:PolyLineEdge>
          <y:Path sx="0.0" sy="0.0" tx="0.0" ty="0.0"/>
          <y:LineStyle color="#FF6600" type="line" width="2.0"/>
          <y:Arrows source="none" target="none"/>
          <y:BendStyle smoothed="false"/>
        </y:PolyLineEdge>
      </data>
    </edge>
    <edge id="e20" source="n11" target="n15">
      <data key="d34"/>
      <data key="d35">
        <y:PolyLineEdge>
          <y:Path sx="0.0" sy="0.0" tx="0.0" ty="0.0"/>
          <y:LineStyle color="#FF6600" type="line" width="2.0"/>
          <y:Arrows source="none" target="none"/>
          <y:BendStyle smoothed="false"/>
        </y:PolyLineEdge>
      </data>
    </edge>
    <edge id="e21" source="n12" target="n13">
      <data key="d34"/>
      <data key="d35">
        <y:PolyLineEdge>
          <y:Path sx="0.0" sy="0.0" tx="0.0" ty="0.0"/>
          <y:LineStyle color="#FF6600" type="line" width="2.0"/>
          <y:Arrows source="none" target="none"/>
          <y:BendStyle smoothed="false"/>
        </y:PolyLineEdge>
      </data>
    </edge>
    <edge id="e22" source="n12" target="n13">
      <data key="d34"/>
      <data key="d35">
        <y:PolyLineEdge>
          <y:Path sx="0.0" sy="0.0" tx="0.0" ty="0.0">
            <y:Point x="1566.76049805" y="1006.15203857"/>
          </y:Path>
          <y:LineStyle color="#FF6600" type="line" width="2.0"/>
          <y:Arrows source="none" target="none"/>
          <y:BendStyle smoothed="false"/>
        </y:PolyLineEdge>
      </data>
    </edge>
    <edge id="e23" source="n12" target="n15">
      <data key="d34"/>
      <data key="d35">
        <y:PolyLineEdge>
          <y:Path sx="0.0" sy="0.0" tx="0.0" ty="0.0"/>
          <y:LineStyle color="#FF6600" type="line" width="2.0"/>
          <y:Arrows source="none" target="none"/>
          <y:BendStyle smoothed="false"/>
        </y:PolyLineEdge>
      </data>
    </edge>
    <edge id="e24" source="n13" target="n14">
      <data key="d34"/>
      <data key="d35">
        <y:PolyLineEdge>
          <y:Path sx="0.0" sy="0.0" tx="0.0" ty="0.0">
            <y:Point x="1596.36047363" y="1032.55200195"/>
          </y:Path>
          <y:LineStyle color="#FF6600" type="line" width="2.0"/>
          <y:Arrows source="none" target="none"/>
          <y:BendStyle smoothed="false"/>
        </y:PolyLineEdge>
      </data>
    </edge>
    <edge id="e25" source="n13" target="n15">
      <data key="d34"/>
      <data key="d35">
        <y:PolyLineEdge>
          <y:Path sx="0.0" sy="0.0" tx="0.0" ty="0.0"/>
          <y:LineStyle color="#FF6600" type="line" width="2.0"/>
          <y:Arrows source="none" target="none"/>
          <y:BendStyle smoothed="false"/>
        </y:PolyLineEdge>
      </data>
    </edge>
    <edge id="e26" source="n13" target="n15">
      <data key="d34"/>
      <data key="d35">
        <y:PolyLineEdge>
          <y:Path sx="0.0" sy="0.0" tx="0.0" ty="0.0">
            <y:Point x="1548.36047363" y="1075.7520752"/>
          </y:Path>
          <y:LineStyle color="#FF6600" type="line" width="2.0"/>
          <y:Arrows source="none" target="none"/>
          <y:BendStyle smoothed="false"/>
        </y:PolyLineEdge>
      </data>
    </edge>
    <edge id="e27" source="n16" target="n17">
      <data key="d34"/>
      <data key="d35">
        <y:PolyLineEdge>
          <y:Path sx="0.0" sy="0.0" tx="0.0" ty="0.0">
            <y:Point x="2154.76049805" y="1355.7520752"/>
          </y:Path>
          <y:LineStyle color="#FF6600" type="line" width="2.0"/>
          <y:Arrows source="none" target="none"/>
          <y:BendStyle smoothed="false"/>
        </y:PolyLineEdge>
      </data>
    </edge>
    <edge id="e28" source="n17" target="n18">
      <data key="d34"/>
      <data key="d35">
        <y:PolyLineEdge>
          <y:Path sx="0.0" sy="0.0" tx="0.0" ty="0.0"/>
          <y:LineStyle color="#FF6600" type="line" width="2.0"/>
          <y:Arrows source="none" target="none"/>
          <y:BendStyle smoothed="false"/>
        </y:PolyLineEdge>
      </data>
    </edge>
  </graph>
  <data key="d0">
    <y:Resources/>
  </data>
</graphml>
