<?xml version="1.0" encoding="UTF-8" standalone="no"?>
<graphml xmlns="http://graphml.graphdrawing.org/xmlns" xmlns:xsi="http://www.w3.org/2001/XMLSchema-instance" xmlns:y="http://www.yworks.com/xml/graphml" xmlns:yed="http://www.yworks.com/xml/yed/3" xsi:schemaLocation="http://graphml.graphdrawing.org/xmlns http://www.yworks.com/xml/schema/graphml/1.1/ygraphml.xsd">
  <!--Created by yFiles for Java 2.8-->
  <key for="graphml" id="d0" yfiles.type="resources"/>
  <key for="port" id="d1" yfiles.type="portgraphics"/>
  <key for="port" id="d2" yfiles.type="portgeometry"/>
  <key for="port" id="d3" yfiles.type="portuserdata"/>
  <key attr.name="Internal" attr.type="boolean" for="node" id="d4"/>
  <key attr.name="type" attr.type="string" for="node" id="d5"/>
  <key attr.name="url" attr.type="string" for="node" id="d6"/>
  <key attr.name="description" attr.type="string" for="node" id="d7"/>
  <key for="node" id="d8" yfiles.type="nodegraphics"/>
  <key attr.name="Access" attr.type="boolean" for="graph" id="d9"/>
  <key attr.name="Backbone" attr.type="boolean" for="graph" id="d10"/>
  <key attr.name="Commercial" attr.type="boolean" for="graph" id="d11"/>
  <key attr.name="Creator" attr.type="string" for="graph" id="d12"/>
  <key attr.name="Customer" attr.type="boolean" for="graph" id="d13"/>
  <key attr.name="DateModifier" attr.type="string" for="graph" id="d14"/>
  <key attr.name="DateMonth" attr.type="string" for="graph" id="d15"/>
  <key attr.name="DateObtained" attr.type="string" for="graph" id="d16"/>
  <key attr.name="DateType" attr.type="string" for="graph" id="d17"/>
  <key attr.name="DateYear" attr.type="string" for="graph" id="d18"/>
  <key attr.name="Developed" attr.type="boolean" for="graph" id="d19"/>
  <key attr.name="GeoExtent" attr.type="string" for="graph" id="d20"/>
  <key attr.name="GeoLocation" attr.type="string" for="graph" id="d21"/>
  <key attr.name="IX" attr.type="boolean" for="graph" id="d22"/>
  <key attr.name="LastAccess" attr.type="string" for="graph" id="d23"/>
  <key attr.name="LastProcessed" attr.type="string" for="graph" id="d24"/>
  <key attr.name="Layer" attr.type="string" for="graph" id="d25"/>
  <key attr.name="Network" attr.type="string" for="graph" id="d26"/>
  <key attr.name="NetworkDate" attr.type="string" for="graph" id="d27"/>
  <key attr.name="Provenance" attr.type="string" for="graph" id="d28"/>
  <key attr.name="Source" attr.type="string" for="graph" id="d29"/>
  <key attr.name="Testbed" attr.type="boolean" for="graph" id="d30"/>
  <key attr.name="Transit" attr.type="boolean" for="graph" id="d31"/>
  <key attr.name="Type" attr.type="string" for="graph" id="d32"/>
  <key attr.name="Version" attr.type="string" for="graph" id="d33"/>
  <key attr.name="label" attr.type="string" for="edge" id="d34"/>
  <key attr.name="url" attr.type="string" for="edge" id="d35"/>
  <key attr.name="description" attr.type="string" for="edge" id="d36"/>
  <key for="edge" id="d37" yfiles.type="edgegraphics"/>
  <graph edgedefault="directed" id="G">
    <data key="d9">false</data>
    <data key="d10">true</data>
    <data key="d11">false</data>
    <data key="d12"><![CDATA[Topology Zoo Toolset]]></data>
    <data key="d13">true</data>
    <data key="d14"><![CDATA[=]]></data>
    <data key="d15"><![CDATA[10]]></data>
    <data key="d16"><![CDATA[11/10/10]]></data>
    <data key="d17"><![CDATA[Current]]></data>
    <data key="d18"><![CDATA[2010]]></data>
    <data key="d19">false</data>
    <data key="d20"><![CDATA[Country]]></data>
    <data key="d21"><![CDATA[India]]></data>
    <data key="d22">false</data>
    <data key="d23"><![CDATA[7/10/10]]></data>
    <data key="d24"><![CDATA[2011_09_01]]></data>
    <data key="d25"><![CDATA[IP]]></data>
    <data key="d26"><![CDATA[ERNET]]></data>
    <data key="d27"><![CDATA[2010_10]]></data>
    <data key="d28"><![CDATA[Primary]]></data>
    <data key="d29"><![CDATA[http://www.ernet.in/backbone.htm]]></data>
    <data key="d30">false</data>
    <data key="d31">false</data>
    <data key="d32"><![CDATA[REN]]></data>
    <data key="d33"><![CDATA[1.0]]></data>
    <node id="n0">
      <data key="d4">true</data>
      <data key="d5"/>
      <data key="d7"/>
      <data key="d8">
        <y:ShapeNode>
          <y:Geometry height="10.0" width="10.0" x="223.685317993" y="135.457931519"/>
          <y:Fill color="#FFCC00" transparent="false"/>
          <y:BorderStyle color="#000000" type="line" width="1.0"/>
          <y:NodeLabel alignment="center" autoSizePolicy="content" fontFamily="Dialog" fontSize="8" fontStyle="plain" hasBackgroundColor="false" hasLineColor="false" height="13.421875" modelName="internal" modelPosition="c" textColor="#000000" visible="true" width="24.0390625" x="-7.01953125" y="-1.7109375">Delhi</y:NodeLabel>
          <y:Shape type="ellipse"/>
        </y:ShapeNode>
      </data>
    </node>
    <node id="n1">
      <data key="d4">true</data>
      <data key="d5"/>
      <data key="d7"/>
      <data key="d8">
        <y:ShapeNode>
          <y:Geometry height="10.0" width="10.0" x="353.835723877" y="165.215377808"/>
          <y:Fill color="#FFCC00" transparent="false"/>
          <y:BorderStyle color="#000000" type="line" width="1.0"/>
          <y:NodeLabel alignment="center" autoSizePolicy="content" fontFamily="Dialog" fontSize="8" fontStyle="plain" hasBackgroundColor="false" hasLineColor="false" height="13.421875" modelName="internal" modelPosition="c" textColor="#000000" visible="true" width="40.015625" x="-15.0078125" y="-1.7109375">Guwahati</y:NodeLabel>
          <y:Shape type="ellipse"/>
        </y:ShapeNode>
      </data>
    </node>
    <node id="n2">
      <data key="d4">true</data>
      <data key="d5"/>
      <data key="d7"/>
      <data key="d8">
        <y:ShapeNode>
          <y:Geometry height="10.0" width="10.0" x="278.0597229" y="156.511367798"/>
          <y:Fill color="#FFCC00" transparent="false"/>
          <y:BorderStyle color="#000000" type="line" width="1.0"/>
          <y:NodeLabel alignment="center" autoSizePolicy="content" fontFamily="Dialog" fontSize="8" fontStyle="plain" hasBackgroundColor="false" hasLineColor="false" height="13.421875" modelName="internal" modelPosition="c" textColor="#000000" visible="true" width="45.30078125" x="-17.650390625" y="-1.7109375">Gorakhpur</y:NodeLabel>
          <y:Shape type="ellipse"/>
        </y:ShapeNode>
      </data>
    </node>
    <node id="n3">
      <data key="d4">true</data>
      <data key="d5"/>
      <data key="d7"/>
      <data key="d8">
        <y:ShapeNode>
          <y:Geometry height="10.0" width="10.0" x="247.33972168" y="164.191375732"/>
          <y:Fill color="#FFCC00" transparent="false"/>
          <y:BorderStyle color="#000000" type="line" width="1.0"/>
          <y:NodeLabel alignment="center" autoSizePolicy="content" fontFamily="Dialog" fontSize="8" fontStyle="plain" hasBackgroundColor="false" hasLineColor="false" height="13.421875" modelName="internal" modelPosition="c" textColor="#000000" visible="true" width="31.87890625" x="-10.939453125" y="-1.7109375">Kanpur</y:NodeLabel>
          <y:Shape type="ellipse"/>
        </y:ShapeNode>
      </data>
    </node>
    <node id="n4">
      <data key="d4">true</data>
      <data key="d5"/>
      <data key="d7"/>
      <data key="d8">
        <y:ShapeNode>
          <y:Geometry height="10.0" width="10.0" x="257.579711914" y="176.479370117"/>
          <y:Fill color="#FFCC00" transparent="false"/>
          <y:BorderStyle color="#000000" type="line" width="1.0"/>
          <y:NodeLabel alignment="center" autoSizePolicy="content" fontFamily="Dialog" fontSize="8" fontStyle="plain" hasBackgroundColor="false" hasLineColor="false" height="13.421875" modelName="internal" modelPosition="c" textColor="#000000" visible="true" width="42.43359375" x="-16.216796875" y="-1.7109375">Allahabad</y:NodeLabel>
          <y:Shape type="ellipse"/>
        </y:ShapeNode>
      </data>
    </node>
    <node id="n5">
      <data key="d4">true</data>
      <data key="d5"/>
      <data key="d7"/>
      <data key="d8">
        <y:ShapeNode>
          <y:Geometry height="10.0" width="10.0" x="323.115722656" y="200.03137207"/>
          <y:Fill color="#FFCC00" transparent="false"/>
          <y:BorderStyle color="#000000" type="line" width="1.0"/>
          <y:NodeLabel alignment="center" autoSizePolicy="content" fontFamily="Dialog" fontSize="8" fontStyle="plain" hasBackgroundColor="false" hasLineColor="false" height="13.421875" modelName="internal" modelPosition="c" textColor="#000000" visible="true" width="32.953125" x="-11.4765625" y="-1.7109375">Kalkota</y:NodeLabel>
          <y:Shape type="ellipse"/>
        </y:ShapeNode>
      </data>
    </node>
    <node id="n6">
      <data key="d4">true</data>
      <data key="d5"/>
      <data key="d7"/>
      <data key="d8">
        <y:ShapeNode>
          <y:Geometry height="10.0" width="10.0" x="302.123718262" y="231.775375366"/>
          <y:Fill color="#FFCC00" transparent="false"/>
          <y:BorderStyle color="#000000" type="line" width="1.0"/>
          <y:NodeLabel alignment="center" autoSizePolicy="content" fontFamily="Dialog" fontSize="8" fontStyle="plain" hasBackgroundColor="false" hasLineColor="false" height="13.421875" modelName="internal" modelPosition="c" textColor="#000000" visible="true" width="55.33984375" x="-22.669921875" y="-1.7109375">Bhubaneswar</y:NodeLabel>
          <y:Shape type="ellipse"/>
        </y:ShapeNode>
      </data>
    </node>
    <node id="n7">
      <data key="d4">true</data>
      <data key="d5"/>
      <data key="d7"/>
      <data key="d8">
        <y:ShapeNode>
          <y:Geometry height="10.0" width="10.0" x="236.587722778" y="255.327377319"/>
          <y:Fill color="#FFCC00" transparent="false"/>
          <y:BorderStyle color="#000000" type="line" width="1.0"/>
          <y:NodeLabel alignment="center" autoSizePolicy="content" fontFamily="Dialog" fontSize="8" fontStyle="plain" hasBackgroundColor="false" hasLineColor="false" height="13.421875" modelName="internal" modelPosition="c" textColor="#000000" visible="true" width="45.73046875" x="-17.865234375" y="-1.7109375">Hyderabad</y:NodeLabel>
          <y:Shape type="ellipse"/>
        </y:ShapeNode>
      </data>
    </node>
    <node id="n8">
      <data key="d4">true</data>
      <data key="d5"/>
      <data key="d7"/>
      <data key="d8">
        <y:ShapeNode>
          <y:Geometry height="10.0" width="10.0" x="250.411727905" y="300.383361816"/>
          <y:Fill color="#FFCC00" transparent="false"/>
          <y:BorderStyle color="#000000" type="line" width="1.0"/>
          <y:NodeLabel alignment="center" autoSizePolicy="content" fontFamily="Dialog" fontSize="8" fontStyle="plain" hasBackgroundColor="false" hasLineColor="false" height="13.421875" modelName="internal" modelPosition="c" textColor="#000000" visible="true" width="35.6171875" x="-12.80859375" y="-1.7109375">Chennai</y:NodeLabel>
          <y:Shape type="ellipse"/>
        </y:ShapeNode>
      </data>
    </node>
    <node id="n9">
      <data key="d4">true</data>
      <data key="d5"/>
      <data key="d7"/>
      <data key="d8">
        <y:ShapeNode>
          <y:Geometry height="10.0" width="10.0" x="221.637329102" y="298.417297363"/>
          <y:Fill color="#FFCC00" transparent="false"/>
          <y:BorderStyle color="#000000" type="line" width="1.0"/>
          <y:NodeLabel alignment="center" autoSizePolicy="content" fontFamily="Dialog" fontSize="8" fontStyle="plain" hasBackgroundColor="false" hasLineColor="false" height="13.421875" modelName="internal" modelPosition="c" textColor="#000000" visible="true" width="42.9453125" x="-16.47265625" y="-1.7109375">Bengaluru</y:NodeLabel>
          <y:Shape type="ellipse"/>
        </y:ShapeNode>
      </data>
    </node>
    <node id="n10">
      <data key="d4">true</data>
      <data key="d5"/>
      <data key="d7"/>
      <data key="d8">
        <y:ShapeNode>
          <y:Geometry height="10.0" width="10.0" x="215.595718384" y="341.343383789"/>
          <y:Fill color="#FFCC00" transparent="false"/>
          <y:BorderStyle color="#000000" type="line" width="1.0"/>
          <y:NodeLabel alignment="center" autoSizePolicy="content" fontFamily="Dialog" fontSize="8" fontStyle="plain" hasBackgroundColor="false" hasLineColor="false" height="13.421875" modelName="internal" modelPosition="c" textColor="#000000" visible="true" width="48.91015625" x="-19.455078125" y="-1.7109375">Trivandrum</y:NodeLabel>
          <y:Shape type="ellipse"/>
        </y:ShapeNode>
      </data>
    </node>
    <node id="n11">
      <data key="d4">true</data>
      <data key="d5"/>
      <data key="d7"/>
      <data key="d8">
        <y:ShapeNode>
          <y:Geometry height="10.0" width="10.0" x="182.192840576" y="233.598098755"/>
          <y:Fill color="#FFCC00" transparent="false"/>
          <y:BorderStyle color="#000000" type="line" width="1.0"/>
          <y:NodeLabel alignment="center" autoSizePolicy="content" fontFamily="Dialog" fontSize="8" fontStyle="plain" hasBackgroundColor="false" hasLineColor="false" height="13.421875" modelName="internal" modelPosition="c" textColor="#000000" visible="true" width="35.08984375" x="-12.544921875" y="-1.7109375">Mumbai</y:NodeLabel>
          <y:Shape type="ellipse"/>
        </y:ShapeNode>
      </data>
    </node>
    <node id="n12">
      <data key="d4">true</data>
      <data key="d5"/>
      <data key="d7"/>
      <data key="d8">
        <y:ShapeNode>
          <y:Geometry height="10.0" width="10.0" x="198.69972229" y="236.895370483"/>
          <y:Fill color="#FFCC00" transparent="false"/>
          <y:BorderStyle color="#000000" type="line" width="1.0"/>
          <y:NodeLabel alignment="center" autoSizePolicy="content" fontFamily="Dialog" fontSize="8" fontStyle="plain" hasBackgroundColor="false" hasLineColor="false" height="13.421875" modelName="internal" modelPosition="c" textColor="#000000" visible="true" width="22.80859375" x="-6.404296875" y="-1.7109375">Pune</y:NodeLabel>
          <y:Shape type="ellipse"/>
        </y:ShapeNode>
      </data>
    </node>
    <node id="n13">
      <data key="d4">true</data>
      <data key="d5"/>
      <data key="d7"/>
      <data key="d8">
        <y:ShapeNode>
          <y:Geometry height="10.0" width="10.0" x="213.179092407" y="201.014419556"/>
          <y:Fill color="#FFCC00" transparent="false"/>
          <y:BorderStyle color="#000000" type="line" width="1.0"/>
          <y:NodeLabel alignment="center" autoSizePolicy="content" fontFamily="Dialog" fontSize="8" fontStyle="plain" hasBackgroundColor="false" hasLineColor="false" height="13.421875" modelName="internal" modelPosition="c" textColor="#000000" visible="true" width="28.94921875" x="-9.474609375" y="-1.7109375">Indore</y:NodeLabel>
          <y:Shape type="ellipse"/>
        </y:ShapeNode>
      </data>
    </node>
    <node id="n14">
      <data key="d4">true</data>
      <data key="d5"/>
      <data key="d7"/>
      <data key="d8">
        <y:ShapeNode>
          <y:Geometry height="10.0" width="10.0" x="180.267730713" y="190.303375244"/>
          <y:Fill color="#FFCC00" transparent="false"/>
          <y:BorderStyle color="#000000" type="line" width="1.0"/>
          <y:NodeLabel alignment="center" autoSizePolicy="content" fontFamily="Dialog" fontSize="8" fontStyle="plain" hasBackgroundColor="false" hasLineColor="false" height="13.421875" modelName="internal" modelPosition="c" textColor="#000000" visible="true" width="50.3515625" x="-20.17578125" y="-1.7109375">Ahmedabad</y:NodeLabel>
          <y:Shape type="ellipse"/>
        </y:ShapeNode>
      </data>
    </node>
    <node id="n15">
      <data key="d4">true</data>
      <data key="d5"/>
      <data key="d7"/>
      <data key="d8">
        <y:ShapeNode>
          <y:Geometry height="10.0" width="10.0" x="220.203720093" y="161.631378174"/>
          <y:Fill color="#FFCC00" transparent="false"/>
          <y:BorderStyle color="#000000" type="line" width="1.0"/>
          <y:NodeLabel alignment="center" autoSizePolicy="content" fontFamily="Dialog" fontSize="8" fontStyle="plain" hasBackgroundColor="false" hasLineColor="false" height="13.421875" modelName="internal" modelPosition="c" textColor="#000000" visible="true" width="26.4921875" x="-8.24609375" y="-1.7109375">Jaipur</y:NodeLabel>
          <y:Shape type="ellipse"/>
        </y:ShapeNode>
      </data>
    </node>
    <node id="n16">
      <data key="d4">false</data>
      <data key="d5"><![CDATA[4 Computers]]></data>
      <data key="d7"/>
      <data key="d8">
        <y:ShapeNode>
          <y:Geometry height="30.0" width="30.0" x="66.6549224854" y="177.872009277"/>
          <y:Fill color="#FF00FF" transparent="false"/>
          <y:BorderStyle color="#000000" type="line" width="1.0"/>
          <y:NodeLabel alignment="center" autoSizePolicy="content" fontFamily="Dialog" fontSize="8" fontStyle="plain" hasBackgroundColor="false" hasLineColor="false" hasText="false" height="4.0" modelName="internal" modelPosition="c" textColor="#000000" visible="true" width="4.0" x="13.0" y="13.0"/>
          <y:Shape type="triangle"/>
        </y:ShapeNode>
      </data>
    </node>
    <node id="n17">
      <data key="d4">false</data>
      <data key="d5"><![CDATA[4 Computers]]></data>
      <data key="d7"/>
      <data key="d8">
        <y:ShapeNode>
          <y:Geometry height="30.0" width="30.0" x="104.338127136" y="274.86529541"/>
          <y:Fill color="#FF00FF" transparent="false"/>
          <y:BorderStyle color="#000000" type="line" width="1.0"/>
          <y:NodeLabel alignment="center" autoSizePolicy="content" fontFamily="Dialog" fontSize="8" fontStyle="plain" hasBackgroundColor="false" hasLineColor="false" hasText="false" height="4.0" modelName="internal" modelPosition="c" textColor="#000000" visible="true" width="4.0" x="13.0" y="13.0"/>
          <y:Shape type="triangle"/>
        </y:ShapeNode>
      </data>
    </node>
    <node id="n18">
      <data key="d4">false</data>
      <data key="d5"><![CDATA[4 Computers]]></data>
      <data key="d7"/>
      <data key="d8">
        <y:ShapeNode>
          <y:Geometry height="30.0" width="30.0" x="365.826751709" y="240.131210327"/>
          <y:Fill color="#FF00FF" transparent="false"/>
          <y:BorderStyle color="#000000" type="line" width="1.0"/>
          <y:NodeLabel alignment="center" autoSizePolicy="content" fontFamily="Dialog" fontSize="8" fontStyle="plain" hasBackgroundColor="false" hasLineColor="false" hasText="false" height="4.0" modelName="internal" modelPosition="c" textColor="#000000" visible="true" width="4.0" x="13.0" y="12.999999999999972"/>
          <y:Shape type="triangle"/>
        </y:ShapeNode>
      </data>
    </node>
    <node id="n19">
      <data key="d4">false</data>
      <data key="d5"><![CDATA[4 Computers]]></data>
      <data key="d7"/>
      <data key="d8">
        <y:ShapeNode>
          <y:Geometry height="30.0" width="30.0" x="373.035736084" y="101.850250244"/>
          <y:Fill color="#FF00FF" transparent="false"/>
          <y:BorderStyle color="#000000" type="line" width="1.0"/>
          <y:NodeLabel alignment="center" autoSizePolicy="content" fontFamily="Dialog" fontSize="8" fontStyle="plain" hasBackgroundColor="false" hasLineColor="false" hasText="false" height="4.0" modelName="internal" modelPosition="c" textColor="#000000" visible="true" width="4.0" x="13.0" y="13.0"/>
          <y:Shape type="triangle"/>
        </y:ShapeNode>
      </data>
    </node>
    <node id="n20">
      <data key="d4">false</data>
      <data key="d5"/>
      <data key="d7"/>
      <data key="d8">
        <y:ShapeNode>
          <y:Geometry height="10.0" width="10.0" x="187.568847656" y="132.652175903"/>
          <y:Fill color="#FFCC00" transparent="false"/>
          <y:BorderStyle color="#000000" type="line" width="1.0"/>
          <y:NodeLabel alignment="center" autoSizePolicy="content" fontFamily="Dialog" fontSize="8" fontStyle="plain" hasBackgroundColor="false" hasLineColor="false" hasText="false" height="4.0" modelName="internal" modelPosition="c" textColor="#000000" visible="true" width="4.0" x="3.0" y="3.0"/>
          <y:Shape type="triangle"/>
        </y:ShapeNode>
      </data>
    </node>
    <node id="n21">
      <data key="d4">false</data>
      <data key="d5"/>
      <data key="d7"/>
      <data key="d8">
        <y:ShapeNode>
          <y:Geometry height="10.0" width="10.0" x="151.851730347" y="247.340179443"/>
          <y:Fill color="#FFCC00" transparent="false"/>
          <y:BorderStyle color="#000000" type="line" width="1.0"/>
          <y:NodeLabel alignment="center" autoSizePolicy="content" fontFamily="Dialog" fontSize="8" fontStyle="plain" hasBackgroundColor="false" hasLineColor="false" hasText="false" height="4.0" modelName="internal" modelPosition="c" textColor="#000000" visible="true" width="4.0" x="3.0" y="3.0"/>
          <y:Shape type="triangle"/>
        </y:ShapeNode>
      </data>
    </node>
    <node id="n22">
      <data key="d4">false</data>
      <data key="d5"/>
      <data key="d7"/>
      <data key="d8">
        <y:ShapeNode>
          <y:Geometry height="10.0" width="10.0" x="167.252685547" y="254.221450806"/>
          <y:Fill color="#FFCC00" transparent="false"/>
          <y:BorderStyle color="#000000" type="line" width="1.0"/>
          <y:NodeLabel alignment="center" autoSizePolicy="content" fontFamily="Dialog" fontSize="8" fontStyle="plain" hasBackgroundColor="false" hasLineColor="false" hasText="false" height="4.0" modelName="internal" modelPosition="c" textColor="#000000" visible="true" width="4.0" x="3.0" y="3.0"/>
          <y:Shape type="triangle"/>
        </y:ShapeNode>
      </data>
    </node>
    <node id="n23">
      <data key="d4">false</data>
      <data key="d5"/>
      <data key="d7"/>
      <data key="d8">
        <y:ShapeNode>
          <y:Geometry height="10.0" width="10.0" x="170.201797485" y="304.356506348"/>
          <y:Fill color="#FFCC00" transparent="false"/>
          <y:BorderStyle color="#000000" type="line" width="1.0"/>
          <y:NodeLabel alignment="center" autoSizePolicy="content" fontFamily="Dialog" fontSize="8" fontStyle="plain" hasBackgroundColor="false" hasLineColor="false" hasText="false" height="4.0" modelName="internal" modelPosition="c" textColor="#000000" visible="true" width="4.0" x="3.0" y="3.0"/>
          <y:Shape type="triangle"/>
        </y:ShapeNode>
      </data>
    </node>
    <node id="n24">
      <data key="d4">false</data>
      <data key="d5"/>
      <data key="d7"/>
      <data key="d8">
        <y:ShapeNode>
          <y:Geometry height="10.0" width="10.0" x="193.794769287" y="313.203857422"/>
          <y:Fill color="#FFCC00" transparent="false"/>
          <y:BorderStyle color="#000000" type="line" width="1.0"/>
          <y:NodeLabel alignment="center" autoSizePolicy="content" fontFamily="Dialog" fontSize="8" fontStyle="plain" hasBackgroundColor="false" hasLineColor="false" hasText="false" height="4.0" modelName="internal" modelPosition="c" textColor="#000000" visible="true" width="4.0" x="3.0" y="3.0"/>
          <y:Shape type="triangle"/>
        </y:ShapeNode>
      </data>
    </node>
    <node id="n25">
      <data key="d4">false</data>
      <data key="d5"/>
      <data key="d7"/>
      <data key="d8">
        <y:ShapeNode>
          <y:Geometry height="10.0" width="10.0" x="189.534927368" y="353.508483887"/>
          <y:Fill color="#FFCC00" transparent="false"/>
          <y:BorderStyle color="#000000" type="line" width="1.0"/>
          <y:NodeLabel alignment="center" autoSizePolicy="content" fontFamily="Dialog" fontSize="8" fontStyle="plain" hasBackgroundColor="false" hasLineColor="false" hasText="false" height="4.0" modelName="internal" modelPosition="c" textColor="#000000" visible="true" width="4.0" x="3.0" y="3.0"/>
          <y:Shape type="triangle"/>
        </y:ShapeNode>
      </data>
    </node>
    <node id="n26">
      <data key="d4">false</data>
      <data key="d5"/>
      <data key="d7"/>
      <data key="d8">
        <y:ShapeNode>
          <y:Geometry height="10.0" width="10.0" x="259.658447266" y="270.605438232"/>
          <y:Fill color="#FFCC00" transparent="false"/>
          <y:BorderStyle color="#000000" type="line" width="1.0"/>
          <y:NodeLabel alignment="center" autoSizePolicy="content" fontFamily="Dialog" fontSize="8" fontStyle="plain" hasBackgroundColor="false" hasLineColor="false" hasText="false" height="4.0" modelName="internal" modelPosition="c" textColor="#000000" visible="true" width="4.0" x="3.0" y="3.0"/>
          <y:Shape type="triangle"/>
        </y:ShapeNode>
      </data>
    </node>
    <node id="n27">
      <data key="d4">false</data>
      <data key="d5"/>
      <data key="d7"/>
      <data key="d8">
        <y:ShapeNode>
          <y:Geometry height="10.0" width="10.0" x="278.008514404" y="314.186889648"/>
          <y:Fill color="#FFCC00" transparent="false"/>
          <y:BorderStyle color="#000000" type="line" width="1.0"/>
          <y:NodeLabel alignment="center" autoSizePolicy="content" fontFamily="Dialog" fontSize="8" fontStyle="plain" hasBackgroundColor="false" hasLineColor="false" hasText="false" height="4.0" modelName="internal" modelPosition="c" textColor="#000000" visible="true" width="4.0" x="3.0" y="3.0"/>
          <y:Shape type="triangle"/>
        </y:ShapeNode>
      </data>
    </node>
    <node id="n28">
      <data key="d4">false</data>
      <data key="d5"/>
      <data key="d7"/>
      <data key="d8">
        <y:ShapeNode>
          <y:Geometry height="10.0" width="10.0" x="331.092681885" y="228.007049561"/>
          <y:Fill color="#FFCC00" transparent="false"/>
          <y:BorderStyle color="#000000" type="line" width="1.0"/>
          <y:NodeLabel alignment="center" autoSizePolicy="content" fontFamily="Dialog" fontSize="8" fontStyle="plain" hasBackgroundColor="false" hasLineColor="false" hasText="false" height="4.0" modelName="internal" modelPosition="c" textColor="#000000" visible="true" width="4.0" x="3.0" y="3.0"/>
          <y:Shape type="triangle"/>
        </y:ShapeNode>
      </data>
    </node>
    <node id="n29">
      <data key="d4">false</data>
      <data key="d5"/>
      <data key="d7"/>
      <data key="d8">
        <y:ShapeNode>
          <y:Geometry height="10.0" width="10.0" x="347.804351807" y="215.227539062"/>
          <y:Fill color="#FFCC00" transparent="false"/>
          <y:BorderStyle color="#000000" type="line" width="1.0"/>
          <y:NodeLabel alignment="center" autoSizePolicy="content" fontFamily="Dialog" fontSize="8" fontStyle="plain" hasBackgroundColor="false" hasLineColor="false" hasText="false" height="4.0" modelName="internal" modelPosition="c" textColor="#000000" visible="true" width="4.0" x="3.0" y="3.0"/>
          <y:Shape type="triangle"/>
        </y:ShapeNode>
      </data>
    </node>
    <edge id="e0" source="n0" target="n3">
      <data key="d34"><![CDATA[Dark Green]]></data>
      <data key="d36"/>
      <data key="d37">
        <y:PolyLineEdge>
          <y:Path sx="0.0" sy="0.0" tx="0.0" ty="0.0"/>
          <y:LineStyle color="#339966" type="line" width="1.0"/>
          <y:Arrows source="none" target="none"/>
          <y:BendStyle smoothed="false"/>
        </y:PolyLineEdge>
      </data>
    </edge>
    <edge id="e1" source="n0" target="n5">
      <data key="d34"><![CDATA[Dark Green]]></data>
      <data key="d36"/>
      <data key="d37">
        <y:PolyLineEdge>
          <y:Path sx="0.0" sy="0.0" tx="0.0" ty="0.0"/>
          <y:LineStyle color="#339966" type="line" width="1.0"/>
          <y:Arrows source="none" target="none"/>
          <y:BendStyle smoothed="false"/>
        </y:PolyLineEdge>
      </data>
    </edge>
    <edge id="e2" source="n0" target="n9">
      <data key="d34"><![CDATA[Dark Green]]></data>
      <data key="d36"/>
      <data key="d37">
        <y:PolyLineEdge>
          <y:Path sx="0.0" sy="0.0" tx="0.0" ty="0.0"/>
          <y:LineStyle color="#339966" type="line" width="1.0"/>
          <y:Arrows source="none" target="none"/>
          <y:BendStyle smoothed="false"/>
        </y:PolyLineEdge>
      </data>
    </edge>
    <edge id="e3" source="n0" target="n11">
      <data key="d34"><![CDATA[Dark Green]]></data>
      <data key="d36"/>
      <data key="d37">
        <y:PolyLineEdge>
          <y:Path sx="0.0" sy="0.0" tx="0.0" ty="0.0"/>
          <y:LineStyle color="#339966" type="line" width="1.0"/>
          <y:Arrows source="none" target="none"/>
          <y:BendStyle smoothed="false"/>
        </y:PolyLineEdge>
      </data>
    </edge>
    <edge id="e4" source="n0" target="n14">
      <data key="d34"><![CDATA[Red]]></data>
      <data key="d36"/>
      <data key="d37">
        <y:PolyLineEdge>
          <y:Path sx="0.0" sy="0.0" tx="0.0" ty="0.0"/>
          <y:LineStyle color="#FF0000" type="line" width="3.0"/>
          <y:Arrows source="none" target="none"/>
          <y:BendStyle smoothed="false"/>
        </y:PolyLineEdge>
      </data>
    </edge>
    <edge id="e5" source="n0" target="n15">
      <data key="d34"><![CDATA[Red]]></data>
      <data key="d36"/>
      <data key="d37">
        <y:PolyLineEdge>
          <y:Path sx="0.0" sy="0.0" tx="0.0" ty="0.0"/>
          <y:LineStyle color="#FF0000" type="line" width="3.0"/>
          <y:Arrows source="none" target="none"/>
          <y:BendStyle smoothed="false"/>
        </y:PolyLineEdge>
      </data>
    </edge>
    <edge id="e6" source="n0" target="n19">
      <data key="d34"><![CDATA[Dashed Purple]]></data>
      <data key="d36"/>
      <data key="d37">
        <y:PolyLineEdge>
          <y:Path sx="0.0" sy="0.0" tx="0.0" ty="0.0"/>
          <y:LineStyle color="#808000" type="line" width="3.0"/>
          <y:Arrows source="none" target="none"/>
          <y:BendStyle smoothed="false"/>
        </y:PolyLineEdge>
      </data>
    </edge>
    <edge id="e7" source="n0" target="n20">
      <data key="d34"><![CDATA[Light Green Bolt]]></data>
      <data key="d36"/>
      <data key="d37">
        <y:PolyLineEdge>
          <y:Path sx="0.0" sy="0.0" tx="0.0" ty="0.0"/>
          <y:LineStyle color="#00FF00" type="line" width="1.0"/>
          <y:Arrows source="none" target="none"/>
          <y:BendStyle smoothed="false"/>
        </y:PolyLineEdge>
      </data>
    </edge>
    <edge id="e8" source="n1" target="n5">
      <data key="d34"><![CDATA[Dark Green]]></data>
      <data key="d36"/>
      <data key="d37">
        <y:PolyLineEdge>
          <y:Path sx="0.0" sy="0.0" tx="0.0" ty="0.0"/>
          <y:LineStyle color="#339966" type="line" width="1.0"/>
          <y:Arrows source="none" target="none"/>
          <y:BendStyle smoothed="false"/>
        </y:PolyLineEdge>
      </data>
    </edge>
    <edge id="e9" source="n2" target="n3">
      <data key="d34"><![CDATA[Dark Green]]></data>
      <data key="d36"/>
      <data key="d37">
        <y:PolyLineEdge>
          <y:Path sx="0.0" sy="0.0" tx="0.0" ty="0.0"/>
          <y:LineStyle color="#339966" type="line" width="1.0"/>
          <y:Arrows source="none" target="none"/>
          <y:BendStyle smoothed="false"/>
        </y:PolyLineEdge>
      </data>
    </edge>
    <edge id="e10" source="n3" target="n4">
      <data key="d34"><![CDATA[Dark Green]]></data>
      <data key="d36"/>
      <data key="d37">
        <y:PolyLineEdge>
          <y:Path sx="0.0" sy="0.0" tx="0.0" ty="0.0"/>
          <y:LineStyle color="#339966" type="line" width="1.0"/>
          <y:Arrows source="none" target="none"/>
          <y:BendStyle smoothed="false"/>
        </y:PolyLineEdge>
      </data>
    </edge>
    <edge id="e11" source="n3" target="n18">
      <data key="d34"><![CDATA[Dashed Pink]]></data>
      <data key="d36"/>
      <data key="d37">
        <y:PolyLineEdge>
          <y:Path sx="0.0" sy="0.0" tx="0.0" ty="0.0"/>
          <y:LineStyle color="#808000" type="line" width="3.0"/>
          <y:Arrows source="none" target="none"/>
          <y:BendStyle smoothed="false"/>
        </y:PolyLineEdge>
      </data>
    </edge>
    <edge id="e12" source="n5" target="n29">
      <data key="d34"><![CDATA[Light Green Bolt]]></data>
      <data key="d36"/>
      <data key="d37">
        <y:PolyLineEdge>
          <y:Path sx="0.0" sy="0.0" tx="0.0" ty="0.0"/>
          <y:LineStyle color="#00FF00" type="line" width="1.0"/>
          <y:Arrows source="none" target="none"/>
          <y:BendStyle smoothed="false"/>
        </y:PolyLineEdge>
      </data>
    </edge>
    <edge id="e13" source="n5" target="n6">
      <data key="d34"><![CDATA[Dark Green]]></data>
      <data key="d36"/>
      <data key="d37">
        <y:PolyLineEdge>
          <y:Path sx="0.0" sy="0.0" tx="0.0" ty="0.0"/>
          <y:LineStyle color="#339966" type="line" width="1.0"/>
          <y:Arrows source="none" target="none"/>
          <y:BendStyle smoothed="false"/>
        </y:PolyLineEdge>
      </data>
    </edge>
    <edge id="e14" source="n5" target="n7">
      <data key="d34"><![CDATA[Dark Green]]></data>
      <data key="d36"/>
      <data key="d37">
        <y:PolyLineEdge>
          <y:Path sx="0.0" sy="0.0" tx="0.0" ty="0.0"/>
          <y:LineStyle color="#339966" type="line" width="1.0"/>
          <y:Arrows source="none" target="none"/>
          <y:BendStyle smoothed="false"/>
        </y:PolyLineEdge>
      </data>
    </edge>
    <edge id="e15" source="n6" target="n28">
      <data key="d34"><![CDATA[Light Green Bolt]]></data>
      <data key="d36"/>
      <data key="d37">
        <y:PolyLineEdge>
          <y:Path sx="0.0" sy="0.0" tx="0.0" ty="0.0"/>
          <y:LineStyle color="#00FF00" type="line" width="1.0"/>
          <y:Arrows source="none" target="none"/>
          <y:BendStyle smoothed="false"/>
        </y:PolyLineEdge>
      </data>
    </edge>
    <edge id="e16" source="n7" target="n8">
      <data key="d34"><![CDATA[Dark Green]]></data>
      <data key="d36"/>
      <data key="d37">
        <y:PolyLineEdge>
          <y:Path sx="0.0" sy="0.0" tx="0.0" ty="0.0"/>
          <y:LineStyle color="#339966" type="line" width="1.0"/>
          <y:Arrows source="none" target="none"/>
          <y:BendStyle smoothed="false"/>
        </y:PolyLineEdge>
      </data>
    </edge>
    <edge id="e17" source="n7" target="n9">
      <data key="d34"><![CDATA[Dark Green]]></data>
      <data key="d36"/>
      <data key="d37">
        <y:PolyLineEdge>
          <y:Path sx="0.0" sy="0.0" tx="0.0" ty="0.0"/>
          <y:LineStyle color="#339966" type="line" width="1.0"/>
          <y:Arrows source="none" target="none"/>
          <y:BendStyle smoothed="false"/>
        </y:PolyLineEdge>
      </data>
    </edge>
    <edge id="e18" source="n7" target="n26">
      <data key="d34"><![CDATA[Light Green Bolt]]></data>
      <data key="d36"/>
      <data key="d37">
        <y:PolyLineEdge>
          <y:Path sx="0.0" sy="0.0" tx="0.0" ty="0.0"/>
          <y:LineStyle color="#00FF00" type="line" width="1.0"/>
          <y:Arrows source="none" target="none"/>
          <y:BendStyle smoothed="false"/>
        </y:PolyLineEdge>
      </data>
    </edge>
    <edge id="e19" source="n8" target="n9">
      <data key="d34"><![CDATA[Dark Green]]></data>
      <data key="d36"/>
      <data key="d37">
        <y:PolyLineEdge>
          <y:Path sx="0.0" sy="0.0" tx="0.0" ty="0.0"/>
          <y:LineStyle color="#339966" type="line" width="1.0"/>
          <y:Arrows source="none" target="none"/>
          <y:BendStyle smoothed="false"/>
        </y:PolyLineEdge>
      </data>
    </edge>
    <edge id="e20" source="n8" target="n27">
      <data key="d34"><![CDATA[Light Green Bolt]]></data>
      <data key="d36"/>
      <data key="d37">
        <y:PolyLineEdge>
          <y:Path sx="0.0" sy="0.0" tx="0.0" ty="0.0"/>
          <y:LineStyle color="#00FF00" type="line" width="1.0"/>
          <y:Arrows source="none" target="none"/>
          <y:BendStyle smoothed="false"/>
        </y:PolyLineEdge>
      </data>
    </edge>
    <edge id="e21" source="n9" target="n10">
      <data key="d34"><![CDATA[Dark Green]]></data>
      <data key="d36"/>
      <data key="d37">
        <y:PolyLineEdge>
          <y:Path sx="0.0" sy="0.0" tx="0.0" ty="0.0"/>
          <y:LineStyle color="#339966" type="line" width="1.0"/>
          <y:Arrows source="none" target="none"/>
          <y:BendStyle smoothed="false"/>
        </y:PolyLineEdge>
      </data>
    </edge>
    <edge id="e22" source="n9" target="n12">
      <data key="d34"><![CDATA[Dark Green]]></data>
      <data key="d36"/>
      <data key="d37">
        <y:PolyLineEdge>
          <y:Path sx="0.0" sy="0.0" tx="0.0" ty="0.0"/>
          <y:LineStyle color="#339966" type="line" width="1.0"/>
          <y:Arrows source="none" target="none"/>
          <y:BendStyle smoothed="false"/>
        </y:PolyLineEdge>
      </data>
    </edge>
    <edge id="e23" source="n9" target="n17">
      <data key="d34"><![CDATA[Dashed Yellow]]></data>
      <data key="d36"/>
      <data key="d37">
        <y:PolyLineEdge>
          <y:Path sx="0.0" sy="0.0" tx="0.0" ty="0.0"/>
          <y:LineStyle color="#808000" type="line" width="3.0"/>
          <y:Arrows source="none" target="none"/>
          <y:BendStyle smoothed="false"/>
        </y:PolyLineEdge>
      </data>
    </edge>
    <edge id="e24" source="n9" target="n23">
      <data key="d34"><![CDATA[Light Green Bolt]]></data>
      <data key="d36"/>
      <data key="d37">
        <y:PolyLineEdge>
          <y:Path sx="0.0" sy="0.0" tx="0.0" ty="0.0"/>
          <y:LineStyle color="#00FF00" type="line" width="1.0"/>
          <y:Arrows source="none" target="none"/>
          <y:BendStyle smoothed="false"/>
        </y:PolyLineEdge>
      </data>
    </edge>
    <edge id="e25" source="n9" target="n24">
      <data key="d34"><![CDATA[Light Green Bolt]]></data>
      <data key="d36"/>
      <data key="d37">
        <y:PolyLineEdge>
          <y:Path sx="0.0" sy="0.0" tx="0.0" ty="0.0"/>
          <y:LineStyle color="#00FF00" type="line" width="1.0"/>
          <y:Arrows source="none" target="none"/>
          <y:BendStyle smoothed="false"/>
        </y:PolyLineEdge>
      </data>
    </edge>
    <edge id="e26" source="n10" target="n25">
      <data key="d34"><![CDATA[Light Green Bolt]]></data>
      <data key="d36"/>
      <data key="d37">
        <y:PolyLineEdge>
          <y:Path sx="0.0" sy="0.0" tx="0.0" ty="0.0"/>
          <y:LineStyle color="#00FF00" type="line" width="1.0"/>
          <y:Arrows source="none" target="none"/>
          <y:BendStyle smoothed="false"/>
        </y:PolyLineEdge>
      </data>
    </edge>
    <edge id="e27" source="n11" target="n16">
      <data key="d34"><![CDATA[Dashed Blue]]></data>
      <data key="d36"/>
      <data key="d37">
        <y:PolyLineEdge>
          <y:Path sx="0.0" sy="0.0" tx="0.0" ty="0.0"/>
          <y:LineStyle color="#808000" type="line" width="3.0"/>
          <y:Arrows source="none" target="none"/>
          <y:BendStyle smoothed="false"/>
        </y:PolyLineEdge>
      </data>
    </edge>
    <edge id="e28" source="n11" target="n12">
      <data key="d34"><![CDATA[Dark Green]]></data>
      <data key="d36"/>
      <data key="d37">
        <y:PolyLineEdge>
          <y:Path sx="0.0" sy="0.0" tx="0.0" ty="0.0"/>
          <y:LineStyle color="#339966" type="line" width="1.0"/>
          <y:Arrows source="none" target="none"/>
          <y:BendStyle smoothed="false"/>
        </y:PolyLineEdge>
      </data>
    </edge>
    <edge id="e29" source="n11" target="n13">
      <data key="d34"><![CDATA[Dark Green]]></data>
      <data key="d36"/>
      <data key="d37">
        <y:PolyLineEdge>
          <y:Path sx="0.0" sy="0.0" tx="0.0" ty="0.0"/>
          <y:LineStyle color="#339966" type="line" width="1.0"/>
          <y:Arrows source="none" target="none"/>
          <y:BendStyle smoothed="false"/>
        </y:PolyLineEdge>
      </data>
    </edge>
    <edge id="e30" source="n11" target="n21">
      <data key="d34"><![CDATA[Light Green Bolt]]></data>
      <data key="d36"/>
      <data key="d37">
        <y:PolyLineEdge>
          <y:Path sx="0.0" sy="0.0" tx="0.0" ty="0.0"/>
          <y:LineStyle color="#00FF00" type="line" width="1.0"/>
          <y:Arrows source="none" target="none"/>
          <y:BendStyle smoothed="false"/>
        </y:PolyLineEdge>
      </data>
    </edge>
    <edge id="e31" source="n12" target="n22">
      <data key="d34"><![CDATA[Light Green Bolt]]></data>
      <data key="d36"/>
      <data key="d37">
        <y:PolyLineEdge>
          <y:Path sx="0.0" sy="0.0" tx="0.0" ty="0.0"/>
          <y:LineStyle color="#00FF00" type="line" width="1.0"/>
          <y:Arrows source="none" target="none"/>
          <y:BendStyle smoothed="false"/>
        </y:PolyLineEdge>
      </data>
    </edge>
  </graph>
  <data key="d0">
    <y:Resources/>
  </data>
</graphml>
