<?xml version="1.0" encoding="UTF-8" standalone="no"?>
<graphml xmlns="http://graphml.graphdrawing.org/xmlns" xmlns:xsi="http://www.w3.org/2001/XMLSchema-instance" xmlns:y="http://www.yworks.com/xml/graphml" xmlns:yed="http://www.yworks.com/xml/yed/3" xsi:schemaLocation="http://graphml.graphdrawing.org/xmlns http://www.yworks.com/xml/schema/graphml/1.1/ygraphml.xsd">
  <!--Created by yFiles for Java 2.8-->
  <key for="graphml" id="d0" yfiles.type="resources"/>
  <key for="port" id="d1" yfiles.type="portgraphics"/>
  <key for="port" id="d2" yfiles.type="portgeometry"/>
  <key for="port" id="d3" yfiles.type="portuserdata"/>
  <key attr.name="Internal" attr.type="boolean" for="node" id="d4"/>
  <key attr.name="geocode_name" attr.type="string" for="node" id="d5"/>
  <key attr.name="type" attr.type="string" for="node" id="d6"/>
  <key attr.name="url" attr.type="string" for="node" id="d7"/>
  <key attr.name="description" attr.type="string" for="node" id="d8"/>
  <key for="node" id="d9" yfiles.type="nodegraphics"/>
  <key attr.name="Access" attr.type="boolean" for="graph" id="d10"/>
  <key attr.name="Backbone" attr.type="boolean" for="graph" id="d11"/>
  <key attr.name="Commercial" attr.type="boolean" for="graph" id="d12"/>
  <key attr.name="Creator" attr.type="string" for="graph" id="d13"/>
  <key attr.name="Customer" attr.type="boolean" for="graph" id="d14"/>
  <key attr.name="DateModifier" attr.type="string" for="graph" id="d15"/>
  <key attr.name="DateMonth" attr.type="string" for="graph" id="d16"/>
  <key attr.name="DateObtained" attr.type="string" for="graph" id="d17"/>
  <key attr.name="DateType" attr.type="string" for="graph" id="d18"/>
  <key attr.name="DateYear" attr.type="string" for="graph" id="d19"/>
  <key attr.name="Developed" attr.type="boolean" for="graph" id="d20"/>
  <key attr.name="GeoExtent" attr.type="string" for="graph" id="d21"/>
  <key attr.name="GeoLocation" attr.type="string" for="graph" id="d22"/>
  <key attr.name="IX" attr.type="boolean" for="graph" id="d23"/>
  <key attr.name="LastAccess" attr.type="string" for="graph" id="d24"/>
  <key attr.name="LastProcessed" attr.type="string" for="graph" id="d25"/>
  <key attr.name="Layer" attr.type="string" for="graph" id="d26"/>
  <key attr.name="Network" attr.type="string" for="graph" id="d27"/>
  <key attr.name="NetworkDate" attr.type="string" for="graph" id="d28"/>
  <key attr.name="Note" attr.type="string" for="graph" id="d29"/>
  <key attr.name="Provenance" attr.type="string" for="graph" id="d30"/>
  <key attr.name="Source" attr.type="string" for="graph" id="d31"/>
  <key attr.name="Testbed" attr.type="boolean" for="graph" id="d32"/>
  <key attr.name="Transit" attr.type="boolean" for="graph" id="d33"/>
  <key attr.name="Type" attr.type="string" for="graph" id="d34"/>
  <key attr.name="Version" attr.type="string" for="graph" id="d35"/>
  <key attr.name="label" attr.type="string" for="edge" id="d36"/>
  <key attr.name="url" attr.type="string" for="edge" id="d37"/>
  <key attr.name="description" attr.type="string" for="edge" id="d38"/>
  <key for="edge" id="d39" yfiles.type="edgegraphics"/>
  <graph edgedefault="directed" id="G">
    <data key="d10">true</data>
    <data key="d11">true</data>
    <data key="d12">false</data>
    <data key="d13"><![CDATA[Topology Zoo Toolset]]></data>
    <data key="d14">false</data>
    <data key="d15"><![CDATA[=]]></data>
    <data key="d16"><![CDATA[08]]></data>
    <data key="d17"><![CDATA[22/10/10]]></data>
    <data key="d18"><![CDATA[Current]]></data>
    <data key="d19"><![CDATA[2010]]></data>
    <data key="d20">true</data>
    <data key="d21"><![CDATA[Country]]></data>
    <data key="d22"><![CDATA[Greece]]></data>
    <data key="d23">false</data>
    <data key="d24"><![CDATA[3/08/10]]></data>
    <data key="d25"><![CDATA[2011_09_01]]></data>
    <data key="d26"><![CDATA[IP]]></data>
    <data key="d27"><![CDATA[FORTHNET]]></data>
    <data key="d28"><![CDATA[2010_08]]></data>
    <data key="d29"><![CDATA[No customer services for resale? Web site not clear.]]></data>
    <data key="d30"><![CDATA[Primary]]></data>
    <data key="d31"><![CDATA[http://www.forthnet.gr/templates/sc.aspx?c=10006453]]></data>
    <data key="d32">false</data>
    <data key="d33">true</data>
    <data key="d34"><![CDATA[COM]]></data>
    <data key="d35"><![CDATA[1.0]]></data>
    <node id="n0">
      <data key="d4">true</data>
      <data key="d5"/>
      <data key="d6"><![CDATA[Main PoP]]></data>
      <data key="d8"/>
      <data key="d9">
        <y:ShapeNode>
          <y:Geometry height="7.76000022888" width="7.76000022888" x="253.187515259" y="73.0709381104"/>
          <y:Fill color="#00FF00" transparent="false"/>
          <y:BorderStyle color="#000000" type="line" width="1.0"/>
          <y:NodeLabel alignment="center" autoSizePolicy="content" fontFamily="Dialog" fontSize="8" fontStyle="plain" hasBackgroundColor="false" hasLineColor="false" height="13.421875" modelName="internal" modelPosition="c" textColor="#000000" visible="true" width="27.84765625" x="-10.043828010559992" y="-2.8309373855600057">Serres</y:NodeLabel>
          <y:Shape type="ellipse"/>
        </y:ShapeNode>
      </data>
    </node>
    <node id="n1">
      <data key="d4">true</data>
      <data key="d5"/>
      <data key="d6"><![CDATA[Main PoP]]></data>
      <data key="d8"/>
      <data key="d9">
        <y:ShapeNode>
          <y:Geometry height="7.76000022888" width="7.76000022888" x="230.147521973" y="108.910942078"/>
          <y:Fill color="#00FF00" transparent="false"/>
          <y:BorderStyle color="#000000" type="line" width="1.0"/>
          <y:NodeLabel alignment="center" autoSizePolicy="content" fontFamily="Dialog" fontSize="8" fontStyle="plain" hasBackgroundColor="false" hasLineColor="false" height="13.421875" modelName="internal" modelPosition="c" textColor="#000000" visible="true" width="52.546875" x="-22.39343738555999" y="-2.8309373855600057">Thessaloniki</y:NodeLabel>
          <y:Shape type="ellipse"/>
        </y:ShapeNode>
      </data>
    </node>
    <node id="n2">
      <data key="d4">true</data>
      <data key="d5"/>
      <data key="d6"><![CDATA[PoP]]></data>
      <data key="d8"/>
      <data key="d9">
        <y:ShapeNode>
          <y:Geometry height="7.76000022888" width="7.76000022888" x="216.835510254" y="81.2629394531"/>
          <y:Fill color="#FFCC00" transparent="false"/>
          <y:BorderStyle color="#000000" type="line" width="1.0"/>
          <y:NodeLabel alignment="center" autoSizePolicy="content" fontFamily="Dialog" fontSize="8" fontStyle="plain" hasBackgroundColor="false" hasLineColor="false" height="13.421875" modelName="internal" modelPosition="c" textColor="#000000" visible="true" width="24.9140625" x="-8.577031135559992" y="-2.8309373855600057">Kilkis</y:NodeLabel>
          <y:Shape type="ellipse"/>
        </y:ShapeNode>
      </data>
    </node>
    <node id="n3">
      <data key="d4">true</data>
      <data key="d5"/>
      <data key="d6"><![CDATA[PoP]]></data>
      <data key="d8"/>
      <data key="d9">
        <y:ShapeNode>
          <y:Geometry height="7.76000022888" width="7.76000022888" x="184.067520142" y="93.0389404297"/>
          <y:Fill color="#FFCC00" transparent="false"/>
          <y:BorderStyle color="#000000" type="line" width="1.0"/>
          <y:NodeLabel alignment="center" autoSizePolicy="content" fontFamily="Dialog" fontSize="8" fontStyle="plain" hasBackgroundColor="false" hasLineColor="false" height="13.421875" modelName="internal" modelPosition="c" textColor="#000000" visible="true" width="30.40234375" x="-11.321171760559992" y="-2.8309373855600057">Edessa</y:NodeLabel>
          <y:Shape type="ellipse"/>
        </y:ShapeNode>
      </data>
    </node>
    <node id="n4">
      <data key="d4">true</data>
      <data key="d5"/>
      <data key="d6"><![CDATA[PoP]]></data>
      <data key="d8"/>
      <data key="d9">
        <y:ShapeNode>
          <y:Geometry height="7.76000022888" width="7.76000022888" x="143.619522095" y="98.1589431763"/>
          <y:Fill color="#FFCC00" transparent="false"/>
          <y:BorderStyle color="#000000" type="line" width="1.0"/>
          <y:NodeLabel alignment="center" autoSizePolicy="content" fontFamily="Dialog" fontSize="8" fontStyle="plain" hasBackgroundColor="false" hasLineColor="false" height="13.421875" modelName="internal" modelPosition="c" textColor="#000000" visible="true" width="30.484375" x="-11.362187385559992" y="-2.8309373855600057">Florina</y:NodeLabel>
          <y:Shape type="ellipse"/>
        </y:ShapeNode>
      </data>
    </node>
    <node id="n5">
      <data key="d4">true</data>
      <data key="d5"/>
      <data key="d6"><![CDATA[PoP]]></data>
      <data key="d8"/>
      <data key="d9">
        <y:ShapeNode>
          <y:Geometry height="7.76000022888" width="7.76000022888" x="192.771514893" y="115.566940308"/>
          <y:Fill color="#FFCC00" transparent="false"/>
          <y:BorderStyle color="#000000" type="line" width="1.0"/>
          <y:NodeLabel alignment="center" autoSizePolicy="content" fontFamily="Dialog" fontSize="8" fontStyle="plain" hasBackgroundColor="false" hasLineColor="false" height="13.421875" modelName="internal" modelPosition="c" textColor="#000000" visible="true" width="28.60546875" x="-10.422734260559992" y="-2.8309373855600057">Verola</y:NodeLabel>
          <y:Shape type="ellipse"/>
        </y:ShapeNode>
      </data>
    </node>
    <node id="n6">
      <data key="d4">true</data>
      <data key="d5"/>
      <data key="d6"><![CDATA[PoP]]></data>
      <data key="d8"/>
      <data key="d9">
        <y:ShapeNode>
          <y:Geometry height="7.76000022888" width="7.76000022888" x="169.219512939" y="129.902938843"/>
          <y:Fill color="#FFCC00" transparent="false"/>
          <y:BorderStyle color="#000000" type="line" width="1.0"/>
          <y:NodeLabel alignment="center" autoSizePolicy="content" fontFamily="Dialog" fontSize="8" fontStyle="plain" hasBackgroundColor="false" hasLineColor="false" height="13.421875" modelName="internal" modelPosition="c" textColor="#000000" visible="true" width="30.41796875" x="-11.328984260559992" y="-2.83093738556002">Kozani</y:NodeLabel>
          <y:Shape type="ellipse"/>
        </y:ShapeNode>
      </data>
    </node>
    <node id="n7">
      <data key="d4">true</data>
      <data key="d5"/>
      <data key="d6"><![CDATA[PoP]]></data>
      <data key="d8"/>
      <data key="d9">
        <y:ShapeNode>
          <y:Geometry height="7.76000022888" width="7.76000022888" x="206.59552002" y="129.390945435"/>
          <y:Fill color="#FFCC00" transparent="false"/>
          <y:BorderStyle color="#000000" type="line" width="1.0"/>
          <y:NodeLabel alignment="center" autoSizePolicy="content" fontFamily="Dialog" fontSize="8" fontStyle="plain" hasBackgroundColor="false" hasLineColor="false" height="13.421875" modelName="internal" modelPosition="c" textColor="#000000" visible="true" width="36.05859375" x="-14.149296760559992" y="-2.8309373855599915">Katerina</y:NodeLabel>
          <y:Shape type="ellipse"/>
        </y:ShapeNode>
      </data>
    </node>
    <node id="n8">
      <data key="d4">true</data>
      <data key="d5"/>
      <data key="d6"><![CDATA[PoP]]></data>
      <data key="d8"/>
      <data key="d9">
        <y:ShapeNode>
          <y:Geometry height="7.76000022888" width="7.76000022888" x="264.451507568" y="132.974945068"/>
          <y:Fill color="#FFCC00" transparent="false"/>
          <y:BorderStyle color="#000000" type="line" width="1.0"/>
          <y:NodeLabel alignment="center" autoSizePolicy="content" fontFamily="Dialog" fontSize="8" fontStyle="plain" hasBackgroundColor="false" hasLineColor="false" height="13.421875" modelName="internal" modelPosition="c" textColor="#000000" visible="true" width="41.26171875" x="-16.75085926055999" y="-2.8309373855599915">Polygyros</y:NodeLabel>
          <y:Shape type="ellipse"/>
        </y:ShapeNode>
      </data>
    </node>
    <node id="n9">
      <data key="d4">true</data>
      <data key="d5"/>
      <data key="d6"><![CDATA[PoP]]></data>
      <data key="d8"/>
      <data key="d9">
        <y:ShapeNode>
          <y:Geometry height="7.76000022888" width="7.76000022888" x="287.389129639" y="78.9077377319"/>
          <y:Fill color="#FFCC00" transparent="false"/>
          <y:BorderStyle color="#000000" type="line" width="1.0"/>
          <y:NodeLabel alignment="center" autoSizePolicy="content" fontFamily="Dialog" fontSize="8" fontStyle="plain" hasBackgroundColor="false" hasLineColor="false" height="13.421875" modelName="internal" modelPosition="c" textColor="#000000" visible="true" width="29.5703125" x="-10.905156135559992" y="-2.8309373855600057">Drama</y:NodeLabel>
          <y:Shape type="ellipse"/>
        </y:ShapeNode>
      </data>
    </node>
    <node id="n10">
      <data key="d4">true</data>
      <data key="d5"/>
      <data key="d6"><![CDATA[PoP]]></data>
      <data key="d8"/>
      <data key="d9">
        <y:ShapeNode>
          <y:Geometry height="7.76000022888" width="7.76000022888" x="321.795532227" y="73.9925384521"/>
          <y:Fill color="#FFCC00" transparent="false"/>
          <y:BorderStyle color="#000000" type="line" width="1.0"/>
          <y:NodeLabel alignment="center" autoSizePolicy="content" fontFamily="Dialog" fontSize="8" fontStyle="plain" hasBackgroundColor="false" hasLineColor="false" height="13.421875" modelName="internal" modelPosition="c" textColor="#000000" visible="true" width="28.66015625" x="-10.450078010559992" y="-2.8309373855600057">Xanthi</y:NodeLabel>
          <y:Shape type="ellipse"/>
        </y:ShapeNode>
      </data>
    </node>
    <node id="n11">
      <data key="d4">true</data>
      <data key="d5"/>
      <data key="d6"><![CDATA[Main PoP]]></data>
      <data key="d8"/>
      <data key="d9">
        <y:ShapeNode>
          <y:Geometry height="7.76000022888" width="7.76000022888" x="305.001922607" y="86.2805404663"/>
          <y:Fill color="#00FF00" transparent="false"/>
          <y:BorderStyle color="#000000" type="line" width="1.0"/>
          <y:NodeLabel alignment="center" autoSizePolicy="content" fontFamily="Dialog" fontSize="8" fontStyle="plain" hasBackgroundColor="false" hasLineColor="false" height="13.421875" modelName="internal" modelPosition="c" textColor="#000000" visible="true" width="28.9296875" x="-10.584843635559992" y="-2.8309373855600057">Kavala</y:NodeLabel>
          <y:Shape type="ellipse"/>
        </y:ShapeNode>
      </data>
    </node>
    <node id="n12">
      <data key="d4">true</data>
      <data key="d5"/>
      <data key="d6"><![CDATA[Main PoP]]></data>
      <data key="d8"/>
      <data key="d9">
        <y:ShapeNode>
          <y:Geometry height="7.76000022888" width="7.76000022888" x="345.961914062" y="81.7749404907"/>
          <y:Fill color="#00FF00" transparent="false"/>
          <y:BorderStyle color="#000000" type="line" width="1.0"/>
          <y:NodeLabel alignment="center" autoSizePolicy="content" fontFamily="Dialog" fontSize="8" fontStyle="plain" hasBackgroundColor="false" hasLineColor="false" height="13.421875" modelName="internal" modelPosition="c" textColor="#000000" visible="true" width="39.1015625" x="-15.670781135559992" y="-2.8309373855600057">Komotini</y:NodeLabel>
          <y:Shape type="ellipse"/>
        </y:ShapeNode>
      </data>
    </node>
    <node id="n13">
      <data key="d4">true</data>
      <data key="d5"/>
      <data key="d6"><![CDATA[Main PoP]]></data>
      <data key="d8"/>
      <data key="d9">
        <y:ShapeNode>
          <y:Geometry height="7.76000022888" width="7.76000022888" x="365.622711182" y="91.1957397461"/>
          <y:Fill color="#00FF00" transparent="false"/>
          <y:BorderStyle color="#000000" type="line" width="1.0"/>
          <y:NodeLabel alignment="center" autoSizePolicy="content" fontFamily="Dialog" fontSize="8" fontStyle="plain" hasBackgroundColor="false" hasLineColor="false" height="13.421875" modelName="internal" modelPosition="c" textColor="#000000" visible="true" width="62.5546875" x="-27.39734363555999" y="-2.8309373855600057">Alexandroypoli</y:NodeLabel>
          <y:Shape type="ellipse"/>
        </y:ShapeNode>
      </data>
    </node>
    <node id="n14">
      <data key="d4">true</data>
      <data key="d5"/>
      <data key="d6"><![CDATA[PoP]]></data>
      <data key="d8"/>
      <data key="d9">
        <y:ShapeNode>
          <y:Geometry height="7.76000022888" width="7.76000022888" x="410.269104004" y="208.750946045"/>
          <y:Fill color="#FFCC00" transparent="false"/>
          <y:BorderStyle color="#000000" type="line" width="1.0"/>
          <y:NodeLabel alignment="center" autoSizePolicy="content" fontFamily="Dialog" fontSize="8" fontStyle="plain" hasBackgroundColor="false" hasLineColor="false" height="13.421875" modelName="internal" modelPosition="c" textColor="#000000" visible="true" width="30.828125" x="-11.534062385559992" y="-2.8309373855599915">Lesbos</y:NodeLabel>
          <y:Shape type="ellipse"/>
        </y:ShapeNode>
      </data>
    </node>
    <node id="n15">
      <data key="d4">true</data>
      <data key="d5"/>
      <data key="d6"><![CDATA[Main PoP]]></data>
      <data key="d8"/>
      <data key="d9">
        <y:ShapeNode>
          <y:Geometry height="7.76000022888" width="7.76000022888" x="262.403503418" y="279.038299561"/>
          <y:Fill color="#00FF00" transparent="false"/>
          <y:BorderStyle color="#000000" type="line" width="1.0"/>
          <y:NodeLabel alignment="center" autoSizePolicy="content" fontFamily="Dialog" fontSize="8" fontStyle="plain" hasBackgroundColor="false" hasLineColor="false" height="13.421875" modelName="internal" modelPosition="c" textColor="#000000" visible="true" width="30.9765625" x="-11.608281135559992" y="-2.8309373855599915">Athens</y:NodeLabel>
          <y:Shape type="ellipse"/>
        </y:ShapeNode>
      </data>
    </node>
    <node id="n16">
      <data key="d4">false</data>
      <data key="d5"/>
      <data key="d6"/>
      <data key="d8"/>
      <data key="d9">
        <y:ShapeNode>
          <y:Geometry height="7.76000022888" width="7.76000022888" x="295.581115723" y="229.230941772"/>
          <y:Fill color="#FFCC00" transparent="false"/>
          <y:BorderStyle color="#000000" type="line" width="1.0"/>
          <y:NodeLabel alignment="center" autoSizePolicy="content" fontFamily="Dialog" fontSize="8" fontStyle="plain" hasBackgroundColor="false" hasLineColor="false" height="13.421875" modelName="internal" modelPosition="c" textColor="#000000" visible="true" width="93.7265625" x="-42.98328113555999" y="-2.8309373855599915">Interconnection Greece</y:NodeLabel>
          <y:Shape type="triangle"/>
        </y:ShapeNode>
      </data>
    </node>
    <node id="n17">
      <data key="d4">true</data>
      <data key="d5"/>
      <data key="d6"><![CDATA[PoP]]></data>
      <data key="d8"/>
      <data key="d9">
        <y:ShapeNode>
          <y:Geometry height="7.76000022888" width="7.76000022888" x="388.150726318" y="254.626144409"/>
          <y:Fill color="#FFCC00" transparent="false"/>
          <y:BorderStyle color="#000000" type="line" width="1.0"/>
          <y:NodeLabel alignment="center" autoSizePolicy="content" fontFamily="Dialog" fontSize="8" fontStyle="plain" hasBackgroundColor="false" hasLineColor="false" height="13.421875" modelName="internal" modelPosition="c" textColor="#000000" visible="true" width="25.8046875" x="-9.022343635559992" y="-2.8309373855599915">Chios</y:NodeLabel>
          <y:Shape type="ellipse"/>
        </y:ShapeNode>
      </data>
    </node>
    <node id="n18">
      <data key="d4">true</data>
      <data key="d5"/>
      <data key="d6"><![CDATA[PoP]]></data>
      <data key="d8"/>
      <data key="d9">
        <y:ShapeNode>
          <y:Geometry height="7.76000022888" width="7.76000022888" x="433.206726074" y="296.814941406"/>
          <y:Fill color="#FFCC00" transparent="false"/>
          <y:BorderStyle color="#000000" type="line" width="1.0"/>
          <y:NodeLabel alignment="center" autoSizePolicy="content" fontFamily="Dialog" fontSize="8" fontStyle="plain" hasBackgroundColor="false" hasLineColor="false" height="13.421875" modelName="internal" modelPosition="c" textColor="#000000" visible="true" width="29.1875" x="-10.713749885559992" y="-2.8309373855599915">Samos</y:NodeLabel>
          <y:Shape type="ellipse"/>
        </y:ShapeNode>
      </data>
    </node>
    <node id="n19">
      <data key="d4">true</data>
      <data key="d5"/>
      <data key="d6"><![CDATA[Main PoP]]></data>
      <data key="d8"/>
      <data key="d9">
        <y:ShapeNode>
          <y:Geometry height="7.76000022888" width="7.76000022888" x="495.875518799" y="380.782928467"/>
          <y:Fill color="#00FF00" transparent="false"/>
          <y:BorderStyle color="#000000" type="line" width="1.0"/>
          <y:NodeLabel alignment="center" autoSizePolicy="content" fontFamily="Dialog" fontSize="8" fontStyle="plain" hasBackgroundColor="false" hasLineColor="false" height="13.421875" modelName="internal" modelPosition="c" textColor="#000000" visible="true" width="32.5078125" x="-12.373906135559992" y="-2.8309373855599915">Rhodes</y:NodeLabel>
          <y:Shape type="ellipse"/>
        </y:ShapeNode>
      </data>
    </node>
    <node id="n20">
      <data key="d4">true</data>
      <data key="d5"/>
      <data key="d6"><![CDATA[PoP]]></data>
      <data key="d8"/>
      <data key="d9">
        <y:ShapeNode>
          <y:Geometry height="7.76000022888" width="7.76000022888" x="350.467529297" y="383.240539551"/>
          <y:Fill color="#FFCC00" transparent="false"/>
          <y:BorderStyle color="#000000" type="line" width="1.0"/>
          <y:NodeLabel alignment="center" autoSizePolicy="content" fontFamily="Dialog" fontSize="8" fontStyle="plain" hasBackgroundColor="false" hasLineColor="false" height="13.421875" modelName="internal" modelPosition="c" textColor="#000000" visible="true" width="38.4609375" x="-15.350468635559992" y="-2.8309373855599915">Santorini</y:NodeLabel>
          <y:Shape type="ellipse"/>
        </y:ShapeNode>
      </data>
    </node>
    <node id="n21">
      <data key="d4">true</data>
      <data key="d5"/>
      <data key="d6"><![CDATA[PoP]]></data>
      <data key="d8"/>
      <data key="d9">
        <y:ShapeNode>
          <y:Geometry height="7.76000022888" width="7.76000022888" x="347.190704346" y="314.427734375"/>
          <y:Fill color="#FFCC00" transparent="false"/>
          <y:BorderStyle color="#000000" type="line" width="1.0"/>
          <y:NodeLabel alignment="center" autoSizePolicy="content" fontFamily="Dialog" fontSize="8" fontStyle="plain" hasBackgroundColor="false" hasLineColor="false" height="13.421875" modelName="internal" modelPosition="c" textColor="#000000" visible="true" width="38.6171875" x="-15.428593635559992" y="-2.8309373855599915">Mykonos</y:NodeLabel>
          <y:Shape type="ellipse"/>
        </y:ShapeNode>
      </data>
    </node>
    <node id="n22">
      <data key="d4">true</data>
      <data key="d5"/>
      <data key="d6"><![CDATA[PoP]]></data>
      <data key="d8"/>
      <data key="d9">
        <y:ShapeNode>
          <y:Geometry height="7.76000022888" width="7.76000022888" x="321.795532227" y="316.066131592"/>
          <y:Fill color="#FFCC00" transparent="false"/>
          <y:BorderStyle color="#000000" type="line" width="1.0"/>
          <y:NodeLabel alignment="center" autoSizePolicy="content" fontFamily="Dialog" fontSize="8" fontStyle="plain" hasBackgroundColor="false" hasLineColor="false" height="13.421875" modelName="internal" modelPosition="c" textColor="#000000" visible="true" width="24.75390625" x="-8.496953010559992" y="-2.8309373855599915">Syros</y:NodeLabel>
          <y:Shape type="ellipse"/>
        </y:ShapeNode>
      </data>
    </node>
    <node id="n23">
      <data key="d4">true</data>
      <data key="d5"/>
      <data key="d6"><![CDATA[PoP]]></data>
      <data key="d8"/>
      <data key="d9">
        <y:ShapeNode>
          <y:Geometry height="7.76000022888" width="7.76000022888" x="235.369918823" y="307.054931641"/>
          <y:Fill color="#FFCC00" transparent="false"/>
          <y:BorderStyle color="#000000" type="line" width="1.0"/>
          <y:NodeLabel alignment="center" autoSizePolicy="content" fontFamily="Dialog" fontSize="8" fontStyle="plain" hasBackgroundColor="false" hasLineColor="false" height="13.421875" modelName="internal" modelPosition="c" textColor="#000000" visible="true" width="26.7734375" x="-9.506718635559992" y="-2.8309373855599915">Argos</y:NodeLabel>
          <y:Shape type="ellipse"/>
        </y:ShapeNode>
      </data>
    </node>
    <node id="n24">
      <data key="d4">true</data>
      <data key="d5"/>
      <data key="d6"><![CDATA[Main PoP]]></data>
      <data key="d8"/>
      <data key="d9">
        <y:ShapeNode>
          <y:Geometry height="7.76000022888" width="7.76000022888" x="191.133117676" y="307.054931641"/>
          <y:Fill color="#00FF00" transparent="false"/>
          <y:BorderStyle color="#000000" type="line" width="1.0"/>
          <y:NodeLabel alignment="center" autoSizePolicy="content" fontFamily="Dialog" fontSize="8" fontStyle="plain" hasBackgroundColor="false" hasLineColor="false" height="13.421875" modelName="internal" modelPosition="c" textColor="#000000" visible="true" width="29.21875" x="-10.729374885559992" y="-2.8309373855599915">Tripoli</y:NodeLabel>
          <y:Shape type="ellipse"/>
        </y:ShapeNode>
      </data>
    </node>
    <node id="n25">
      <data key="d4">true</data>
      <data key="d5"/>
      <data key="d6"><![CDATA[PoP]]></data>
      <data key="d8"/>
      <data key="d9">
        <y:ShapeNode>
          <y:Geometry height="7.76000022888" width="7.76000022888" x="176.387512207" y="341.870941162"/>
          <y:Fill color="#FFCC00" transparent="false"/>
          <y:BorderStyle color="#000000" type="line" width="1.0"/>
          <y:NodeLabel alignment="center" autoSizePolicy="content" fontFamily="Dialog" fontSize="8" fontStyle="plain" hasBackgroundColor="false" hasLineColor="false" height="13.421875" modelName="internal" modelPosition="c" textColor="#000000" visible="true" width="39.66796875" x="-15.953984260559992" y="-2.8309373855599915">Kalamata</y:NodeLabel>
          <y:Shape type="ellipse"/>
        </y:ShapeNode>
      </data>
    </node>
    <node id="n26">
      <data key="d4">true</data>
      <data key="d5"/>
      <data key="d6"><![CDATA[PoP]]></data>
      <data key="d8"/>
      <data key="d9">
        <y:ShapeNode>
          <y:Geometry height="7.76000022888" width="7.76000022888" x="213.25151062" y="351.291748047"/>
          <y:Fill color="#FFCC00" transparent="false"/>
          <y:BorderStyle color="#000000" type="line" width="1.0"/>
          <y:NodeLabel alignment="center" autoSizePolicy="content" fontFamily="Dialog" fontSize="8" fontStyle="plain" hasBackgroundColor="false" hasLineColor="false" height="13.421875" modelName="internal" modelPosition="c" textColor="#000000" visible="true" width="28.4453125" x="-10.342656135559992" y="-2.8309373855599915">Sparta</y:NodeLabel>
          <y:Shape type="ellipse"/>
        </y:ShapeNode>
      </data>
    </node>
    <node id="n27">
      <data key="d4">true</data>
      <data key="d5"/>
      <data key="d6"><![CDATA[Main PoP]]></data>
      <data key="d8"/>
      <data key="d9">
        <y:ShapeNode>
          <y:Geometry height="7.76000022888" width="7.76000022888" x="275.101104736" y="438.946136475"/>
          <y:Fill color="#00FF00" transparent="false"/>
          <y:BorderStyle color="#000000" type="line" width="1.0"/>
          <y:NodeLabel alignment="center" autoSizePolicy="content" fontFamily="Dialog" fontSize="8" fontStyle="plain" hasBackgroundColor="false" hasLineColor="false" height="13.421875" modelName="internal" modelPosition="c" textColor="#000000" visible="true" width="30.61328125" x="-11.426640510559992" y="-2.8309373855599915">Chania</y:NodeLabel>
          <y:Shape type="ellipse"/>
        </y:ShapeNode>
      </data>
    </node>
    <node id="n28">
      <data key="d4">true</data>
      <data key="d5"/>
      <data key="d6"><![CDATA[Main PoP]]></data>
      <data key="d8"/>
      <data key="d9">
        <y:ShapeNode>
          <y:Geometry height="7.76000022888" width="7.76000022888" x="330.397125244" y="453.691741943"/>
          <y:Fill color="#00FF00" transparent="false"/>
          <y:BorderStyle color="#000000" type="line" width="1.0"/>
          <y:NodeLabel alignment="center" autoSizePolicy="content" fontFamily="Dialog" fontSize="8" fontStyle="plain" hasBackgroundColor="false" hasLineColor="false" height="13.421875" modelName="internal" modelPosition="c" textColor="#000000" visible="true" width="41.20703125" x="-16.72351551055999" y="-2.8309373855599915">Heraklion</y:NodeLabel>
          <y:Shape type="ellipse"/>
        </y:ShapeNode>
      </data>
    </node>
    <node id="n29">
      <data key="d4">true</data>
      <data key="d5"/>
      <data key="d6"><![CDATA[PoP]]></data>
      <data key="d8"/>
      <data key="d9">
        <y:ShapeNode>
          <y:Geometry height="7.76000022888" width="7.76000022888" x="343.094726562" y="450.824554443"/>
          <y:Fill color="#FFCC00" transparent="false"/>
          <y:BorderStyle color="#000000" type="line" width="1.0"/>
          <y:NodeLabel alignment="center" autoSizePolicy="content" fontFamily="Dialog" fontSize="8" fontStyle="plain" hasBackgroundColor="false" hasLineColor="false" height="13.421875" modelName="internal" modelPosition="c" textColor="#000000" visible="true" width="51.02734375" x="-21.63367176055999" y="-2.8309373855599915">Hersonlssos</y:NodeLabel>
          <y:Shape type="ellipse"/>
        </y:ShapeNode>
      </data>
    </node>
    <node id="n30">
      <data key="d4">true</data>
      <data key="d5"/>
      <data key="d6"><![CDATA[PoP]]></data>
      <data key="d8"/>
      <data key="d9">
        <y:ShapeNode>
          <y:Geometry height="7.76000022888" width="7.76000022888" x="299.677124023" y="452.872528076"/>
          <y:Fill color="#FFCC00" transparent="false"/>
          <y:BorderStyle color="#000000" type="line" width="1.0"/>
          <y:NodeLabel alignment="center" autoSizePolicy="content" fontFamily="Dialog" fontSize="8" fontStyle="plain" hasBackgroundColor="false" hasLineColor="false" height="13.421875" modelName="internal" modelPosition="c" textColor="#000000" visible="true" width="47.96484375" x="-20.10242176055999" y="-2.8309373855599915">Rethymnon</y:NodeLabel>
          <y:Shape type="ellipse"/>
        </y:ShapeNode>
      </data>
    </node>
    <node id="n31">
      <data key="d4">true</data>
      <data key="d5"/>
      <data key="d6"><![CDATA[PoP]]></data>
      <data key="d8"/>
      <data key="d9">
        <y:ShapeNode>
          <y:Geometry height="7.76000022888" width="7.76000022888" x="318.518707275" y="467.618133545"/>
          <y:Fill color="#FFCC00" transparent="false"/>
          <y:BorderStyle color="#000000" type="line" width="1.0"/>
          <y:NodeLabel alignment="center" autoSizePolicy="content" fontFamily="Dialog" fontSize="8" fontStyle="plain" hasBackgroundColor="false" hasLineColor="false" height="13.421875" modelName="internal" modelPosition="c" textColor="#000000" visible="true" width="29.92578125" x="-11.082890510559992" y="-2.8309373855599915">Moires</y:NodeLabel>
          <y:Shape type="ellipse"/>
        </y:ShapeNode>
      </data>
    </node>
    <node id="n32">
      <data key="d4">true</data>
      <data key="d5"><![CDATA[Agios Nikolaos]]></data>
      <data key="d6"><![CDATA[Main PoP]]></data>
      <data key="d8"/>
      <data key="d9">
        <y:ShapeNode>
          <y:Geometry height="7.76000022888" width="7.76000022888" x="368.080322266" y="458.19732666"/>
          <y:Fill color="#00FF00" transparent="false"/>
          <y:BorderStyle color="#000000" type="line" width="1.0"/>
          <y:NodeLabel alignment="center" autoSizePolicy="content" fontFamily="Dialog" fontSize="8" fontStyle="plain" hasBackgroundColor="false" hasLineColor="false" height="13.421875" modelName="internal" modelPosition="c" textColor="#000000" visible="true" width="53.10546875" x="-22.67273426055999" y="-2.8309373855599915">Ag. Nikolaos</y:NodeLabel>
          <y:Shape type="ellipse"/>
        </y:ShapeNode>
      </data>
    </node>
    <node id="n33">
      <data key="d4">true</data>
      <data key="d5"/>
      <data key="d6"><![CDATA[PoP]]></data>
      <data key="d8"/>
      <data key="d9">
        <y:ShapeNode>
          <y:Geometry height="7.76000022888" width="7.76000022888" x="371.357116699" y="473.352539062"/>
          <y:Fill color="#FFCC00" transparent="false"/>
          <y:BorderStyle color="#000000" type="line" width="1.0"/>
          <y:NodeLabel alignment="center" autoSizePolicy="content" fontFamily="Dialog" fontSize="8" fontStyle="plain" hasBackgroundColor="false" hasLineColor="false" height="13.421875" modelName="internal" modelPosition="c" textColor="#000000" visible="true" width="38.62890625" x="-15.434453010559992" y="-2.8309373855599915">Ierapetra</y:NodeLabel>
          <y:Shape type="ellipse"/>
        </y:ShapeNode>
      </data>
    </node>
    <node id="n34">
      <data key="d4">true</data>
      <data key="d5"/>
      <data key="d6"><![CDATA[PoP]]></data>
      <data key="d8"/>
      <data key="d9">
        <y:ShapeNode>
          <y:Geometry height="7.76000022888" width="7.76000022888" x="398.390716553" y="466.389343262"/>
          <y:Fill color="#FFCC00" transparent="false"/>
          <y:BorderStyle color="#000000" type="line" width="1.0"/>
          <y:NodeLabel alignment="center" autoSizePolicy="content" fontFamily="Dialog" fontSize="8" fontStyle="plain" hasBackgroundColor="false" hasLineColor="false" height="13.421875" modelName="internal" modelPosition="c" textColor="#000000" visible="true" width="24.80078125" x="-8.520390510559992" y="-2.8309373855599915">Siteia</y:NodeLabel>
          <y:Shape type="ellipse"/>
        </y:ShapeNode>
      </data>
    </node>
    <node id="n35">
      <data key="d4">true</data>
      <data key="d5"/>
      <data key="d6"><![CDATA[PoP]]></data>
      <data key="d8"/>
      <data key="d9">
        <y:ShapeNode>
          <y:Geometry height="7.76000022888" width="7.76000022888" x="223.081924438" y="285.346130371"/>
          <y:Fill color="#FFCC00" transparent="false"/>
          <y:BorderStyle color="#000000" type="line" width="1.0"/>
          <y:NodeLabel alignment="center" autoSizePolicy="content" fontFamily="Dialog" fontSize="8" fontStyle="plain" hasBackgroundColor="false" hasLineColor="false" height="13.421875" modelName="internal" modelPosition="c" textColor="#000000" visible="true" width="32.95703125" x="-12.598515510559992" y="-2.8309373855599915">Corinth</y:NodeLabel>
          <y:Shape type="ellipse"/>
        </y:ShapeNode>
      </data>
    </node>
    <node id="n36">
      <data key="d4">true</data>
      <data key="d5"/>
      <data key="d6"><![CDATA[PoP]]></data>
      <data key="d8"/>
      <data key="d9">
        <y:ShapeNode>
          <y:Geometry height="7.76000022888" width="7.76000022888" x="187.119033813" y="254.298461914"/>
          <y:Fill color="#FFCC00" transparent="false"/>
          <y:BorderStyle color="#000000" type="line" width="1.0"/>
          <y:NodeLabel alignment="center" autoSizePolicy="content" fontFamily="Dialog" fontSize="8" fontStyle="plain" hasBackgroundColor="false" hasLineColor="false" height="13.421875" modelName="internal" modelPosition="c" textColor="#000000" visible="true" width="18.171875" x="-5.2059373855599915" y="-2.83093738556002">Itea</y:NodeLabel>
          <y:Shape type="ellipse"/>
        </y:ShapeNode>
      </data>
    </node>
    <node id="n37">
      <data key="d4">true</data>
      <data key="d5"/>
      <data key="d6"><![CDATA[PoP]]></data>
      <data key="d8"/>
      <data key="d9">
        <y:ShapeNode>
          <y:Geometry height="7.76000022888" width="7.76000022888" x="216.118713379" y="251.75894165"/>
          <y:Fill color="#FFCC00" transparent="false"/>
          <y:BorderStyle color="#000000" type="line" width="1.0"/>
          <y:NodeLabel alignment="center" autoSizePolicy="content" fontFamily="Dialog" fontSize="8" fontStyle="plain" hasBackgroundColor="false" hasLineColor="false" height="13.421875" modelName="internal" modelPosition="c" textColor="#000000" visible="true" width="30.90234375" x="-11.571171760559992" y="-2.8309373855599915">Livadia</y:NodeLabel>
          <y:Shape type="ellipse"/>
        </y:ShapeNode>
      </data>
    </node>
    <node id="n38">
      <data key="d4">true</data>
      <data key="d5"/>
      <data key="d6"><![CDATA[PoP]]></data>
      <data key="d8"/>
      <data key="d9">
        <y:ShapeNode>
          <y:Geometry height="7.76000022888" width="7.76000022888" x="203.830718994" y="223.08694458"/>
          <y:Fill color="#FFCC00" transparent="false"/>
          <y:BorderStyle color="#000000" type="line" width="1.0"/>
          <y:NodeLabel alignment="center" autoSizePolicy="content" fontFamily="Dialog" fontSize="8" fontStyle="plain" hasBackgroundColor="false" hasLineColor="false" height="13.421875" modelName="internal" modelPosition="c" textColor="#000000" visible="true" width="26.8828125" x="-9.561406135559992" y="-2.8309373855599915">Lamia</y:NodeLabel>
          <y:Shape type="ellipse"/>
        </y:ShapeNode>
      </data>
    </node>
    <node id="n39">
      <data key="d4">true</data>
      <data key="d5"><![CDATA[Oinofita]]></data>
      <data key="d6"><![CDATA[PoP]]></data>
      <data key="d8"/>
      <data key="d9">
        <y:ShapeNode>
          <y:Geometry height="7.76000022888" width="7.76000022888" x="245.200317383" y="248.891738892"/>
          <y:Fill color="#FFCC00" transparent="false"/>
          <y:BorderStyle color="#000000" type="line" width="1.0"/>
          <y:NodeLabel alignment="center" autoSizePolicy="content" fontFamily="Dialog" fontSize="8" fontStyle="plain" hasBackgroundColor="false" hasLineColor="false" height="13.421875" modelName="internal" modelPosition="c" textColor="#000000" visible="true" width="28.84765625" x="-10.543828010559992" y="-2.830937385559963">Inofita</y:NodeLabel>
          <y:Shape type="ellipse"/>
        </y:ShapeNode>
      </data>
    </node>
    <node id="n40">
      <data key="d4">true</data>
      <data key="d5"/>
      <data key="d6"><![CDATA[Main PoP]]></data>
      <data key="d8"/>
      <data key="d9">
        <y:ShapeNode>
          <y:Geometry height="7.76000022888" width="7.76000022888" x="267.318725586" y="251.02166748"/>
          <y:Fill color="#00FF00" transparent="false"/>
          <y:BorderStyle color="#000000" type="line" width="1.0"/>
          <y:NodeLabel alignment="center" autoSizePolicy="content" fontFamily="Dialog" fontSize="8" fontStyle="plain" hasBackgroundColor="false" hasLineColor="false" height="13.421875" modelName="internal" modelPosition="c" textColor="#000000" visible="true" width="37.671875" x="-14.955937385559992" y="-2.830937385559963">Chalkida</y:NodeLabel>
          <y:Shape type="ellipse"/>
        </y:ShapeNode>
      </data>
    </node>
    <node id="n41">
      <data key="d4">true</data>
      <data key="d5"/>
      <data key="d6"><![CDATA[PoP]]></data>
      <data key="d8"/>
      <data key="d9">
        <y:ShapeNode>
          <y:Geometry height="7.76000022888" width="7.76000022888" x="268.547515869" y="205.883743286"/>
          <y:Fill color="#FFCC00" transparent="false"/>
          <y:BorderStyle color="#000000" type="line" width="1.0"/>
          <y:NodeLabel alignment="center" autoSizePolicy="content" fontFamily="Dialog" fontSize="8" fontStyle="plain" hasBackgroundColor="false" hasLineColor="false" height="13.421875" modelName="internal" modelPosition="c" textColor="#000000" visible="true" width="36.6640625" x="-14.452031135559992" y="-2.8309373855599915">Sklathos</y:NodeLabel>
          <y:Shape type="ellipse"/>
        </y:ShapeNode>
      </data>
    </node>
    <node id="n42">
      <data key="d4">true</data>
      <data key="d5"/>
      <data key="d6"><![CDATA[PoP]]></data>
      <data key="d8"/>
      <data key="d9">
        <y:ShapeNode>
          <y:Geometry height="7.76000022888" width="7.76000022888" x="230.864318848" y="191.547744751"/>
          <y:Fill color="#FFCC00" transparent="false"/>
          <y:BorderStyle color="#000000" type="line" width="1.0"/>
          <y:NodeLabel alignment="center" autoSizePolicy="content" fontFamily="Dialog" fontSize="8" fontStyle="plain" hasBackgroundColor="false" hasLineColor="false" height="13.421875" modelName="internal" modelPosition="c" textColor="#000000" visible="true" width="25.44921875" x="-8.844609260559992" y="-2.8309373855599915">Volos</y:NodeLabel>
          <y:Shape type="ellipse"/>
        </y:ShapeNode>
      </data>
    </node>
    <node id="n43">
      <data key="d4">true</data>
      <data key="d5"/>
      <data key="d6"><![CDATA[PoP]]></data>
      <data key="d8"/>
      <data key="d9">
        <y:ShapeNode>
          <y:Geometry height="7.76000022888" width="7.76000022888" x="185.398712158" y="191.138137817"/>
          <y:Fill color="#FFCC00" transparent="false"/>
          <y:BorderStyle color="#000000" type="line" width="1.0"/>
          <y:NodeLabel alignment="center" autoSizePolicy="content" fontFamily="Dialog" fontSize="8" fontStyle="plain" hasBackgroundColor="false" hasLineColor="false" height="13.421875" modelName="internal" modelPosition="c" textColor="#000000" visible="true" width="35.75" x="-13.994999885559992" y="-2.8309373855599915">Karditsa</y:NodeLabel>
          <y:Shape type="ellipse"/>
        </y:ShapeNode>
      </data>
    </node>
    <node id="n44">
      <data key="d4">true</data>
      <data key="d5"/>
      <data key="d6"><![CDATA[PoP]]></data>
      <data key="d8"/>
      <data key="d9">
        <y:ShapeNode>
          <y:Geometry height="7.76000022888" width="7.76000022888" x="168.195510864" y="179.669342041"/>
          <y:Fill color="#FFCC00" transparent="false"/>
          <y:BorderStyle color="#000000" type="line" width="1.0"/>
          <y:NodeLabel alignment="center" autoSizePolicy="content" fontFamily="Dialog" fontSize="8" fontStyle="plain" hasBackgroundColor="false" hasLineColor="false" height="13.421875" modelName="internal" modelPosition="c" textColor="#000000" visible="true" width="33.12109375" x="-12.680546760559992" y="-2.8309373855599915">Trikana</y:NodeLabel>
          <y:Shape type="ellipse"/>
        </y:ShapeNode>
      </data>
    </node>
    <node id="n45">
      <data key="d4">true</data>
      <data key="d5"/>
      <data key="d6"><![CDATA[PoP]]></data>
      <data key="d8"/>
      <data key="d9">
        <y:ShapeNode>
          <y:Geometry height="7.76000022888" width="7.76000022888" x="158.365112305" y="207.522140503"/>
          <y:Fill color="#FFCC00" transparent="false"/>
          <y:BorderStyle color="#000000" type="line" width="1.0"/>
          <y:NodeLabel alignment="center" autoSizePolicy="content" fontFamily="Dialog" fontSize="8" fontStyle="plain" hasBackgroundColor="false" hasLineColor="false" height="13.421875" modelName="internal" modelPosition="c" textColor="#000000" visible="true" width="40.07421875" x="-16.15710926055999" y="-2.8309373855599915">Karpenisi</y:NodeLabel>
          <y:Shape type="ellipse"/>
        </y:ShapeNode>
      </data>
    </node>
    <node id="n46">
      <data key="d4">true</data>
      <data key="d5"/>
      <data key="d6"><![CDATA[Main PoP]]></data>
      <data key="d8"/>
      <data key="d9">
        <y:ShapeNode>
          <y:Geometry height="7.76000022888" width="7.76000022888" x="119.043518066" y="172.296539307"/>
          <y:Fill color="#00FF00" transparent="false"/>
          <y:BorderStyle color="#000000" type="line" width="1.0"/>
          <y:NodeLabel alignment="center" autoSizePolicy="content" fontFamily="Dialog" fontSize="8" fontStyle="plain" hasBackgroundColor="false" hasLineColor="false" height="13.421875" modelName="internal" modelPosition="c" textColor="#000000" visible="true" width="37.26171875" x="-14.750859260560006" y="-2.8309373855599915">Ioaninna</y:NodeLabel>
          <y:Shape type="ellipse"/>
        </y:ShapeNode>
      </data>
    </node>
    <node id="n47">
      <data key="d4">true</data>
      <data key="d5"/>
      <data key="d6"><![CDATA[PoP]]></data>
      <data key="d8"/>
      <data key="d9">
        <y:ShapeNode>
          <y:Geometry height="7.76000022888" width="7.76000022888" x="80.5411148071" y="171.067749023"/>
          <y:Fill color="#FFCC00" transparent="false"/>
          <y:BorderStyle color="#000000" type="line" width="1.0"/>
          <y:NodeLabel alignment="center" autoSizePolicy="content" fontFamily="Dialog" fontSize="8" fontStyle="plain" hasBackgroundColor="false" hasLineColor="false" height="13.421875" modelName="internal" modelPosition="c" textColor="#000000" visible="true" width="25.62890625" x="-8.934453010560006" y="-2.8309373855599915">Corfu</y:NodeLabel>
          <y:Shape type="ellipse"/>
        </y:ShapeNode>
      </data>
    </node>
    <node id="n48">
      <data key="d4">true</data>
      <data key="d5"/>
      <data key="d6"><![CDATA[PoP]]></data>
      <data key="d8"/>
      <data key="d9">
        <y:ShapeNode>
          <y:Geometry height="7.76000022888" width="7.76000022888" x="89.9619140625" y="180.078948975"/>
          <y:Fill color="#FFCC00" transparent="false"/>
          <y:BorderStyle color="#000000" type="line" width="1.0"/>
          <y:NodeLabel alignment="center" autoSizePolicy="content" fontFamily="Dialog" fontSize="8" fontStyle="plain" hasBackgroundColor="false" hasLineColor="false" height="13.421875" modelName="internal" modelPosition="c" textColor="#000000" visible="true" width="51.86328125" x="-22.05164051055999" y="-2.8309373855599915">Igoumenitsa</y:NodeLabel>
          <y:Shape type="ellipse"/>
        </y:ShapeNode>
      </data>
    </node>
    <node id="n49">
      <data key="d4">true</data>
      <data key="d5"/>
      <data key="d6"><![CDATA[PoP]]></data>
      <data key="d8"/>
      <data key="d9">
        <y:ShapeNode>
          <y:Geometry height="7.76000022888" width="7.76000022888" x="154.269119263" y="146.90133667"/>
          <y:Fill color="#FFCC00" transparent="false"/>
          <y:BorderStyle color="#000000" type="line" width="1.0"/>
          <y:NodeLabel alignment="center" autoSizePolicy="content" fontFamily="Dialog" fontSize="8" fontStyle="plain" hasBackgroundColor="false" hasLineColor="false" height="13.421875" modelName="internal" modelPosition="c" textColor="#000000" visible="true" width="35.4921875" x="-13.866093635559992" y="-2.8309373855599915">Grevena</y:NodeLabel>
          <y:Shape type="ellipse"/>
        </y:ShapeNode>
      </data>
    </node>
    <node id="n50">
      <data key="d4">true</data>
      <data key="d5"/>
      <data key="d6"><![CDATA[PoP]]></data>
      <data key="d8"/>
      <data key="d9">
        <y:ShapeNode>
          <y:Geometry height="7.76000022888" width="7.76000022888" x="118.633918762" y="210.389343262"/>
          <y:Fill color="#FFCC00" transparent="false"/>
          <y:BorderStyle color="#000000" type="line" width="1.0"/>
          <y:NodeLabel alignment="center" autoSizePolicy="content" fontFamily="Dialog" fontSize="8" fontStyle="plain" hasBackgroundColor="false" hasLineColor="false" height="13.421875" modelName="internal" modelPosition="c" textColor="#000000" visible="true" width="38.33984375" x="-15.289921760560006" y="-2.8309373855599915">Prevezza</y:NodeLabel>
          <y:Shape type="ellipse"/>
        </y:ShapeNode>
      </data>
    </node>
    <node id="n51">
      <data key="d4">true</data>
      <data key="d5"/>
      <data key="d6"><![CDATA[PoP]]></data>
      <data key="d8"/>
      <data key="d9">
        <y:ShapeNode>
          <y:Geometry height="7.76000022888" width="7.76000022888" x="134.608322144" y="212.846939087"/>
          <y:Fill color="#FFCC00" transparent="false"/>
          <y:BorderStyle color="#000000" type="line" width="1.0"/>
          <y:NodeLabel alignment="center" autoSizePolicy="content" fontFamily="Dialog" fontSize="8" fontStyle="plain" hasBackgroundColor="false" hasLineColor="false" height="13.421875" modelName="internal" modelPosition="c" textColor="#000000" visible="true" width="20.203125" x="-6.2215623855599915" y="-2.8309373855599915">Arta</y:NodeLabel>
          <y:Shape type="ellipse"/>
        </y:ShapeNode>
      </data>
    </node>
    <node id="n52">
      <data key="d4">true</data>
      <data key="d5"/>
      <data key="d6"><![CDATA[PoP]]></data>
      <data key="d8"/>
      <data key="d9">
        <y:ShapeNode>
          <y:Geometry height="7.76000022888" width="7.76000022888" x="147.715515137" y="236.194137573"/>
          <y:Fill color="#FFCC00" transparent="false"/>
          <y:BorderStyle color="#000000" type="line" width="1.0"/>
          <y:NodeLabel alignment="center" autoSizePolicy="content" fontFamily="Dialog" fontSize="8" fontStyle="plain" hasBackgroundColor="false" hasLineColor="false" height="13.421875" modelName="internal" modelPosition="c" textColor="#000000" visible="true" width="32.28515625" x="-12.262578010559992" y="-2.8309373855599915">Agrinio</y:NodeLabel>
          <y:Shape type="ellipse"/>
        </y:ShapeNode>
      </data>
    </node>
    <node id="n53">
      <data key="d4">true</data>
      <data key="d5"/>
      <data key="d6"><![CDATA[PoP]]></data>
      <data key="d8"/>
      <data key="d9">
        <y:ShapeNode>
          <y:Geometry height="7.76000022888" width="7.76000022888" x="148.12512207" y="250.939743042"/>
          <y:Fill color="#FFCC00" transparent="false"/>
          <y:BorderStyle color="#000000" type="line" width="1.0"/>
          <y:NodeLabel alignment="center" autoSizePolicy="content" fontFamily="Dialog" fontSize="8" fontStyle="plain" hasBackgroundColor="false" hasLineColor="false" height="13.421875" modelName="internal" modelPosition="c" textColor="#000000" visible="true" width="43.85546875" x="-18.04773426055999" y="-2.830937385559963">Mesologgi</y:NodeLabel>
          <y:Shape type="ellipse"/>
        </y:ShapeNode>
      </data>
    </node>
    <node id="n54">
      <data key="d4">true</data>
      <data key="d5"/>
      <data key="d6"><![CDATA[PoP]]></data>
      <data key="d8"/>
      <data key="d9">
        <y:ShapeNode>
          <y:Geometry height="7.76000022888" width="7.76000022888" x="109.622718811" y="237.83253479"/>
          <y:Fill color="#FFCC00" transparent="false"/>
          <y:BorderStyle color="#000000" type="line" width="1.0"/>
          <y:NodeLabel alignment="center" autoSizePolicy="content" fontFamily="Dialog" fontSize="8" fontStyle="plain" hasBackgroundColor="false" hasLineColor="false" height="13.421875" modelName="internal" modelPosition="c" textColor="#000000" visible="true" width="34.2109375" x="-13.225468635560006" y="-2.8309373855599915">Lefkada</y:NodeLabel>
          <y:Shape type="ellipse"/>
        </y:ShapeNode>
      </data>
    </node>
    <node id="n55">
      <data key="d4">true</data>
      <data key="d5"/>
      <data key="d6"><![CDATA[PoP]]></data>
      <data key="d8"/>
      <data key="d9">
        <y:ShapeNode>
          <y:Geometry height="7.76000022888" width="7.76000022888" x="105.52671814" y="266.914154053"/>
          <y:Fill color="#FFCC00" transparent="false"/>
          <y:BorderStyle color="#000000" type="line" width="1.0"/>
          <y:NodeLabel alignment="center" autoSizePolicy="content" fontFamily="Dialog" fontSize="8" fontStyle="plain" hasBackgroundColor="false" hasLineColor="false" height="13.421875" modelName="internal" modelPosition="c" textColor="#000000" visible="true" width="39.3046875" x="-15.772343635560006" y="-2.8309373855599915">Argostoli</y:NodeLabel>
          <y:Shape type="ellipse"/>
        </y:ShapeNode>
      </data>
    </node>
    <node id="n56">
      <data key="d4">true</data>
      <data key="d5"/>
      <data key="d6"><![CDATA[PoP]]></data>
      <data key="d8"/>
      <data key="d9">
        <y:ShapeNode>
          <y:Geometry height="7.76000022888" width="7.76000022888" x="114.128318787" y="285.755737305"/>
          <y:Fill color="#FFCC00" transparent="false"/>
          <y:BorderStyle color="#000000" type="line" width="1.0"/>
          <y:NodeLabel alignment="center" autoSizePolicy="content" fontFamily="Dialog" fontSize="8" fontStyle="plain" hasBackgroundColor="false" hasLineColor="false" height="13.421875" modelName="internal" modelPosition="c" textColor="#000000" visible="true" width="44.0234375" x="-18.131718635560006" y="-2.8309373855599915">Zakynthos</y:NodeLabel>
          <y:Shape type="ellipse"/>
        </y:ShapeNode>
      </data>
    </node>
    <node id="n57">
      <data key="d4">true</data>
      <data key="d5"/>
      <data key="d6"><![CDATA[PoP]]></data>
      <data key="d8"/>
      <data key="d9">
        <y:ShapeNode>
          <y:Geometry height="7.76000022888" width="7.76000022888" x="147.715515137" y="299.27255249"/>
          <y:Fill color="#FFCC00" transparent="false"/>
          <y:BorderStyle color="#000000" type="line" width="1.0"/>
          <y:NodeLabel alignment="center" autoSizePolicy="content" fontFamily="Dialog" fontSize="8" fontStyle="plain" hasBackgroundColor="false" hasLineColor="false" height="13.421875" modelName="internal" modelPosition="c" textColor="#000000" visible="true" width="29.85546875" x="-11.047734260559992" y="-2.8309373855599915">Pyrgos</y:NodeLabel>
          <y:Shape type="ellipse"/>
        </y:ShapeNode>
      </data>
    </node>
    <node id="n58">
      <data key="d4">true</data>
      <data key="d5"/>
      <data key="d6"><![CDATA[PoP]]></data>
      <data key="d8"/>
      <data key="d9">
        <y:ShapeNode>
          <y:Geometry height="7.76000022888" width="7.76000022888" x="147.715515137" y="118.843742371"/>
          <y:Fill color="#FFCC00" transparent="false"/>
          <y:BorderStyle color="#000000" type="line" width="1.0"/>
          <y:NodeLabel alignment="center" autoSizePolicy="content" fontFamily="Dialog" fontSize="8" fontStyle="plain" hasBackgroundColor="false" hasLineColor="false" height="13.421875" modelName="internal" modelPosition="c" textColor="#000000" visible="true" width="35.62890625" x="-13.934453010559992" y="-2.8309373855600057">Kastoria</y:NodeLabel>
          <y:Shape type="ellipse"/>
        </y:ShapeNode>
      </data>
    </node>
    <node id="n59">
      <data key="d4">true</data>
      <data key="d5"/>
      <data key="d6"><![CDATA[Main PoP]]></data>
      <data key="d8"/>
      <data key="d9">
        <y:ShapeNode>
          <y:Geometry height="7.76000022888" width="7.76000022888" x="197.318084717" y="169.511260986"/>
          <y:Fill color="#00FF00" transparent="false"/>
          <y:BorderStyle color="#000000" type="line" width="1.0"/>
          <y:NodeLabel alignment="center" autoSizePolicy="content" fontFamily="Dialog" fontSize="8" fontStyle="plain" hasBackgroundColor="false" hasLineColor="false" height="13.421875" modelName="internal" modelPosition="c" textColor="#000000" visible="true" width="30.84375" x="-11.541874885559992" y="-2.8309373855599915">Larissa</y:NodeLabel>
          <y:Shape type="ellipse"/>
        </y:ShapeNode>
      </data>
    </node>
    <node id="n60">
      <data key="d4">true</data>
      <data key="d5"/>
      <data key="d6"><![CDATA[Main PoP]]></data>
      <data key="d8"/>
      <data key="d9">
        <y:ShapeNode>
          <y:Geometry height="7.76000022888" width="7.76000022888" x="164.885955811" y="265.718109131"/>
          <y:Fill color="#00FF00" transparent="false"/>
          <y:BorderStyle color="#000000" type="line" width="1.0"/>
          <y:NodeLabel alignment="center" autoSizePolicy="content" fontFamily="Dialog" fontSize="8" fontStyle="plain" hasBackgroundColor="false" hasLineColor="false" height="13.421875" modelName="internal" modelPosition="c" textColor="#000000" visible="true" width="23.5234375" x="-7.8817186355599915" y="-2.8309373855599915">Patra</y:NodeLabel>
          <y:Shape type="ellipse"/>
        </y:ShapeNode>
      </data>
    </node>
    <node id="n61">
      <data key="d4">false</data>
      <data key="d5"/>
      <data key="d6"/>
      <data key="d8"/>
      <data key="d9">
        <y:ShapeNode>
          <y:Geometry height="30.0" width="30.0" x="7.94000005722" y="124.099998474"/>
          <y:Fill color="#FFCC00" transparent="false"/>
          <y:BorderStyle color="#000000" type="line" width="1.0"/>
          <y:NodeLabel alignment="center" autoSizePolicy="content" fontFamily="Dialog" fontSize="8" fontStyle="plain" hasBackgroundColor="false" hasLineColor="false" height="13.421875" modelName="internal" modelPosition="c" textColor="#000000" visible="true" width="34.40625" x="-2.203125" y="8.289062500000014">Internet</y:NodeLabel>
          <y:Shape type="triangle"/>
        </y:ShapeNode>
      </data>
    </node>
    <edge id="e0" source="n0" target="n1">
      <data key="d36"/>
      <data key="d38"/>
      <data key="d39">
        <y:PolyLineEdge>
          <y:Path sx="0.0" sy="0.0" tx="0.0" ty="0.0"/>
          <y:LineStyle color="#FF6600" type="line" width="2.0"/>
          <y:Arrows source="none" target="none"/>
          <y:BendStyle smoothed="false"/>
        </y:PolyLineEdge>
      </data>
    </edge>
    <edge id="e1" source="n1" target="n2">
      <data key="d36"/>
      <data key="d38"/>
      <data key="d39">
        <y:PolyLineEdge>
          <y:Path sx="0.0" sy="0.0" tx="0.0" ty="0.0"/>
          <y:LineStyle color="#FF6600" type="line" width="2.0"/>
          <y:Arrows source="none" target="none"/>
          <y:BendStyle smoothed="false"/>
        </y:PolyLineEdge>
      </data>
    </edge>
    <edge id="e2" source="n1" target="n3">
      <data key="d36"/>
      <data key="d38"/>
      <data key="d39">
        <y:PolyLineEdge>
          <y:Path sx="0.0" sy="0.0" tx="0.0" ty="0.0"/>
          <y:LineStyle color="#FF6600" type="line" width="2.0"/>
          <y:Arrows source="none" target="none"/>
          <y:BendStyle smoothed="false"/>
        </y:PolyLineEdge>
      </data>
    </edge>
    <edge id="e3" source="n1" target="n4">
      <data key="d36"/>
      <data key="d38"/>
      <data key="d39">
        <y:PolyLineEdge>
          <y:Path sx="0.0" sy="0.0" tx="0.0" ty="0.0"/>
          <y:LineStyle color="#FF6600" type="line" width="2.0"/>
          <y:Arrows source="none" target="none"/>
          <y:BendStyle smoothed="false"/>
        </y:PolyLineEdge>
      </data>
    </edge>
    <edge id="e4" source="n1" target="n5">
      <data key="d36"/>
      <data key="d38"/>
      <data key="d39">
        <y:PolyLineEdge>
          <y:Path sx="0.0" sy="0.0" tx="0.0" ty="0.0"/>
          <y:LineStyle color="#FF6600" type="line" width="2.0"/>
          <y:Arrows source="none" target="none"/>
          <y:BendStyle smoothed="false"/>
        </y:PolyLineEdge>
      </data>
    </edge>
    <edge id="e5" source="n1" target="n6">
      <data key="d36"/>
      <data key="d38"/>
      <data key="d39">
        <y:PolyLineEdge>
          <y:Path sx="0.0" sy="0.0" tx="0.0" ty="0.0"/>
          <y:LineStyle color="#FF6600" type="line" width="2.0"/>
          <y:Arrows source="none" target="none"/>
          <y:BendStyle smoothed="false"/>
        </y:PolyLineEdge>
      </data>
    </edge>
    <edge id="e6" source="n1" target="n7">
      <data key="d36"/>
      <data key="d38"/>
      <data key="d39">
        <y:PolyLineEdge>
          <y:Path sx="0.0" sy="0.0" tx="0.0" ty="0.0"/>
          <y:LineStyle color="#FF6600" type="line" width="2.0"/>
          <y:Arrows source="none" target="none"/>
          <y:BendStyle smoothed="false"/>
        </y:PolyLineEdge>
      </data>
    </edge>
    <edge id="e7" source="n1" target="n8">
      <data key="d36"/>
      <data key="d38"/>
      <data key="d39">
        <y:PolyLineEdge>
          <y:Path sx="0.0" sy="0.0" tx="0.0" ty="0.0"/>
          <y:LineStyle color="#FF6600" type="line" width="2.0"/>
          <y:Arrows source="none" target="none"/>
          <y:BendStyle smoothed="false"/>
        </y:PolyLineEdge>
      </data>
    </edge>
    <edge id="e8" source="n1" target="n11">
      <data key="d36"/>
      <data key="d38"/>
      <data key="d39">
        <y:PolyLineEdge>
          <y:Path sx="0.0" sy="0.0" tx="0.0" ty="0.0"/>
          <y:LineStyle color="#000000" type="line" width="1.0"/>
          <y:Arrows source="none" target="none"/>
          <y:BendStyle smoothed="false"/>
        </y:PolyLineEdge>
      </data>
    </edge>
    <edge id="e9" source="n1" target="n12">
      <data key="d36"/>
      <data key="d38"/>
      <data key="d39">
        <y:PolyLineEdge>
          <y:Path sx="0.0" sy="0.0" tx="0.0" ty="0.0"/>
          <y:LineStyle color="#FF6600" type="line" width="2.0"/>
          <y:Arrows source="none" target="none"/>
          <y:BendStyle smoothed="false"/>
        </y:PolyLineEdge>
      </data>
    </edge>
    <edge id="e10" source="n1" target="n13">
      <data key="d36"/>
      <data key="d38"/>
      <data key="d39">
        <y:PolyLineEdge>
          <y:Path sx="0.0" sy="0.0" tx="0.0" ty="0.0"/>
          <y:LineStyle color="#FF6600" type="line" width="2.0"/>
          <y:Arrows source="none" target="none"/>
          <y:BendStyle smoothed="false"/>
        </y:PolyLineEdge>
      </data>
    </edge>
    <edge id="e11" source="n1" target="n15">
      <data key="d36"/>
      <data key="d38"/>
      <data key="d39">
        <y:PolyLineEdge>
          <y:Path sx="0.0" sy="0.0" tx="0.0" ty="0.0"/>
          <y:LineStyle color="#FF6600" type="line" width="2.0"/>
          <y:Arrows source="none" target="none"/>
          <y:BendStyle smoothed="false"/>
        </y:PolyLineEdge>
      </data>
    </edge>
    <edge id="e12" source="n1" target="n61">
      <data key="d36"><![CDATA[15 Gbps]]></data>
      <data key="d38"/>
      <data key="d39">
        <y:PolyLineEdge>
          <y:Path sx="0.0" sy="0.0" tx="0.0" ty="0.0"/>
          <y:LineStyle color="#993300" type="line" width="6.0"/>
          <y:Arrows source="none" target="none"/>
          <y:BendStyle smoothed="false"/>
        </y:PolyLineEdge>
      </data>
    </edge>
    <edge id="e13" source="n9" target="n11">
      <data key="d36"/>
      <data key="d38"/>
      <data key="d39">
        <y:PolyLineEdge>
          <y:Path sx="0.0" sy="0.0" tx="0.0" ty="0.0"/>
          <y:LineStyle color="#FF6600" type="line" width="2.0"/>
          <y:Arrows source="none" target="none"/>
          <y:BendStyle smoothed="false"/>
        </y:PolyLineEdge>
      </data>
    </edge>
    <edge id="e14" source="n10" target="n11">
      <data key="d36"/>
      <data key="d38"/>
      <data key="d39">
        <y:PolyLineEdge>
          <y:Path sx="0.0" sy="0.0" tx="0.0" ty="0.0"/>
          <y:LineStyle color="#FF6600" type="line" width="2.0"/>
          <y:Arrows source="none" target="none"/>
          <y:BendStyle smoothed="false"/>
        </y:PolyLineEdge>
      </data>
    </edge>
    <edge id="e15" source="n14" target="n15">
      <data key="d36"/>
      <data key="d38"/>
      <data key="d39">
        <y:PolyLineEdge>
          <y:Path sx="0.0" sy="0.0" tx="0.0" ty="0.0"/>
          <y:LineStyle color="#FF6600" type="line" width="2.0"/>
          <y:Arrows source="none" target="none"/>
          <y:BendStyle smoothed="false"/>
        </y:PolyLineEdge>
      </data>
    </edge>
    <edge id="e16" source="n15" target="n35">
      <data key="d36"/>
      <data key="d38"/>
      <data key="d39">
        <y:PolyLineEdge>
          <y:Path sx="0.0" sy="0.0" tx="0.0" ty="0.0"/>
          <y:LineStyle color="#FF6600" type="line" width="2.0"/>
          <y:Arrows source="none" target="none"/>
          <y:BendStyle smoothed="false"/>
        </y:PolyLineEdge>
      </data>
    </edge>
    <edge id="e17" source="n15" target="n36">
      <data key="d36"/>
      <data key="d38"/>
      <data key="d39">
        <y:PolyLineEdge>
          <y:Path sx="0.0" sy="0.0" tx="0.0" ty="0.0"/>
          <y:LineStyle color="#FF6600" type="line" width="2.0"/>
          <y:Arrows source="none" target="none"/>
          <y:BendStyle smoothed="false"/>
        </y:PolyLineEdge>
      </data>
    </edge>
    <edge id="e18" source="n15" target="n37">
      <data key="d36"/>
      <data key="d38"/>
      <data key="d39">
        <y:PolyLineEdge>
          <y:Path sx="0.0" sy="0.0" tx="0.0" ty="0.0"/>
          <y:LineStyle color="#FF6600" type="line" width="2.0"/>
          <y:Arrows source="none" target="none"/>
          <y:BendStyle smoothed="false"/>
        </y:PolyLineEdge>
      </data>
    </edge>
    <edge id="e19" source="n15" target="n38">
      <data key="d36"/>
      <data key="d38"/>
      <data key="d39">
        <y:PolyLineEdge>
          <y:Path sx="0.0" sy="0.0" tx="0.0" ty="0.0"/>
          <y:LineStyle color="#FF6600" type="line" width="2.0"/>
          <y:Arrows source="none" target="none"/>
          <y:BendStyle smoothed="false"/>
        </y:PolyLineEdge>
      </data>
    </edge>
    <edge id="e20" source="n15" target="n39">
      <data key="d36"/>
      <data key="d38"/>
      <data key="d39">
        <y:PolyLineEdge>
          <y:Path sx="0.0" sy="0.0" tx="0.0" ty="0.0"/>
          <y:LineStyle color="#FF6600" type="line" width="2.0"/>
          <y:Arrows source="none" target="none"/>
          <y:BendStyle smoothed="false"/>
        </y:PolyLineEdge>
      </data>
    </edge>
    <edge id="e21" source="n15" target="n40">
      <data key="d36"/>
      <data key="d38"/>
      <data key="d39">
        <y:PolyLineEdge>
          <y:Path sx="0.0" sy="0.0" tx="0.0" ty="0.0"/>
          <y:LineStyle color="#FF6600" type="line" width="2.0"/>
          <y:Arrows source="none" target="none"/>
          <y:BendStyle smoothed="false"/>
        </y:PolyLineEdge>
      </data>
    </edge>
    <edge id="e22" source="n15" target="n60">
      <data key="d36"/>
      <data key="d38"/>
      <data key="d39">
        <y:PolyLineEdge>
          <y:Path sx="0.0" sy="0.0" tx="0.0" ty="0.0"/>
          <y:LineStyle color="#FF6600" type="line" width="2.0"/>
          <y:Arrows source="none" target="none"/>
          <y:BendStyle smoothed="false"/>
        </y:PolyLineEdge>
      </data>
    </edge>
    <edge id="e23" source="n15" target="n61">
      <data key="d36"><![CDATA[28 Gbps]]></data>
      <data key="d38"/>
      <data key="d39">
        <y:PolyLineEdge>
          <y:Path sx="0.0" sy="0.0" tx="0.0" ty="0.0"/>
          <y:LineStyle color="#993300" type="line" width="6.0"/>
          <y:Arrows source="none" target="none"/>
          <y:BendStyle smoothed="false"/>
        </y:PolyLineEdge>
      </data>
    </edge>
    <edge id="e24" source="n15" target="n16">
      <data key="d36"><![CDATA[11 Gbps]]></data>
      <data key="d38"/>
      <data key="d39">
        <y:PolyLineEdge>
          <y:Path sx="0.0" sy="0.0" tx="0.0" ty="0.0"/>
          <y:LineStyle color="#FF6600" type="line" width="2.0"/>
          <y:Arrows source="none" target="none"/>
          <y:BendStyle smoothed="false"/>
        </y:PolyLineEdge>
      </data>
    </edge>
    <edge id="e25" source="n15" target="n17">
      <data key="d36"/>
      <data key="d38"/>
      <data key="d39">
        <y:PolyLineEdge>
          <y:Path sx="0.0" sy="0.0" tx="0.0" ty="0.0"/>
          <y:LineStyle color="#FF6600" type="line" width="2.0"/>
          <y:Arrows source="none" target="none"/>
          <y:BendStyle smoothed="false"/>
        </y:PolyLineEdge>
      </data>
    </edge>
    <edge id="e26" source="n15" target="n18">
      <data key="d36"/>
      <data key="d38"/>
      <data key="d39">
        <y:PolyLineEdge>
          <y:Path sx="0.0" sy="0.0" tx="0.0" ty="0.0"/>
          <y:LineStyle color="#FF6600" type="line" width="2.0"/>
          <y:Arrows source="none" target="none"/>
          <y:BendStyle smoothed="false"/>
        </y:PolyLineEdge>
      </data>
    </edge>
    <edge id="e27" source="n15" target="n19">
      <data key="d36"/>
      <data key="d38"/>
      <data key="d39">
        <y:PolyLineEdge>
          <y:Path sx="0.0" sy="0.0" tx="0.0" ty="0.0">
            <y:Point x="355.374847412" y="309.965057373"/>
          </y:Path>
          <y:LineStyle color="#FF6600" type="line" width="2.0"/>
          <y:Arrows source="none" target="none"/>
          <y:BendStyle smoothed="false"/>
        </y:PolyLineEdge>
      </data>
    </edge>
    <edge id="e28" source="n15" target="n20">
      <data key="d36"/>
      <data key="d38"/>
      <data key="d39">
        <y:PolyLineEdge>
          <y:Path sx="0.0" sy="0.0" tx="0.0" ty="0.0"/>
          <y:LineStyle color="#FF6600" type="line" width="2.0"/>
          <y:Arrows source="none" target="none"/>
          <y:BendStyle smoothed="false"/>
        </y:PolyLineEdge>
      </data>
    </edge>
    <edge id="e29" source="n15" target="n46">
      <data key="d36"/>
      <data key="d38"/>
      <data key="d39">
        <y:PolyLineEdge>
          <y:Path sx="0.0" sy="0.0" tx="0.0" ty="0.0"/>
          <y:LineStyle color="#FF6600" type="line" width="2.0"/>
          <y:Arrows source="none" target="none"/>
          <y:BendStyle smoothed="false"/>
        </y:PolyLineEdge>
      </data>
    </edge>
    <edge id="e30" source="n15" target="n22">
      <data key="d36"/>
      <data key="d38"/>
      <data key="d39">
        <y:PolyLineEdge>
          <y:Path sx="0.0" sy="0.0" tx="0.0" ty="0.0"/>
          <y:LineStyle color="#FF6600" type="line" width="2.0"/>
          <y:Arrows source="none" target="none"/>
          <y:BendStyle smoothed="false"/>
        </y:PolyLineEdge>
      </data>
    </edge>
    <edge id="e31" source="n15" target="n24">
      <data key="d36"/>
      <data key="d38"/>
      <data key="d39">
        <y:PolyLineEdge>
          <y:Path sx="0.0" sy="0.0" tx="0.0" ty="0.0"/>
          <y:LineStyle color="#FF6600" type="line" width="2.0"/>
          <y:Arrows source="none" target="none"/>
          <y:BendStyle smoothed="false"/>
        </y:PolyLineEdge>
      </data>
    </edge>
    <edge id="e32" source="n15" target="n59">
      <data key="d36"/>
      <data key="d38"/>
      <data key="d39">
        <y:PolyLineEdge>
          <y:Path sx="0.0" sy="0.0" tx="0.0" ty="0.0"/>
          <y:LineStyle color="#FF6600" type="line" width="2.0"/>
          <y:Arrows source="none" target="none"/>
          <y:BendStyle smoothed="false"/>
        </y:PolyLineEdge>
      </data>
    </edge>
    <edge id="e33" source="n15" target="n28">
      <data key="d36"/>
      <data key="d38"/>
      <data key="d39">
        <y:PolyLineEdge>
          <y:Path sx="0.0" sy="0.0" tx="0.0" ty="0.0"/>
          <y:LineStyle color="#FF6600" type="line" width="2.0"/>
          <y:Arrows source="none" target="none"/>
          <y:BendStyle smoothed="false"/>
        </y:PolyLineEdge>
      </data>
    </edge>
    <edge id="e34" source="n15" target="n21">
      <data key="d36"/>
      <data key="d38"/>
      <data key="d39">
        <y:PolyLineEdge>
          <y:Path sx="0.0" sy="0.0" tx="0.0" ty="0.0"/>
          <y:LineStyle color="#FF6600" type="line" width="2.0"/>
          <y:Arrows source="none" target="none"/>
          <y:BendStyle smoothed="false"/>
        </y:PolyLineEdge>
      </data>
    </edge>
    <edge id="e35" source="n23" target="n24">
      <data key="d36"/>
      <data key="d38"/>
      <data key="d39">
        <y:PolyLineEdge>
          <y:Path sx="0.0" sy="0.0" tx="0.0" ty="0.0"/>
          <y:LineStyle color="#FF6600" type="line" width="2.0"/>
          <y:Arrows source="none" target="none"/>
          <y:BendStyle smoothed="false"/>
        </y:PolyLineEdge>
      </data>
    </edge>
    <edge id="e36" source="n24" target="n25">
      <data key="d36"/>
      <data key="d38"/>
      <data key="d39">
        <y:PolyLineEdge>
          <y:Path sx="0.0" sy="0.0" tx="0.0" ty="0.0"/>
          <y:LineStyle color="#FF6600" type="line" width="2.0"/>
          <y:Arrows source="none" target="none"/>
          <y:BendStyle smoothed="false"/>
        </y:PolyLineEdge>
      </data>
    </edge>
    <edge id="e37" source="n24" target="n26">
      <data key="d36"/>
      <data key="d38"/>
      <data key="d39">
        <y:PolyLineEdge>
          <y:Path sx="0.0" sy="0.0" tx="0.0" ty="0.0"/>
          <y:LineStyle color="#FF6600" type="line" width="2.0"/>
          <y:Arrows source="none" target="none"/>
          <y:BendStyle smoothed="false"/>
        </y:PolyLineEdge>
      </data>
    </edge>
    <edge id="e38" source="n27" target="n28">
      <data key="d36"/>
      <data key="d38"/>
      <data key="d39">
        <y:PolyLineEdge>
          <y:Path sx="0.0" sy="0.0" tx="0.0" ty="0.0"/>
          <y:LineStyle color="#FF6600" type="line" width="2.0"/>
          <y:Arrows source="none" target="none"/>
          <y:BendStyle smoothed="false"/>
        </y:PolyLineEdge>
      </data>
    </edge>
    <edge id="e39" source="n28" target="n31">
      <data key="d36"/>
      <data key="d38"/>
      <data key="d39">
        <y:PolyLineEdge>
          <y:Path sx="0.0" sy="0.0" tx="0.0" ty="0.0"/>
          <y:LineStyle color="#FF6600" type="line" width="2.0"/>
          <y:Arrows source="none" target="none"/>
          <y:BendStyle smoothed="false"/>
        </y:PolyLineEdge>
      </data>
    </edge>
    <edge id="e40" source="n28" target="n29">
      <data key="d36"/>
      <data key="d38"/>
      <data key="d39">
        <y:PolyLineEdge>
          <y:Path sx="0.0" sy="0.0" tx="0.0" ty="0.0"/>
          <y:LineStyle color="#FF6600" type="line" width="2.0"/>
          <y:Arrows source="none" target="none"/>
          <y:BendStyle smoothed="false"/>
        </y:PolyLineEdge>
      </data>
    </edge>
    <edge id="e41" source="n28" target="n30">
      <data key="d36"/>
      <data key="d38"/>
      <data key="d39">
        <y:PolyLineEdge>
          <y:Path sx="0.0" sy="0.0" tx="0.0" ty="0.0"/>
          <y:LineStyle color="#FF6600" type="line" width="2.0"/>
          <y:Arrows source="none" target="none"/>
          <y:BendStyle smoothed="false"/>
        </y:PolyLineEdge>
      </data>
    </edge>
    <edge id="e42" source="n29" target="n32">
      <data key="d36"/>
      <data key="d38"/>
      <data key="d39">
        <y:PolyLineEdge>
          <y:Path sx="0.0" sy="0.0" tx="0.0" ty="0.0"/>
          <y:LineStyle color="#FF6600" type="line" width="2.0"/>
          <y:Arrows source="none" target="none"/>
          <y:BendStyle smoothed="false"/>
        </y:PolyLineEdge>
      </data>
    </edge>
    <edge id="e43" source="n32" target="n33">
      <data key="d36"/>
      <data key="d38"/>
      <data key="d39">
        <y:PolyLineEdge>
          <y:Path sx="0.0" sy="0.0" tx="0.0" ty="0.0"/>
          <y:LineStyle color="#FF6600" type="line" width="2.0"/>
          <y:Arrows source="none" target="none"/>
          <y:BendStyle smoothed="false"/>
        </y:PolyLineEdge>
      </data>
    </edge>
    <edge id="e44" source="n32" target="n34">
      <data key="d36"/>
      <data key="d38"/>
      <data key="d39">
        <y:PolyLineEdge>
          <y:Path sx="0.0" sy="0.0" tx="0.0" ty="0.0"/>
          <y:LineStyle color="#FF6600" type="line" width="2.0"/>
          <y:Arrows source="none" target="none"/>
          <y:BendStyle smoothed="false"/>
        </y:PolyLineEdge>
      </data>
    </edge>
    <edge id="e45" source="n40" target="n41">
      <data key="d36"/>
      <data key="d38"/>
      <data key="d39">
        <y:PolyLineEdge>
          <y:Path sx="0.0" sy="0.0" tx="0.0" ty="0.0"/>
          <y:LineStyle color="#FF6600" type="line" width="2.0"/>
          <y:Arrows source="none" target="none"/>
          <y:BendStyle smoothed="false"/>
        </y:PolyLineEdge>
      </data>
    </edge>
    <edge id="e46" source="n42" target="n59">
      <data key="d36"/>
      <data key="d38"/>
      <data key="d39">
        <y:PolyLineEdge>
          <y:Path sx="0.0" sy="0.0" tx="0.0" ty="0.0"/>
          <y:LineStyle color="#FF6600" type="line" width="2.0"/>
          <y:Arrows source="none" target="none"/>
          <y:BendStyle smoothed="false"/>
        </y:PolyLineEdge>
      </data>
    </edge>
    <edge id="e47" source="n43" target="n59">
      <data key="d36"/>
      <data key="d38"/>
      <data key="d39">
        <y:PolyLineEdge>
          <y:Path sx="0.0" sy="0.0" tx="0.0" ty="0.0"/>
          <y:LineStyle color="#FF6600" type="line" width="2.0"/>
          <y:Arrows source="none" target="none"/>
          <y:BendStyle smoothed="false"/>
        </y:PolyLineEdge>
      </data>
    </edge>
    <edge id="e48" source="n44" target="n59">
      <data key="d36"/>
      <data key="d38"/>
      <data key="d39">
        <y:PolyLineEdge>
          <y:Path sx="0.0" sy="0.0" tx="0.0" ty="0.0"/>
          <y:LineStyle color="#FF6600" type="line" width="2.0"/>
          <y:Arrows source="none" target="none"/>
          <y:BendStyle smoothed="false"/>
        </y:PolyLineEdge>
      </data>
    </edge>
    <edge id="e49" source="n45" target="n59">
      <data key="d36"/>
      <data key="d38"/>
      <data key="d39">
        <y:PolyLineEdge>
          <y:Path sx="0.0" sy="0.0" tx="0.0" ty="0.0"/>
          <y:LineStyle color="#FF6600" type="line" width="2.0"/>
          <y:Arrows source="none" target="none"/>
          <y:BendStyle smoothed="false"/>
        </y:PolyLineEdge>
      </data>
    </edge>
    <edge id="e50" source="n46" target="n47">
      <data key="d36"/>
      <data key="d38"/>
      <data key="d39">
        <y:PolyLineEdge>
          <y:Path sx="0.0" sy="0.0" tx="0.0" ty="0.0"/>
          <y:LineStyle color="#FF6600" type="line" width="2.0"/>
          <y:Arrows source="none" target="none"/>
          <y:BendStyle smoothed="false"/>
        </y:PolyLineEdge>
      </data>
    </edge>
    <edge id="e51" source="n46" target="n48">
      <data key="d36"/>
      <data key="d38"/>
      <data key="d39">
        <y:PolyLineEdge>
          <y:Path sx="0.0" sy="0.0" tx="0.0" ty="0.0"/>
          <y:LineStyle color="#FF6600" type="line" width="2.0"/>
          <y:Arrows source="none" target="none"/>
          <y:BendStyle smoothed="false"/>
        </y:PolyLineEdge>
      </data>
    </edge>
    <edge id="e52" source="n46" target="n49">
      <data key="d36"/>
      <data key="d38"/>
      <data key="d39">
        <y:PolyLineEdge>
          <y:Path sx="0.0" sy="0.0" tx="0.0" ty="0.0"/>
          <y:LineStyle color="#FF6600" type="line" width="2.0"/>
          <y:Arrows source="none" target="none"/>
          <y:BendStyle smoothed="false"/>
        </y:PolyLineEdge>
      </data>
    </edge>
    <edge id="e53" source="n46" target="n50">
      <data key="d36"/>
      <data key="d38"/>
      <data key="d39">
        <y:PolyLineEdge>
          <y:Path sx="0.0" sy="0.0" tx="0.0" ty="0.0"/>
          <y:LineStyle color="#FF6600" type="line" width="2.0"/>
          <y:Arrows source="none" target="none"/>
          <y:BendStyle smoothed="false"/>
        </y:PolyLineEdge>
      </data>
    </edge>
    <edge id="e54" source="n46" target="n51">
      <data key="d36"/>
      <data key="d38"/>
      <data key="d39">
        <y:PolyLineEdge>
          <y:Path sx="0.0" sy="0.0" tx="0.0" ty="0.0"/>
          <y:LineStyle color="#FF6600" type="line" width="2.0"/>
          <y:Arrows source="none" target="none"/>
          <y:BendStyle smoothed="false"/>
        </y:PolyLineEdge>
      </data>
    </edge>
    <edge id="e55" source="n46" target="n58">
      <data key="d36"/>
      <data key="d38"/>
      <data key="d39">
        <y:PolyLineEdge>
          <y:Path sx="0.0" sy="0.0" tx="0.0" ty="0.0"/>
          <y:LineStyle color="#FF6600" type="line" width="2.0"/>
          <y:Arrows source="none" target="none"/>
          <y:BendStyle smoothed="false"/>
        </y:PolyLineEdge>
      </data>
    </edge>
    <edge id="e56" source="n52" target="n60">
      <data key="d36"/>
      <data key="d38"/>
      <data key="d39">
        <y:PolyLineEdge>
          <y:Path sx="0.0" sy="0.0" tx="0.0" ty="0.0"/>
          <y:LineStyle color="#FF6600" type="line" width="2.0"/>
          <y:Arrows source="none" target="none"/>
          <y:BendStyle smoothed="false"/>
        </y:PolyLineEdge>
      </data>
    </edge>
    <edge id="e57" source="n53" target="n60">
      <data key="d36"/>
      <data key="d38"/>
      <data key="d39">
        <y:PolyLineEdge>
          <y:Path sx="0.0" sy="0.0" tx="0.0" ty="0.0"/>
          <y:LineStyle color="#FF6600" type="line" width="2.0"/>
          <y:Arrows source="none" target="none"/>
          <y:BendStyle smoothed="false"/>
        </y:PolyLineEdge>
      </data>
    </edge>
    <edge id="e58" source="n54" target="n60">
      <data key="d36"/>
      <data key="d38"/>
      <data key="d39">
        <y:PolyLineEdge>
          <y:Path sx="0.0" sy="0.0" tx="0.0" ty="0.0"/>
          <y:LineStyle color="#FF6600" type="line" width="2.0"/>
          <y:Arrows source="none" target="none"/>
          <y:BendStyle smoothed="false"/>
        </y:PolyLineEdge>
      </data>
    </edge>
    <edge id="e59" source="n55" target="n60">
      <data key="d36"/>
      <data key="d38"/>
      <data key="d39">
        <y:PolyLineEdge>
          <y:Path sx="0.0" sy="0.0" tx="0.0" ty="0.0"/>
          <y:LineStyle color="#FF6600" type="line" width="2.0"/>
          <y:Arrows source="none" target="none"/>
          <y:BendStyle smoothed="false"/>
        </y:PolyLineEdge>
      </data>
    </edge>
    <edge id="e60" source="n56" target="n60">
      <data key="d36"/>
      <data key="d38"/>
      <data key="d39">
        <y:PolyLineEdge>
          <y:Path sx="0.0" sy="0.0" tx="0.0" ty="0.0"/>
          <y:LineStyle color="#FF6600" type="line" width="2.0"/>
          <y:Arrows source="none" target="none"/>
          <y:BendStyle smoothed="false"/>
        </y:PolyLineEdge>
      </data>
    </edge>
    <edge id="e61" source="n57" target="n60">
      <data key="d36"/>
      <data key="d38"/>
      <data key="d39">
        <y:PolyLineEdge>
          <y:Path sx="0.0" sy="0.0" tx="0.0" ty="0.0"/>
          <y:LineStyle color="#FF6600" type="line" width="2.0"/>
          <y:Arrows source="none" target="none"/>
          <y:BendStyle smoothed="false"/>
        </y:PolyLineEdge>
      </data>
    </edge>
  </graph>
  <data key="d0">
    <y:Resources/>
  </data>
</graphml>
