<?xml version="1.0" encoding="UTF-8" standalone="no"?>
<graphml xmlns="http://graphml.graphdrawing.org/xmlns" xmlns:xsi="http://www.w3.org/2001/XMLSchema-instance" xmlns:y="http://www.yworks.com/xml/graphml" xmlns:yed="http://www.yworks.com/xml/yed/3" xsi:schemaLocation="http://graphml.graphdrawing.org/xmlns http://www.yworks.com/xml/schema/graphml/1.1/ygraphml.xsd">
  <!--Created by yFiles for Java 2.8-->
  <key for="graphml" id="d0" yfiles.type="resources"/>
  <key for="port" id="d1" yfiles.type="portgraphics"/>
  <key for="port" id="d2" yfiles.type="portgeometry"/>
  <key for="port" id="d3" yfiles.type="portuserdata"/>
  <key attr.name="Internal" attr.type="boolean" for="node" id="d4"/>
  <key attr.name="geocode_name" attr.type="string" for="node" id="d5"/>
  <key attr.name="url" attr.type="string" for="node" id="d6"/>
  <key attr.name="description" attr.type="string" for="node" id="d7"/>
  <key for="node" id="d8" yfiles.type="nodegraphics"/>
  <key attr.name="Access" attr.type="boolean" for="graph" id="d9"/>
  <key attr.name="Backbone" attr.type="boolean" for="graph" id="d10"/>
  <key attr.name="Commercial" attr.type="boolean" for="graph" id="d11"/>
  <key attr.name="Creator" attr.type="string" for="graph" id="d12"/>
  <key attr.name="Customer" attr.type="boolean" for="graph" id="d13"/>
  <key attr.name="DateModifier" attr.type="string" for="graph" id="d14"/>
  <key attr.name="DateMonth" attr.type="string" for="graph" id="d15"/>
  <key attr.name="DateObtained" attr.type="string" for="graph" id="d16"/>
  <key attr.name="DateType" attr.type="string" for="graph" id="d17"/>
  <key attr.name="DateYear" attr.type="string" for="graph" id="d18"/>
  <key attr.name="Developed" attr.type="boolean" for="graph" id="d19"/>
  <key attr.name="GeoExtent" attr.type="string" for="graph" id="d20"/>
  <key attr.name="GeoLocation" attr.type="string" for="graph" id="d21"/>
  <key attr.name="IX" attr.type="boolean" for="graph" id="d22"/>
  <key attr.name="LastAccess" attr.type="string" for="graph" id="d23"/>
  <key attr.name="LastProcessed" attr.type="string" for="graph" id="d24"/>
  <key attr.name="Layer" attr.type="string" for="graph" id="d25"/>
  <key attr.name="Network" attr.type="string" for="graph" id="d26"/>
  <key attr.name="NetworkDate" attr.type="string" for="graph" id="d27"/>
  <key attr.name="Note" attr.type="string" for="graph" id="d28"/>
  <key attr.name="Provenance" attr.type="string" for="graph" id="d29"/>
  <key attr.name="Source" attr.type="string" for="graph" id="d30"/>
  <key attr.name="Testbed" attr.type="boolean" for="graph" id="d31"/>
  <key attr.name="Transit" attr.type="boolean" for="graph" id="d32"/>
  <key attr.name="Type" attr.type="string" for="graph" id="d33"/>
  <key attr.name="Version" attr.type="string" for="graph" id="d34"/>
  <key attr.name="label" attr.type="string" for="edge" id="d35"/>
  <key attr.name="url" attr.type="string" for="edge" id="d36"/>
  <key attr.name="description" attr.type="string" for="edge" id="d37"/>
  <key for="edge" id="d38" yfiles.type="edgegraphics"/>
  <graph edgedefault="directed" id="G">
    <data key="d9">false</data>
    <data key="d10">true</data>
    <data key="d11">false</data>
    <data key="d12"><![CDATA[Topology Zoo Toolset]]></data>
    <data key="d13">false</data>
    <data key="d14"><![CDATA[=]]></data>
    <data key="d15"><![CDATA[02]]></data>
    <data key="d16"><![CDATA[21/10/10]]></data>
    <data key="d17"><![CDATA[Historic]]></data>
    <data key="d18"><![CDATA[2009]]></data>
    <data key="d19">true</data>
    <data key="d20"><![CDATA[Country]]></data>
    <data key="d21"><![CDATA[Italy]]></data>
    <data key="d22">false</data>
    <data key="d23"><![CDATA[21/10/10]]></data>
    <data key="d24"><![CDATA[2011_09_01]]></data>
    <data key="d25"><![CDATA[IP]]></data>
    <data key="d26"><![CDATA[GARR]]></data>
    <data key="d27"><![CDATA[2009_02]]></data>
    <data key="d28"><![CDATA[New GARR-X functionality roll-out, experimental or testbed? Names from http://www.noc.garr.it/mappe/ and http://www.garr.it/stampaGARR/netbul/netbul0710.php CO unclear, appears to be Milan-Colombo PoP]]></data>
    <data key="d29"><![CDATA[Primary]]></data>
    <data key="d30"><![CDATA[http://www.garr.it/index.php/rete/infrastruttura-di-rete/mappa-della-rete/48]]></data>
    <data key="d31">false</data>
    <data key="d32">true</data>
    <data key="d33"><![CDATA[REN]]></data>
    <data key="d34"><![CDATA[1.0]]></data>
    <node id="n0">
      <data key="d4">true</data>
      <data key="d5"><![CDATA[Milan]]></data>
      <data key="d7"/>
      <data key="d8">
        <y:ShapeNode>
          <y:Geometry height="25.0" width="25.0" x="317.56918335" y="379.384460449"/>
          <y:Fill color="#FFCC00" transparent="false"/>
          <y:BorderStyle color="#000000" type="line" width="1.0"/>
          <y:NodeLabel alignment="center" autoSizePolicy="content" fontFamily="Dialog" fontSize="8" fontStyle="plain" hasBackgroundColor="false" hasLineColor="false" height="13.421875" modelName="internal" modelPosition="c" textColor="#000000" visible="true" width="22.8828125" x="1.05859375" y="5.7890625">MI-5</y:NodeLabel>
          <y:Shape type="ellipse"/>
        </y:ShapeNode>
      </data>
    </node>
    <node id="n1">
      <data key="d4">false</data>
      <data key="d5"/>
      <data key="d7"/>
      <data key="d8">
        <y:ShapeNode>
          <y:Geometry height="25.0" width="25.0" x="79.682723999" y="380.689025879"/>
          <y:Fill color="#FFCC00" transparent="false"/>
          <y:BorderStyle color="#000000" type="line" width="1.0"/>
          <y:NodeLabel alignment="center" autoSizePolicy="content" fontFamily="Dialog" fontSize="8" fontStyle="plain" hasBackgroundColor="false" hasLineColor="false" height="13.421875" modelName="internal" modelPosition="c" textColor="#000000" visible="true" width="31.63671875" x="-3.318359375" y="5.7890625">TO-PIX</y:NodeLabel>
          <y:Shape type="triangle"/>
        </y:ShapeNode>
      </data>
    </node>
    <node id="n2">
      <data key="d4">true</data>
      <data key="d5"><![CDATA[Roma]]></data>
      <data key="d7"/>
      <data key="d8">
        <y:ShapeNode>
          <y:Geometry height="25.0" width="25.0" x="403.607208252" y="699.925415039"/>
          <y:Fill color="#FFCC00" transparent="false"/>
          <y:BorderStyle color="#000000" type="line" width="1.0"/>
          <y:NodeLabel alignment="center" autoSizePolicy="content" fontFamily="Dialog" fontSize="8" fontStyle="plain" hasBackgroundColor="false" hasLineColor="false" height="13.421875" modelName="internal" modelPosition="c" textColor="#000000" visible="true" width="25.63671875" x="-0.318359375" y="5.7890625">RM-2</y:NodeLabel>
          <y:Shape type="ellipse"/>
        </y:ShapeNode>
      </data>
    </node>
    <node id="n3">
      <data key="d4">true</data>
      <data key="d5"><![CDATA[Milan]]></data>
      <data key="d7"/>
      <data key="d8">
        <y:ShapeNode>
          <y:Geometry height="25.0" width="25.0" x="293.795715332" y="311.591247559"/>
          <y:Fill color="#FFCC00" transparent="false"/>
          <y:BorderStyle color="#000000" type="line" width="1.0"/>
          <y:NodeLabel alignment="center" autoSizePolicy="content" fontFamily="Dialog" fontSize="8" fontStyle="plain" hasBackgroundColor="false" hasLineColor="false" height="13.421875" modelName="internal" modelPosition="c" textColor="#000000" visible="true" width="22.890625" x="1.0546875" y="5.7890625">Mi-4</y:NodeLabel>
          <y:Shape type="ellipse"/>
        </y:ShapeNode>
      </data>
    </node>
    <node id="n4">
      <data key="d4">true</data>
      <data key="d5"><![CDATA[Ferrara]]></data>
      <data key="d7"/>
      <data key="d8">
        <y:ShapeNode>
          <y:Geometry height="25.0" width="25.0" x="418.638549805" y="425.054412842"/>
          <y:Fill color="#FFCC00" transparent="false"/>
          <y:BorderStyle color="#000000" type="line" width="1.0"/>
          <y:NodeLabel alignment="center" autoSizePolicy="content" fontFamily="Dialog" fontSize="8" fontStyle="plain" hasBackgroundColor="false" hasLineColor="false" height="13.421875" modelName="internal" modelPosition="c" textColor="#000000" visible="true" width="12.74609375" x="6.126953125" y="5.7890625">Fe</y:NodeLabel>
          <y:Shape type="ellipse"/>
        </y:ShapeNode>
      </data>
    </node>
    <node id="n5">
      <data key="d4">true</data>
      <data key="d5"><![CDATA[Pavia]]></data>
      <data key="d7"/>
      <data key="d8">
        <y:ShapeNode>
          <y:Geometry height="25.0" width="25.0" x="216.074325562" y="368.60067749"/>
          <y:Fill color="#FFCC00" transparent="false"/>
          <y:BorderStyle color="#000000" type="line" width="1.0"/>
          <y:NodeLabel alignment="center" autoSizePolicy="content" fontFamily="Dialog" fontSize="8" fontStyle="plain" hasBackgroundColor="false" hasLineColor="false" height="13.421875" modelName="internal" modelPosition="c" textColor="#000000" visible="true" width="12.5625" x="6.21875" y="5.7890625">Pv</y:NodeLabel>
          <y:Shape type="ellipse"/>
        </y:ShapeNode>
      </data>
    </node>
    <node id="n6">
      <data key="d4">true</data>
      <data key="d5"><![CDATA[Pisa]]></data>
      <data key="d7"/>
      <data key="d8">
        <y:ShapeNode>
          <y:Geometry height="25.0" width="25.0" x="305.679382324" y="547.127380371"/>
          <y:Fill color="#FFCC00" transparent="false"/>
          <y:BorderStyle color="#000000" type="line" width="1.0"/>
          <y:NodeLabel alignment="center" autoSizePolicy="content" fontFamily="Dialog" fontSize="8" fontStyle="plain" hasBackgroundColor="false" hasLineColor="false" height="13.421875" modelName="internal" modelPosition="c" textColor="#000000" visible="true" width="10.7265625" x="7.13671875" y="5.7890625">PI</y:NodeLabel>
          <y:Shape type="ellipse"/>
        </y:ShapeNode>
      </data>
    </node>
    <node id="n7">
      <data key="d4">true</data>
      <data key="d5"><![CDATA[Urbino]]></data>
      <data key="d7"/>
      <data key="d8">
        <y:ShapeNode>
          <y:Geometry height="25.0" width="25.0" x="446.250244141" y="531.301452637"/>
          <y:Fill color="#FFCC00" transparent="false"/>
          <y:BorderStyle color="#000000" type="line" width="1.0"/>
          <y:NodeLabel alignment="center" autoSizePolicy="content" fontFamily="Dialog" fontSize="8" fontStyle="plain" hasBackgroundColor="false" hasLineColor="false" height="13.421875" modelName="internal" modelPosition="c" textColor="#000000" visible="true" width="12.81640625" x="6.091796875" y="5.7890625">Ur</y:NodeLabel>
          <y:Shape type="ellipse"/>
        </y:ShapeNode>
      </data>
    </node>
    <node id="n8">
      <data key="d4">false</data>
      <data key="d5"/>
      <data key="d7"/>
      <data key="d8">
        <y:ShapeNode>
          <y:Geometry height="25.0" width="25.0" x="129.743453979" y="306.467468262"/>
          <y:Fill color="#FFCC00" transparent="false"/>
          <y:BorderStyle color="#000000" type="line" width="1.0"/>
          <y:NodeLabel alignment="center" autoSizePolicy="content" fontFamily="Dialog" fontSize="8" fontStyle="plain" hasBackgroundColor="false" hasLineColor="false" height="13.421875" modelName="internal" modelPosition="c" textColor="#000000" visible="true" width="31.3671875" x="-3.18359375" y="5.7890625">Google</y:NodeLabel>
          <y:Shape type="triangle"/>
        </y:ShapeNode>
      </data>
    </node>
    <node id="n9">
      <data key="d4">false</data>
      <data key="d5"/>
      <data key="d7"/>
      <data key="d8">
        <y:ShapeNode>
          <y:Geometry height="25.0" width="25.0" x="322.005767822" y="156.913208008"/>
          <y:Fill color="#FFCC00" transparent="false"/>
          <y:BorderStyle color="#000000" type="line" width="1.0"/>
          <y:NodeLabel alignment="center" autoSizePolicy="content" fontFamily="Dialog" fontSize="8" fontStyle="plain" hasBackgroundColor="false" hasLineColor="false" height="13.421875" modelName="internal" modelPosition="c" textColor="#000000" visible="true" width="30.60546875" x="-2.802734375" y="5.7890625">GEANT</y:NodeLabel>
          <y:Shape type="triangle"/>
        </y:ShapeNode>
      </data>
    </node>
    <node id="n10">
      <data key="d4">false</data>
      <data key="d5"/>
      <data key="d7"/>
      <data key="d8">
        <y:ShapeNode>
          <y:Geometry height="25.0" width="25.0" x="431.156982422" y="209.766738892"/>
          <y:Fill color="#FFCC00" transparent="false"/>
          <y:BorderStyle color="#000000" type="line" width="1.0"/>
          <y:NodeLabel alignment="center" autoSizePolicy="content" fontFamily="Dialog" fontSize="8" fontStyle="plain" hasBackgroundColor="false" hasLineColor="false" height="13.421875" modelName="internal" modelPosition="c" textColor="#000000" visible="true" width="14.7890625" x="5.10546875" y="5.7890625">GX</y:NodeLabel>
          <y:Shape type="triangle"/>
        </y:ShapeNode>
      </data>
    </node>
    <node id="n11">
      <data key="d4">false</data>
      <data key="d5"/>
      <data key="d7"/>
      <data key="d8">
        <y:ShapeNode>
          <y:Geometry height="25.0" width="25.0" x="278.009887695" y="145.071380615"/>
          <y:Fill color="#FFCC00" transparent="false"/>
          <y:BorderStyle color="#000000" type="line" width="1.0"/>
          <y:NodeLabel alignment="center" autoSizePolicy="content" fontFamily="Dialog" fontSize="8" fontStyle="plain" hasBackgroundColor="false" hasLineColor="false" height="13.421875" modelName="internal" modelPosition="c" textColor="#000000" visible="true" width="30.60546875" x="-2.802734375" y="5.7890625">GEANT</y:NodeLabel>
          <y:Shape type="triangle"/>
        </y:ShapeNode>
      </data>
    </node>
    <node id="n12">
      <data key="d4">false</data>
      <data key="d5"/>
      <data key="d7"/>
      <data key="d8">
        <y:ShapeNode>
          <y:Geometry height="25.0" width="25.0" x="361.058319092" y="245.25"/>
          <y:Fill color="#FFCC00" transparent="false"/>
          <y:BorderStyle color="#000000" type="line" width="1.0"/>
          <y:NodeLabel alignment="center" autoSizePolicy="content" fontFamily="Dialog" fontSize="8" fontStyle="plain" hasBackgroundColor="false" hasLineColor="false" height="13.421875" modelName="internal" modelPosition="c" textColor="#000000" visible="true" width="36.08203125" x="-5.541015625" y="5.7890625">Svizzera</y:NodeLabel>
          <y:Shape type="triangle"/>
        </y:ShapeNode>
      </data>
    </node>
    <node id="n13">
      <data key="d4">true</data>
      <data key="d5"><![CDATA[Cagliari]]></data>
      <data key="d7"/>
      <data key="d8">
        <y:ShapeNode>
          <y:Geometry height="25.0" width="25.0" x="126.49282074" y="891.925476074"/>
          <y:Fill color="#FFCC00" transparent="false"/>
          <y:BorderStyle color="#000000" type="line" width="1.0"/>
          <y:NodeLabel alignment="center" autoSizePolicy="content" fontFamily="Dialog" fontSize="8" fontStyle="plain" hasBackgroundColor="false" hasLineColor="false" height="13.421875" modelName="internal" modelPosition="c" textColor="#000000" visible="true" width="15.0546875" x="4.972656250000014" y="5.7890625">CA</y:NodeLabel>
          <y:Shape type="ellipse"/>
        </y:ShapeNode>
      </data>
    </node>
    <node id="n14">
      <data key="d4">true</data>
      <data key="d5"><![CDATA[L Aquila]]></data>
      <data key="d7"/>
      <data key="d8">
        <y:ShapeNode>
          <y:Geometry height="25.0" width="25.0" x="473.103057861" y="619.600341797"/>
          <y:Fill color="#FFCC00" transparent="false"/>
          <y:BorderStyle color="#000000" type="line" width="1.0"/>
          <y:NodeLabel alignment="center" autoSizePolicy="content" fontFamily="Dialog" fontSize="8" fontStyle="plain" hasBackgroundColor="false" hasLineColor="false" height="13.421875" modelName="internal" modelPosition="c" textColor="#000000" visible="true" width="25.421875" x="-0.2109375" y="5.7890625">AQ-1</y:NodeLabel>
          <y:Shape type="ellipse"/>
        </y:ShapeNode>
      </data>
    </node>
    <node id="n15">
      <data key="d4">true</data>
      <data key="d5"><![CDATA[Sassari]]></data>
      <data key="d7"/>
      <data key="d8">
        <y:ShapeNode>
          <y:Geometry height="25.0" width="25.0" x="162.235839844" y="780.948120117"/>
          <y:Fill color="#FFCC00" transparent="false"/>
          <y:BorderStyle color="#000000" type="line" width="1.0"/>
          <y:NodeLabel alignment="center" autoSizePolicy="content" fontFamily="Dialog" fontSize="8" fontStyle="plain" hasBackgroundColor="false" hasLineColor="false" height="13.421875" modelName="internal" modelPosition="c" textColor="#000000" visible="true" width="12.6171875" x="6.19140625" y="5.7890625">SS</y:NodeLabel>
          <y:Shape type="ellipse"/>
        </y:ShapeNode>
      </data>
    </node>
    <node id="n16">
      <data key="d4">true</data>
      <data key="d5"><![CDATA[Cagliari]]></data>
      <data key="d7"/>
      <data key="d8">
        <y:ShapeNode>
          <y:Geometry height="25.0" width="25.0" x="168.292800903" y="893.137573242"/>
          <y:Fill color="#FFCC00" transparent="false"/>
          <y:BorderStyle color="#000000" type="line" width="1.0"/>
          <y:NodeLabel alignment="center" autoSizePolicy="content" fontFamily="Dialog" fontSize="8" fontStyle="plain" hasBackgroundColor="false" hasLineColor="false" height="13.421875" modelName="internal" modelPosition="c" textColor="#000000" visible="true" width="24.7421875" x="0.12890625" y="5.7890625">CA-1</y:NodeLabel>
          <y:Shape type="ellipse"/>
        </y:ShapeNode>
      </data>
    </node>
    <node id="n17">
      <data key="d4">false</data>
      <data key="d5"/>
      <data key="d7"/>
      <data key="d8">
        <y:ShapeNode>
          <y:Geometry height="25.0" width="25.0" x="329.630401611" y="815.839660645"/>
          <y:Fill color="#FFCC00" transparent="false"/>
          <y:BorderStyle color="#000000" type="line" width="1.0"/>
          <y:NodeLabel alignment="center" autoSizePolicy="content" fontFamily="Dialog" fontSize="8" fontStyle="plain" hasBackgroundColor="false" hasLineColor="false" height="13.421875" modelName="internal" modelPosition="c" textColor="#000000" visible="true" width="31.6640625" x="-3.33203125" y="5.7890625">NAMEX</y:NodeLabel>
          <y:Shape type="triangle"/>
        </y:ShapeNode>
      </data>
    </node>
    <node id="n18">
      <data key="d4">true</data>
      <data key="d5"><![CDATA[Roma]]></data>
      <data key="d7"/>
      <data key="d8">
        <y:ShapeNode>
          <y:Geometry height="25.0" width="25.0" x="432.648651123" y="675.441589355"/>
          <y:Fill color="#FFCC00" transparent="false"/>
          <y:BorderStyle color="#000000" type="line" width="1.0"/>
          <y:NodeLabel alignment="center" autoSizePolicy="content" fontFamily="Dialog" fontSize="8" fontStyle="plain" hasBackgroundColor="false" hasLineColor="false" height="13.421875" modelName="internal" modelPosition="c" textColor="#000000" visible="true" width="25.63671875" x="-0.318359375" y="5.7890625">RM-1</y:NodeLabel>
          <y:Shape type="ellipse"/>
        </y:ShapeNode>
      </data>
    </node>
    <node id="n19">
      <data key="d4">true</data>
      <data key="d5"><![CDATA[Perugia]]></data>
      <data key="d7"/>
      <data key="d8">
        <y:ShapeNode>
          <y:Geometry height="25.0" width="25.0" x="428.490539551" y="598.248840332"/>
          <y:Fill color="#FFCC00" transparent="false"/>
          <y:BorderStyle color="#000000" type="line" width="1.0"/>
          <y:NodeLabel alignment="center" autoSizePolicy="content" fontFamily="Dialog" fontSize="8" fontStyle="plain" hasBackgroundColor="false" hasLineColor="false" height="13.421875" modelName="internal" modelPosition="c" textColor="#000000" visible="true" width="14.203125" x="5.3984375" y="5.7890625">PG</y:NodeLabel>
          <y:Shape type="ellipse"/>
        </y:ShapeNode>
      </data>
    </node>
    <node id="n20">
      <data key="d4">true</data>
      <data key="d5"><![CDATA[Ancona]]></data>
      <data key="d7"/>
      <data key="d8">
        <y:ShapeNode>
          <y:Geometry height="25.0" width="25.0" x="483.693786621" y="552.653747559"/>
          <y:Fill color="#FFCC00" transparent="false"/>
          <y:BorderStyle color="#000000" type="line" width="1.0"/>
          <y:NodeLabel alignment="center" autoSizePolicy="content" fontFamily="Dialog" fontSize="8" fontStyle="plain" hasBackgroundColor="false" hasLineColor="false" height="13.421875" modelName="internal" modelPosition="c" textColor="#000000" visible="true" width="15.4296875" x="4.78515625" y="5.7890625">AN</y:NodeLabel>
          <y:Shape type="ellipse"/>
        </y:ShapeNode>
      </data>
    </node>
    <node id="n21">
      <data key="d4">true</data>
      <data key="d5"><![CDATA[L Aquila]]></data>
      <data key="d7"/>
      <data key="d8">
        <y:ShapeNode>
          <y:Geometry height="25.0" width="25.0" x="482.598083496" y="657.472961426"/>
          <y:Fill color="#FFCC00" transparent="false"/>
          <y:BorderStyle color="#000000" type="line" width="1.0"/>
          <y:NodeLabel alignment="center" autoSizePolicy="content" fontFamily="Dialog" fontSize="8" fontStyle="plain" hasBackgroundColor="false" hasLineColor="false" height="13.421875" modelName="internal" modelPosition="c" textColor="#000000" visible="true" width="15.734375" x="4.6328125" y="5.7890625">AQ</y:NodeLabel>
          <y:Shape type="ellipse"/>
        </y:ShapeNode>
      </data>
    </node>
    <node id="n22">
      <data key="d4">true</data>
      <data key="d5"><![CDATA[Frascati]]></data>
      <data key="d7"/>
      <data key="d8">
        <y:ShapeNode>
          <y:Geometry height="25.0" width="25.0" x="455.723205566" y="707.33795166"/>
          <y:Fill color="#FFCC00" transparent="false"/>
          <y:BorderStyle color="#000000" type="line" width="1.0"/>
          <y:NodeLabel alignment="center" autoSizePolicy="content" fontFamily="Dialog" fontSize="8" fontStyle="plain" hasBackgroundColor="false" hasLineColor="false" height="13.421875" modelName="internal" modelPosition="c" textColor="#000000" visible="true" width="18.8671875" x="3.06640625" y="5.7890625">FRA</y:NodeLabel>
          <y:Shape type="ellipse"/>
        </y:ShapeNode>
      </data>
    </node>
    <node id="n23">
      <data key="d4">true</data>
      <data key="d5"><![CDATA[Campobasso]]></data>
      <data key="d7"/>
      <data key="d8">
        <y:ShapeNode>
          <y:Geometry height="25.0" width="25.0" x="557.794250488" y="710.272949219"/>
          <y:Fill color="#FFCC00" transparent="false"/>
          <y:BorderStyle color="#000000" type="line" width="1.0"/>
          <y:NodeLabel alignment="center" autoSizePolicy="content" fontFamily="Dialog" fontSize="8" fontStyle="plain" hasBackgroundColor="false" hasLineColor="false" height="13.421875" modelName="internal" modelPosition="c" textColor="#000000" visible="true" width="14.13671875" x="5.431640625" y="5.7890625">CB</y:NodeLabel>
          <y:Shape type="ellipse"/>
        </y:ShapeNode>
      </data>
    </node>
    <node id="n24">
      <data key="d4">true</data>
      <data key="d5"><![CDATA[Foggia]]></data>
      <data key="d7"/>
      <data key="d8">
        <y:ShapeNode>
          <y:Geometry height="25.0" width="25.0" x="645.417907715" y="738.137268066"/>
          <y:Fill color="#FFCC00" transparent="false"/>
          <y:BorderStyle color="#000000" type="line" width="1.0"/>
          <y:NodeLabel alignment="center" autoSizePolicy="content" fontFamily="Dialog" fontSize="8" fontStyle="plain" hasBackgroundColor="false" hasLineColor="false" height="13.421875" modelName="internal" modelPosition="c" textColor="#000000" visible="true" width="14.0703125" x="5.46484375" y="5.7890625">FG</y:NodeLabel>
          <y:Shape type="ellipse"/>
        </y:ShapeNode>
      </data>
    </node>
    <node id="n25">
      <data key="d4">true</data>
      <data key="d5"><![CDATA[Bari]]></data>
      <data key="d7"/>
      <data key="d8">
        <y:ShapeNode>
          <y:Geometry height="25.0" width="25.0" x="687.336669922" y="785.179870605"/>
          <y:Fill color="#FFCC00" transparent="false"/>
          <y:BorderStyle color="#000000" type="line" width="1.0"/>
          <y:NodeLabel alignment="center" autoSizePolicy="content" fontFamily="Dialog" fontSize="8" fontStyle="plain" hasBackgroundColor="false" hasLineColor="false" height="13.421875" modelName="internal" modelPosition="c" textColor="#000000" visible="true" width="14.12109375" x="5.439453125" y="5.7890625">BA</y:NodeLabel>
          <y:Shape type="ellipse"/>
        </y:ShapeNode>
      </data>
    </node>
    <node id="n26">
      <data key="d4">true</data>
      <data key="d5"><![CDATA[Lecce]]></data>
      <data key="d7"/>
      <data key="d8">
        <y:ShapeNode>
          <y:Geometry height="25.0" width="25.0" x="777.316772461" y="853.401245117"/>
          <y:Fill color="#FFCC00" transparent="false"/>
          <y:BorderStyle color="#000000" type="line" width="1.0"/>
          <y:NodeLabel alignment="center" autoSizePolicy="content" fontFamily="Dialog" fontSize="8" fontStyle="plain" hasBackgroundColor="false" hasLineColor="false" height="13.421875" modelName="internal" modelPosition="c" textColor="#000000" visible="true" width="12.6015625" x="6.19921875" y="5.7890625">LE</y:NodeLabel>
          <y:Shape type="ellipse"/>
        </y:ShapeNode>
      </data>
    </node>
    <node id="n27">
      <data key="d4">true</data>
      <data key="d5"><![CDATA[Matera]]></data>
      <data key="d7"/>
      <data key="d8">
        <y:ShapeNode>
          <y:Geometry height="25.0" width="25.0" x="672.617919922" y="835.264953613"/>
          <y:Fill color="#FFCC00" transparent="false"/>
          <y:BorderStyle color="#000000" type="line" width="1.0"/>
          <y:NodeLabel alignment="center" autoSizePolicy="content" fontFamily="Dialog" fontSize="8" fontStyle="plain" hasBackgroundColor="false" hasLineColor="false" height="13.421875" modelName="internal" modelPosition="c" textColor="#000000" visible="true" width="15.94921875" x="4.525390625" y="5.7890625">MT</y:NodeLabel>
          <y:Shape type="ellipse"/>
        </y:ShapeNode>
      </data>
    </node>
    <node id="n28">
      <data key="d4">true</data>
      <data key="d5"><![CDATA[Potenza]]></data>
      <data key="d7"/>
      <data key="d8">
        <y:ShapeNode>
          <y:Geometry height="25.0" width="25.0" x="631.856323242" y="815.565795898"/>
          <y:Fill color="#FFCC00" transparent="false"/>
          <y:BorderStyle color="#000000" type="line" width="1.0"/>
          <y:NodeLabel alignment="center" autoSizePolicy="content" fontFamily="Dialog" fontSize="8" fontStyle="plain" hasBackgroundColor="false" hasLineColor="false" height="13.421875" modelName="internal" modelPosition="c" textColor="#000000" visible="true" width="13.2578125" x="5.87109375" y="5.7890625">PZ</y:NodeLabel>
          <y:Shape type="ellipse"/>
        </y:ShapeNode>
      </data>
    </node>
    <node id="n29">
      <data key="d4">true</data>
      <data key="d5"><![CDATA[Salerno]]></data>
      <data key="d7"/>
      <data key="d8">
        <y:ShapeNode>
          <y:Geometry height="25.0" width="25.0" x="541.611206055" y="806.184631348"/>
          <y:Fill color="#FFCC00" transparent="false"/>
          <y:BorderStyle color="#000000" type="line" width="1.0"/>
          <y:NodeLabel alignment="center" autoSizePolicy="content" fontFamily="Dialog" fontSize="8" fontStyle="plain" hasBackgroundColor="false" hasLineColor="false" height="13.421875" modelName="internal" modelPosition="c" textColor="#000000" visible="true" width="13.828125" x="5.5859375" y="5.7890625">SA</y:NodeLabel>
          <y:Shape type="ellipse"/>
        </y:ShapeNode>
      </data>
    </node>
    <node id="n30">
      <data key="d4">true</data>
      <data key="d5"><![CDATA[Napoli]]></data>
      <data key="d7"/>
      <data key="d8">
        <y:ShapeNode>
          <y:Geometry height="25.0" width="25.0" x="507.229125977" y="776.291503906"/>
          <y:Fill color="#FFCC00" transparent="false"/>
          <y:BorderStyle color="#000000" type="line" width="1.0"/>
          <y:NodeLabel alignment="center" autoSizePolicy="content" fontFamily="Dialog" fontSize="8" fontStyle="plain" hasBackgroundColor="false" hasLineColor="false" height="13.421875" modelName="internal" modelPosition="c" textColor="#000000" visible="true" width="15.4296875" x="4.785156249999943" y="5.7890625">NA</y:NodeLabel>
          <y:Shape type="ellipse"/>
        </y:ShapeNode>
      </data>
    </node>
    <node id="n31">
      <data key="d4">true</data>
      <data key="d5"><![CDATA[Messina]]></data>
      <data key="d7"/>
      <data key="d8">
        <y:ShapeNode>
          <y:Geometry height="25.0" width="25.0" x="559.283813477" y="998.471069336"/>
          <y:Fill color="#FFCC00" transparent="false"/>
          <y:BorderStyle color="#000000" type="line" width="1.0"/>
          <y:NodeLabel alignment="center" autoSizePolicy="content" fontFamily="Dialog" fontSize="8" fontStyle="plain" hasBackgroundColor="false" hasLineColor="false" height="13.421875" modelName="internal" modelPosition="c" textColor="#000000" visible="true" width="15.2265625" x="4.88671875" y="5.7890625">ME</y:NodeLabel>
          <y:Shape type="ellipse"/>
        </y:ShapeNode>
      </data>
    </node>
    <node id="n32">
      <data key="d4">true</data>
      <data key="d5"><![CDATA[Cosenza]]></data>
      <data key="d7"/>
      <data key="d8">
        <y:ShapeNode>
          <y:Geometry height="25.0" width="25.0" x="621.911987305" y="949.160949707"/>
          <y:Fill color="#FFCC00" transparent="false"/>
          <y:BorderStyle color="#000000" type="line" width="1.0"/>
          <y:NodeLabel alignment="center" autoSizePolicy="content" fontFamily="Dialog" fontSize="8" fontStyle="plain" hasBackgroundColor="false" hasLineColor="false" height="13.421875" modelName="internal" modelPosition="c" textColor="#000000" visible="true" width="13.84375" x="5.578125" y="5.7890625">CS</y:NodeLabel>
          <y:Shape type="ellipse"/>
        </y:ShapeNode>
      </data>
    </node>
    <node id="n33">
      <data key="d4">true</data>
      <data key="d5"><![CDATA[Catania]]></data>
      <data key="d7"/>
      <data key="d8">
        <y:ShapeNode>
          <y:Geometry height="25.0" width="25.0" x="530.02557373" y="1081.42297363"/>
          <y:Fill color="#FFCC00" transparent="false"/>
          <y:BorderStyle color="#000000" type="line" width="1.0"/>
          <y:NodeLabel alignment="center" autoSizePolicy="content" fontFamily="Dialog" fontSize="8" fontStyle="plain" hasBackgroundColor="false" hasLineColor="false" height="13.421875" modelName="internal" modelPosition="c" textColor="#000000" visible="true" width="14.59375" x="5.203125" y="5.7890625">CT</y:NodeLabel>
          <y:Shape type="ellipse"/>
        </y:ShapeNode>
      </data>
    </node>
    <node id="n34">
      <data key="d4">true</data>
      <data key="d5"><![CDATA[Palermo]]></data>
      <data key="d7"/>
      <data key="d8">
        <y:ShapeNode>
          <y:Geometry height="25.0" width="25.0" x="430.963531494" y="1006.62207031"/>
          <y:Fill color="#FFCC00" transparent="false"/>
          <y:BorderStyle color="#000000" type="line" width="1.0"/>
          <y:NodeLabel alignment="center" autoSizePolicy="content" fontFamily="Dialog" fontSize="8" fontStyle="plain" hasBackgroundColor="false" hasLineColor="false" height="13.421875" modelName="internal" modelPosition="c" textColor="#000000" visible="true" width="13.94140625" x="5.529296875" y="5.7890625">PA</y:NodeLabel>
          <y:Shape type="ellipse"/>
        </y:ShapeNode>
      </data>
    </node>
    <node id="n35">
      <data key="d4">false</data>
      <data key="d5"/>
      <data key="d7"/>
      <data key="d8">
        <y:ShapeNode>
          <y:Geometry height="25.0" width="25.0" x="716.525756836" y="1186.54211426"/>
          <y:Fill color="#FFCC00" transparent="false"/>
          <y:BorderStyle color="#000000" type="line" width="1.0"/>
          <y:NodeLabel alignment="center" autoSizePolicy="content" fontFamily="Dialog" fontSize="8" fontStyle="plain" hasBackgroundColor="false" hasLineColor="false" height="13.421875" modelName="internal" modelPosition="c" textColor="#000000" visible="true" width="72.12890625" x="-23.564453125" y="5.7890625">EUMED CONNECT</y:NodeLabel>
          <y:Shape type="triangle"/>
        </y:ShapeNode>
      </data>
    </node>
    <node id="n36">
      <data key="d4">false</data>
      <data key="d5"/>
      <data key="d7"/>
      <data key="d8">
        <y:ShapeNode>
          <y:Geometry height="25.0" width="25.0" x="134.9009552" y="227.790405273"/>
          <y:Fill color="#FFCC00" transparent="false"/>
          <y:BorderStyle color="#000000" type="line" width="1.0"/>
          <y:NodeLabel alignment="center" autoSizePolicy="content" fontFamily="Dialog" fontSize="8" fontStyle="plain" hasBackgroundColor="false" hasLineColor="false" height="13.421875" modelName="internal" modelPosition="c" textColor="#000000" visible="true" width="28.328125" x="-1.6640625" y="5.7890625">MIX    </y:NodeLabel>
          <y:Shape type="triangle"/>
        </y:ShapeNode>
      </data>
    </node>
    <node id="n37">
      <data key="d4">false</data>
      <data key="d5"/>
      <data key="d7"/>
      <data key="d8">
        <y:ShapeNode>
          <y:Geometry height="25.0" width="25.0" x="200.852981567" y="217.794631958"/>
          <y:Fill color="#FFCC00" transparent="false"/>
          <y:BorderStyle color="#000000" type="line" width="1.0"/>
          <y:NodeLabel alignment="center" autoSizePolicy="content" fontFamily="Dialog" fontSize="8" fontStyle="plain" hasBackgroundColor="false" hasLineColor="false" height="13.421875" modelName="internal" modelPosition="c" textColor="#000000" visible="true" width="25.484375" x="-0.2421875" y="5.7890625">TELIA</y:NodeLabel>
          <y:Shape type="triangle"/>
        </y:ShapeNode>
      </data>
    </node>
    <node id="n38">
      <data key="d4">true</data>
      <data key="d5"><![CDATA[Trieste]]></data>
      <data key="d7"/>
      <data key="d8">
        <y:ShapeNode>
          <y:Geometry height="25.0" width="25.0" x="512.032165527" y="336.406585693"/>
          <y:Fill color="#FFCC00" transparent="false"/>
          <y:BorderStyle color="#000000" type="line" width="1.0"/>
          <y:NodeLabel alignment="center" autoSizePolicy="content" fontFamily="Dialog" fontSize="8" fontStyle="plain" hasBackgroundColor="false" hasLineColor="false" height="13.421875" modelName="internal" modelPosition="c" textColor="#000000" visible="true" width="23.0546875" x="0.97265625" y="5.7890625">TS-1</y:NodeLabel>
          <y:Shape type="ellipse"/>
        </y:ShapeNode>
      </data>
    </node>
    <node id="n39">
      <data key="d4">true</data>
      <data key="d5"><![CDATA[Padova]]></data>
      <data key="d7"/>
      <data key="d8">
        <y:ShapeNode>
          <y:Geometry height="25.0" width="25.0" x="410.892883301" y="379.957000732"/>
          <y:Fill color="#FFCC00" transparent="false"/>
          <y:BorderStyle color="#000000" type="line" width="1.0"/>
          <y:NodeLabel alignment="center" autoSizePolicy="content" fontFamily="Dialog" fontSize="8" fontStyle="plain" hasBackgroundColor="false" hasLineColor="false" height="13.421875" modelName="internal" modelPosition="c" textColor="#000000" visible="true" width="14.4140625" x="5.29296875" y="5.7890625">PD</y:NodeLabel>
          <y:Shape type="ellipse"/>
        </y:ShapeNode>
      </data>
    </node>
    <node id="n40">
      <data key="d4">true</data>
      <data key="d5"><![CDATA[Venezia]]></data>
      <data key="d7"/>
      <data key="d8">
        <y:ShapeNode>
          <y:Geometry height="25.0" width="25.0" x="468.19152832" y="376.420593262"/>
          <y:Fill color="#FFCC00" transparent="false"/>
          <y:BorderStyle color="#000000" type="line" width="1.0"/>
          <y:NodeLabel alignment="center" autoSizePolicy="content" fontFamily="Dialog" fontSize="8" fontStyle="plain" hasBackgroundColor="false" hasLineColor="false" height="13.421875" modelName="internal" modelPosition="c" textColor="#000000" visible="true" width="13.56640625" x="5.716796875" y="5.7890625">VE</y:NodeLabel>
          <y:Shape type="ellipse"/>
        </y:ShapeNode>
      </data>
    </node>
    <node id="n41">
      <data key="d4">true</data>
      <data key="d5"><![CDATA[Trento]]></data>
      <data key="d7"/>
      <data key="d8">
        <y:ShapeNode>
          <y:Geometry height="25.0" width="25.0" x="381.760253906" y="309.466583252"/>
          <y:Fill color="#FFCC00" transparent="false"/>
          <y:BorderStyle color="#000000" type="line" width="1.0"/>
          <y:NodeLabel alignment="center" autoSizePolicy="content" fontFamily="Dialog" fontSize="8" fontStyle="plain" hasBackgroundColor="false" hasLineColor="false" height="13.421875" modelName="internal" modelPosition="c" textColor="#000000" visible="true" width="14.96875" x="5.015625" y="5.7890625">TN</y:NodeLabel>
          <y:Shape type="ellipse"/>
        </y:ShapeNode>
      </data>
    </node>
    <node id="n42">
      <data key="d4">true</data>
      <data key="d5"><![CDATA[Milan]]></data>
      <data key="d7"/>
      <data key="d8">
        <y:ShapeNode>
          <y:Geometry height="25.0" width="25.0" x="294.404785156" y="340.62991333"/>
          <y:Fill color="#FFCC00" transparent="false"/>
          <y:BorderStyle color="#000000" type="line" width="1.0"/>
          <y:NodeLabel alignment="center" autoSizePolicy="content" fontFamily="Dialog" fontSize="8" fontStyle="plain" hasBackgroundColor="false" hasLineColor="false" height="13.421875" modelName="internal" modelPosition="c" textColor="#000000" visible="true" width="22.8828125" x="1.05859375" y="5.7890625">MI-1</y:NodeLabel>
          <y:Shape type="ellipse"/>
        </y:ShapeNode>
      </data>
    </node>
    <node id="n43">
      <data key="d4">true</data>
      <data key="d5"><![CDATA[Milan]]></data>
      <data key="d7"/>
      <data key="d8">
        <y:ShapeNode>
          <y:Geometry height="25.0" width="25.0" x="252.021789551" y="306.744750977"/>
          <y:Fill color="#FFCC00" transparent="false"/>
          <y:BorderStyle color="#000000" type="line" width="1.0"/>
          <y:NodeLabel alignment="center" autoSizePolicy="content" fontFamily="Dialog" fontSize="8" fontStyle="plain" hasBackgroundColor="false" hasLineColor="false" height="13.421875" modelName="internal" modelPosition="c" textColor="#000000" visible="true" width="15.75" x="4.624999999999972" y="5.7890625">CO</y:NodeLabel>
          <y:Shape type="ellipse"/>
        </y:ShapeNode>
      </data>
    </node>
    <node id="n44">
      <data key="d4">true</data>
      <data key="d5"><![CDATA[Milan]]></data>
      <data key="d7"/>
      <data key="d8">
        <y:ShapeNode>
          <y:Geometry height="25.0" width="25.0" x="249.599807739" y="343.311431885"/>
          <y:Fill color="#FFCC00" transparent="false"/>
          <y:BorderStyle color="#000000" type="line" width="1.0"/>
          <y:NodeLabel alignment="center" autoSizePolicy="content" fontFamily="Dialog" fontSize="8" fontStyle="plain" hasBackgroundColor="false" hasLineColor="false" height="13.421875" modelName="internal" modelPosition="c" textColor="#000000" visible="true" width="22.8828125" x="1.05859375" y="5.7890625">MI-2</y:NodeLabel>
          <y:Shape type="ellipse"/>
        </y:ShapeNode>
      </data>
    </node>
    <node id="n45">
      <data key="d4">true</data>
      <data key="d5"><![CDATA[Turin]]></data>
      <data key="d7"/>
      <data key="d8">
        <y:ShapeNode>
          <y:Geometry height="25.0" width="25.0" x="161.021148682" y="366.978393555"/>
          <y:Fill color="#FFCC00" transparent="false"/>
          <y:BorderStyle color="#000000" type="line" width="1.0"/>
          <y:NodeLabel alignment="center" autoSizePolicy="content" fontFamily="Dialog" fontSize="8" fontStyle="plain" hasBackgroundColor="false" hasLineColor="false" height="13.421875" modelName="internal" modelPosition="c" textColor="#000000" visible="true" width="15.2734375" x="4.86328125" y="5.7890625">TO</y:NodeLabel>
          <y:Shape type="ellipse"/>
        </y:ShapeNode>
      </data>
    </node>
    <node id="n46">
      <data key="d4">true</data>
      <data key="d5"><![CDATA[Genova]]></data>
      <data key="d7"/>
      <data key="d8">
        <y:ShapeNode>
          <y:Geometry height="25.0" width="25.0" x="208.59928894" y="440.700714111"/>
          <y:Fill color="#FFCC00" transparent="false"/>
          <y:BorderStyle color="#000000" type="line" width="1.0"/>
          <y:NodeLabel alignment="center" autoSizePolicy="content" fontFamily="Dialog" fontSize="8" fontStyle="plain" hasBackgroundColor="false" hasLineColor="false" height="13.421875" modelName="internal" modelPosition="c" textColor="#000000" visible="true" width="14.1171875" x="5.44140625" y="5.7890625">GE</y:NodeLabel>
          <y:Shape type="ellipse"/>
        </y:ShapeNode>
      </data>
    </node>
    <node id="n47">
      <data key="d4">true</data>
      <data key="d5"><![CDATA[Firenze]]></data>
      <data key="d7"/>
      <data key="d8">
        <y:ShapeNode>
          <y:Geometry height="25.0" width="25.0" x="340.67678833" y="515.862731934"/>
          <y:Fill color="#FFCC00" transparent="false"/>
          <y:BorderStyle color="#000000" type="line" width="1.0"/>
          <y:NodeLabel alignment="center" autoSizePolicy="content" fontFamily="Dialog" fontSize="8" fontStyle="plain" hasBackgroundColor="false" hasLineColor="false" height="13.421875" modelName="internal" modelPosition="c" textColor="#000000" visible="true" width="10.6015625" x="7.19921875" y="5.7890625">Fi</y:NodeLabel>
          <y:Shape type="ellipse"/>
        </y:ShapeNode>
      </data>
    </node>
    <node id="n48">
      <data key="d4">true</data>
      <data key="d5"><![CDATA[Firenze]]></data>
      <data key="d7"/>
      <data key="d8">
        <y:ShapeNode>
          <y:Geometry height="25.0" width="25.0" x="372.822723389" y="531.660461426"/>
          <y:Fill color="#FFCC00" transparent="false"/>
          <y:BorderStyle color="#000000" type="line" width="1.0"/>
          <y:NodeLabel alignment="center" autoSizePolicy="content" fontFamily="Dialog" fontSize="8" fontStyle="plain" hasBackgroundColor="false" hasLineColor="false" height="13.421875" modelName="internal" modelPosition="c" textColor="#000000" visible="true" width="10.59375" x="7.203125" y="5.7890625">FI</y:NodeLabel>
          <y:Shape type="ellipse"/>
        </y:ShapeNode>
      </data>
    </node>
    <node id="n49">
      <data key="d4">true</data>
      <data key="d5"><![CDATA[Bologna]]></data>
      <data key="d7"/>
      <data key="d8">
        <y:ShapeNode>
          <y:Geometry height="25.0" width="25.0" x="385.585449219" y="438.497467041"/>
          <y:Fill color="#FFCC00" transparent="false"/>
          <y:BorderStyle color="#000000" type="line" width="1.0"/>
          <y:NodeLabel alignment="center" autoSizePolicy="content" fontFamily="Dialog" fontSize="8" fontStyle="plain" hasBackgroundColor="false" hasLineColor="false" height="13.421875" modelName="internal" modelPosition="c" textColor="#000000" visible="true" width="14.81640625" x="5.091796875" y="5.7890625">BO</y:NodeLabel>
          <y:Shape type="ellipse"/>
        </y:ShapeNode>
      </data>
    </node>
    <node id="n50">
      <data key="d4">true</data>
      <data key="d5"><![CDATA[Milan]]></data>
      <data key="d7"/>
      <data key="d8">
        <y:ShapeNode>
          <y:Geometry height="25.0" width="25.0" x="276.522918701" y="369.403961182"/>
          <y:Fill color="#FFCC00" transparent="false"/>
          <y:BorderStyle color="#000000" type="line" width="1.0"/>
          <y:NodeLabel alignment="center" autoSizePolicy="content" fontFamily="Dialog" fontSize="8" fontStyle="plain" hasBackgroundColor="false" hasLineColor="false" height="13.421875" modelName="internal" modelPosition="c" textColor="#000000" visible="true" width="22.8828125" x="1.05859375" y="5.7890625">MI-3</y:NodeLabel>
          <y:Shape type="ellipse"/>
        </y:ShapeNode>
      </data>
    </node>
    <node id="n51">
      <data key="d4">true</data>
      <data key="d5"><![CDATA[Catanzaro]]></data>
      <data key="d7"/>
      <data key="d8">
        <y:ShapeNode>
          <y:Geometry height="25.0" width="25.0" x="618.477416992" y="995.408325195"/>
          <y:Fill color="#FFCC00" transparent="false"/>
          <y:BorderStyle color="#000000" type="line" width="1.0"/>
          <y:NodeLabel alignment="center" autoSizePolicy="content" fontFamily="Dialog" fontSize="8" fontStyle="plain" hasBackgroundColor="false" hasLineColor="false" height="13.421875" modelName="internal" modelPosition="c" textColor="#000000" visible="true" width="14.37109375" x="5.314453125" y="5.7890625">CZ</y:NodeLabel>
          <y:Shape type="ellipse"/>
        </y:ShapeNode>
      </data>
    </node>
    <node id="n52">
      <data key="d4">false</data>
      <data key="d5"/>
      <data key="d7"/>
      <data key="d8">
        <y:ShapeNode>
          <y:Geometry height="25.0" width="25.0" x="288.929016113" y="597.408081055"/>
          <y:Fill color="#FFCC00" transparent="false"/>
          <y:BorderStyle color="#000000" type="line" width="1.0"/>
          <y:NodeLabel alignment="center" autoSizePolicy="content" fontFamily="Dialog" fontSize="8" fontStyle="plain" hasBackgroundColor="false" hasLineColor="false" height="13.421875" modelName="internal" modelPosition="c" textColor="#000000" visible="true" width="16.37109375" x="4.314453125" y="5.7890625">TIX</y:NodeLabel>
          <y:Shape type="triangle"/>
        </y:ShapeNode>
      </data>
    </node>
    <node id="n53">
      <data key="d4">false</data>
      <data key="d5"/>
      <data key="d7"/>
      <data key="d8">
        <y:ShapeNode>
          <y:Geometry height="25.0" width="25.0" x="277.10269165" y="701.374938965"/>
          <y:Fill color="#FFCC00" transparent="false"/>
          <y:BorderStyle color="#000000" type="line" width="1.0"/>
          <y:NodeLabel alignment="center" autoSizePolicy="content" fontFamily="Dialog" fontSize="8" fontStyle="plain" hasBackgroundColor="false" hasLineColor="false" height="13.421875" modelName="internal" modelPosition="c" textColor="#000000" visible="true" width="28.69140625" x="-1.845703125" y="5.7890625">Level3</y:NodeLabel>
          <y:Shape type="triangle"/>
        </y:ShapeNode>
      </data>
    </node>
    <edge id="e0" source="n0" target="n50">
      <data key="d35"><![CDATA[1 Gbps]]></data>
      <data key="d37"/>
      <data key="d38">
        <y:PolyLineEdge>
          <y:Path sx="0.0" sy="0.0" tx="0.0" ty="0.0">
            <y:Point x="294.593597412" y="389.716400146"/>
          </y:Path>
          <y:LineStyle color="#800080" type="line" width="3.0"/>
          <y:Arrows source="none" target="none"/>
          <y:BendStyle smoothed="false"/>
        </y:PolyLineEdge>
      </data>
    </edge>
    <edge id="e1" source="n1" target="n45">
      <data key="d35"/>
      <data key="d37"/>
      <data key="d38">
        <y:PolyLineEdge>
          <y:Path sx="0.0" sy="0.0" tx="0.0" ty="0.0"/>
          <y:LineStyle color="#808080" type="line" width="3.0"/>
          <y:Arrows source="none" target="none"/>
          <y:BendStyle smoothed="false"/>
        </y:PolyLineEdge>
      </data>
    </edge>
    <edge id="e2" source="n1" target="n45">
      <data key="d35"><![CDATA[1 Gbps]]></data>
      <data key="d37"/>
      <data key="d38">
        <y:PolyLineEdge>
          <y:Path sx="0.0" sy="0.0" tx="0.0" ty="0.0"/>
          <y:LineStyle color="#800080" type="line" width="3.0"/>
          <y:Arrows source="none" target="none"/>
          <y:BendStyle smoothed="false"/>
        </y:PolyLineEdge>
      </data>
    </edge>
    <edge id="e3" source="n2" target="n6">
      <data key="d35"><![CDATA[2.5 Gbps]]></data>
      <data key="d37"/>
      <data key="d38">
        <y:PolyLineEdge>
          <y:Path sx="0.0" sy="0.0" tx="0.0" ty="0.0">
            <y:Point x="321.044769287" y="570.529724121"/>
          </y:Path>
          <y:LineStyle color="#0000FF" type="line" width="3.0"/>
          <y:Arrows source="none" target="none"/>
          <y:BendStyle smoothed="false"/>
        </y:PolyLineEdge>
      </data>
    </edge>
    <edge id="e4" source="n2" target="n49">
      <data key="d35"><![CDATA[10 Gbps]]></data>
      <data key="d37"/>
      <data key="d38">
        <y:PolyLineEdge>
          <y:Path sx="0.0" sy="0.0" tx="0.0" ty="0.0">
            <y:Point x="390.411712646" y="487.641784668"/>
          </y:Path>
          <y:LineStyle color="#FF00FF" type="line" width="3.0"/>
          <y:Arrows source="none" target="none"/>
          <y:BendStyle smoothed="false"/>
        </y:PolyLineEdge>
      </data>
    </edge>
    <edge id="e5" source="n2" target="n44">
      <data key="d35"><![CDATA[10 Gbps]]></data>
      <data key="d37"/>
      <data key="d38">
        <y:PolyLineEdge>
          <y:Path sx="0.0" sy="0.0" tx="0.0" ty="0.0">
            <y:Point x="331.384979248" y="543.717163086"/>
          </y:Path>
          <y:LineStyle color="#FF00FF" type="line" width="3.0"/>
          <y:Arrows source="none" target="none"/>
          <y:BendStyle smoothed="false"/>
        </y:PolyLineEdge>
      </data>
    </edge>
    <edge id="e6" source="n2" target="n14">
      <data key="d35"><![CDATA[155 Mbps]]></data>
      <data key="d37"/>
      <data key="d38">
        <y:PolyLineEdge>
          <y:Path sx="0.0" sy="0.0" tx="0.0" ty="0.0">
            <y:Point x="405.90625" y="681.692199707"/>
          </y:Path>
          <y:LineStyle color="#FF0000" type="line" width="3.0"/>
          <y:Arrows source="none" target="none"/>
          <y:BendStyle smoothed="false"/>
        </y:PolyLineEdge>
      </data>
    </edge>
    <edge id="e7" source="n2" target="n16">
      <data key="d35"><![CDATA[2.5 Gbps]]></data>
      <data key="d37"/>
      <data key="d38">
        <y:PolyLineEdge>
          <y:Path sx="0.0" sy="0.0" tx="0.0" ty="0.0">
            <y:Point x="344.655487061" y="723.999267578"/>
          </y:Path>
          <y:LineStyle color="#0000FF" type="line" width="3.0"/>
          <y:Arrows source="none" target="none"/>
          <y:BendStyle smoothed="false"/>
        </y:PolyLineEdge>
      </data>
    </edge>
    <edge id="e8" source="n2" target="n17">
      <data key="d35"><![CDATA[10 Gbps]]></data>
      <data key="d37"/>
      <data key="d38">
        <y:PolyLineEdge>
          <y:Path sx="0.0" sy="0.0" tx="0.0" ty="0.0"/>
          <y:LineStyle color="#FF00FF" type="line" width="3.0"/>
          <y:Arrows source="none" target="none"/>
          <y:BendStyle smoothed="false"/>
        </y:PolyLineEdge>
      </data>
    </edge>
    <edge id="e9" source="n2" target="n18">
      <data key="d35"><![CDATA[Fibre ottica spenta (Dark Fibre)]]></data>
      <data key="d37"/>
      <data key="d38">
        <y:PolyLineEdge>
          <y:Path sx="0.0" sy="0.0" tx="0.0" ty="0.0">
            <y:Point x="407.482940674" y="677.995239258"/>
          </y:Path>
          <y:LineStyle color="#FFFF00" type="line" width="3.0"/>
          <y:Arrows source="none" target="none"/>
          <y:BendStyle smoothed="false"/>
        </y:PolyLineEdge>
      </data>
    </edge>
    <edge id="e10" source="n2" target="n18">
      <data key="d35"><![CDATA[Fibre ottica spenta (Dark Fibre)]]></data>
      <data key="d37"/>
      <data key="d38">
        <y:PolyLineEdge>
          <y:Path sx="0.0" sy="0.0" tx="0.0" ty="0.0">
            <y:Point x="389.978820801" y="678.468322754"/>
          </y:Path>
          <y:LineStyle color="#FFFF00" type="line" width="3.0"/>
          <y:Arrows source="none" target="none"/>
          <y:BendStyle smoothed="false"/>
        </y:PolyLineEdge>
      </data>
    </edge>
    <edge id="e11" source="n2" target="n53">
      <data key="d35"><![CDATA[2.5 Gbps]]></data>
      <data key="d37"/>
      <data key="d38">
        <y:PolyLineEdge>
          <y:Path sx="0.0" sy="0.0" tx="0.0" ty="0.0"/>
          <y:LineStyle color="#0000FF" type="line" width="3.0"/>
          <y:Arrows source="none" target="none"/>
          <y:BendStyle smoothed="false"/>
        </y:PolyLineEdge>
      </data>
    </edge>
    <edge id="e12" source="n2" target="n22">
      <data key="d35"><![CDATA[2.5 Gbps]]></data>
      <data key="d37"/>
      <data key="d38">
        <y:PolyLineEdge>
          <y:Path sx="0.0" sy="0.0" tx="0.0" ty="0.0"/>
          <y:LineStyle color="#0000FF" type="line" width="3.0"/>
          <y:Arrows source="none" target="none"/>
          <y:BendStyle smoothed="false"/>
        </y:PolyLineEdge>
      </data>
    </edge>
    <edge id="e13" source="n2" target="n30">
      <data key="d35"><![CDATA[2.5 Gbps]]></data>
      <data key="d37"/>
      <data key="d38">
        <y:PolyLineEdge>
          <y:Path sx="0.0" sy="0.0" tx="0.0" ty="0.0">
            <y:Point x="468.84777832" y="757.998718262"/>
          </y:Path>
          <y:LineStyle color="#0000FF" type="line" width="3.0"/>
          <y:Arrows source="none" target="none"/>
          <y:BendStyle smoothed="false"/>
        </y:PolyLineEdge>
      </data>
    </edge>
    <edge id="e14" source="n3" target="n42">
      <data key="d35"><![CDATA[Fibre ottica spenta (Dark Fibre)]]></data>
      <data key="d37"/>
      <data key="d38">
        <y:PolyLineEdge>
          <y:Path sx="0.0" sy="0.0" tx="0.0" ty="0.0">
            <y:Point x="311.971069336" y="320.206481934"/>
          </y:Path>
          <y:LineStyle color="#FFFF00" type="line" width="3.0"/>
          <y:Arrows source="none" target="none"/>
          <y:BendStyle smoothed="false"/>
        </y:PolyLineEdge>
      </data>
    </edge>
    <edge id="e15" source="n3" target="n43">
      <data key="d35"><![CDATA[Fibre ottica spenta (Dark Fibre)]]></data>
      <data key="d37"/>
      <data key="d38">
        <y:PolyLineEdge>
          <y:Path sx="0.0" sy="0.0" tx="0.0" ty="0.0">
            <y:Point x="269.282928467" y="297.917999268"/>
          </y:Path>
          <y:LineStyle color="#FFFF00" type="line" width="3.0"/>
          <y:Arrows source="none" target="none"/>
          <y:BendStyle smoothed="false"/>
        </y:PolyLineEdge>
      </data>
    </edge>
    <edge id="e16" source="n3" target="n44">
      <data key="d35"><![CDATA[2.5 Gbps]]></data>
      <data key="d37"/>
      <data key="d38">
        <y:PolyLineEdge>
          <y:Path sx="0.0" sy="0.0" tx="0.0" ty="0.0"/>
          <y:LineStyle color="#0000FF" type="line" width="3.0"/>
          <y:Arrows source="none" target="none"/>
          <y:BendStyle smoothed="false"/>
        </y:PolyLineEdge>
      </data>
    </edge>
    <edge id="e17" source="n3" target="n38">
      <data key="d35"><![CDATA[2.5 Gbps]]></data>
      <data key="d37"/>
      <data key="d38">
        <y:PolyLineEdge>
          <y:Path sx="0.0" sy="0.0" tx="0.0" ty="0.0">
            <y:Point x="463.814300537" y="314.147491455"/>
          </y:Path>
          <y:LineStyle color="#0000FF" type="line" width="3.0"/>
          <y:Arrows source="none" target="none"/>
          <y:BendStyle smoothed="false"/>
        </y:PolyLineEdge>
      </data>
    </edge>
    <edge id="e18" source="n4" target="n49">
      <data key="d35"><![CDATA[155 Mbps]]></data>
      <data key="d37"/>
      <data key="d38">
        <y:PolyLineEdge>
          <y:Path sx="0.0" sy="0.0" tx="0.0" ty="0.0">
            <y:Point x="404.525024414" y="447.137634277"/>
          </y:Path>
          <y:LineStyle color="#FF0000" type="line" width="3.0"/>
          <y:Arrows source="none" target="none"/>
          <y:BendStyle smoothed="false"/>
        </y:PolyLineEdge>
      </data>
    </edge>
    <edge id="e19" source="n5" target="n50">
      <data key="d35"><![CDATA[1 Gbps]]></data>
      <data key="d37"/>
      <data key="d38">
        <y:PolyLineEdge>
          <y:Path sx="0.0" sy="0.0" tx="0.0" ty="0.0">
            <y:Point x="261.727508545" y="385.183135986"/>
          </y:Path>
          <y:LineStyle color="#800080" type="line" width="3.0"/>
          <y:Arrows source="none" target="none"/>
          <y:BendStyle smoothed="false"/>
        </y:PolyLineEdge>
      </data>
    </edge>
    <edge id="e20" source="n6" target="n48">
      <data key="d35"><![CDATA[2.5 Gbps]]></data>
      <data key="d37"/>
      <data key="d38">
        <y:PolyLineEdge>
          <y:Path sx="0.0" sy="0.0" tx="0.0" ty="0.0"/>
          <y:LineStyle color="#0000FF" type="line" width="3.0"/>
          <y:Arrows source="none" target="none"/>
          <y:BendStyle smoothed="false"/>
        </y:PolyLineEdge>
      </data>
    </edge>
    <edge id="e21" source="n6" target="n45">
      <data key="d35"><![CDATA[2.5 Gbps]]></data>
      <data key="d37"/>
      <data key="d38">
        <y:PolyLineEdge>
          <y:Path sx="0.0" sy="0.0" tx="0.0" ty="0.0">
            <y:Point x="166.508361816" y="438.434204102"/>
          </y:Path>
          <y:LineStyle color="#0000FF" type="line" width="3.0"/>
          <y:Arrows source="none" target="none"/>
          <y:BendStyle smoothed="false"/>
        </y:PolyLineEdge>
      </data>
    </edge>
    <edge id="e22" source="n6" target="n46">
      <data key="d35"><![CDATA[155 Mbps]]></data>
      <data key="d37"/>
      <data key="d38">
        <y:PolyLineEdge>
          <y:Path sx="0.0" sy="0.0" tx="0.0" ty="0.0">
            <y:Point x="280.474395752" y="512.728149414"/>
          </y:Path>
          <y:LineStyle color="#FF0000" type="line" width="3.0"/>
          <y:Arrows source="none" target="none"/>
          <y:BendStyle smoothed="false"/>
        </y:PolyLineEdge>
      </data>
    </edge>
    <edge id="e23" source="n7" target="n20">
      <data key="d35"><![CDATA[622 Mbps]]></data>
      <data key="d37"/>
      <data key="d38">
        <y:PolyLineEdge>
          <y:Path sx="0.0" sy="0.0" tx="0.0" ty="0.0"/>
          <y:LineStyle color="#339966" type="line" width="3.0"/>
          <y:Arrows source="none" target="none"/>
          <y:BendStyle smoothed="false"/>
        </y:PolyLineEdge>
      </data>
    </edge>
    <edge id="e24" source="n8" target="n44">
      <data key="d35"><![CDATA[1 Gbps]]></data>
      <data key="d37"/>
      <data key="d38">
        <y:PolyLineEdge>
          <y:Path sx="0.0" sy="0.0" tx="0.0" ty="0.0"/>
          <y:LineStyle color="#800080" type="line" width="3.0"/>
          <y:Arrows source="none" target="none"/>
          <y:BendStyle smoothed="false"/>
        </y:PolyLineEdge>
      </data>
    </edge>
    <edge id="e25" source="n9" target="n42">
      <data key="d35"><![CDATA[10 Gbps]]></data>
      <data key="d37"/>
      <data key="d38">
        <y:PolyLineEdge>
          <y:Path sx="0.0" sy="0.0" tx="0.0" ty="0.0">
            <y:Point x="324.430877686" y="271.176208496"/>
          </y:Path>
          <y:LineStyle color="#FF00FF" type="line" width="3.0"/>
          <y:Arrows source="none" target="none"/>
          <y:BendStyle smoothed="false"/>
        </y:PolyLineEdge>
      </data>
    </edge>
    <edge id="e26" source="n10" target="n42">
      <data key="d35"><![CDATA[2.5 Gbps]]></data>
      <data key="d37"/>
      <data key="d38">
        <y:PolyLineEdge>
          <y:Path sx="0.0" sy="0.0" tx="0.0" ty="0.0">
            <y:Point x="384.521728516" y="276.777832031"/>
          </y:Path>
          <y:LineStyle color="#0000FF" type="line" width="3.0"/>
          <y:Arrows source="none" target="none"/>
          <y:BendStyle smoothed="false"/>
        </y:PolyLineEdge>
      </data>
    </edge>
    <edge id="e27" source="n11" target="n44">
      <data key="d35"><![CDATA[2.5 Gbps]]></data>
      <data key="d37"/>
      <data key="d38">
        <y:PolyLineEdge>
          <y:Path sx="0.0" sy="0.0" tx="0.0" ty="0.0">
            <y:Point x="261.268432617" y="329.835327148"/>
          </y:Path>
          <y:LineStyle color="#0000FF" type="line" width="3.0"/>
          <y:Arrows source="none" target="none"/>
          <y:BendStyle smoothed="false"/>
        </y:PolyLineEdge>
      </data>
    </edge>
    <edge id="e28" source="n12" target="n42">
      <data key="d35"><![CDATA[Fibre ottica spenta (Dark Fibre)]]></data>
      <data key="d37"/>
      <data key="d38">
        <y:PolyLineEdge>
          <y:Path sx="0.0" sy="0.0" tx="0.0" ty="0.0">
            <y:Point x="327.459686279" y="339.850585938"/>
          </y:Path>
          <y:LineStyle color="#FFFF00" type="line" width="3.0"/>
          <y:Arrows source="none" target="none"/>
          <y:BendStyle smoothed="false"/>
        </y:PolyLineEdge>
      </data>
    </edge>
    <edge id="e29" source="n13" target="n16">
      <data key="d35"><![CDATA[Fibre ottica spenta (Dark Fibre)]]></data>
      <data key="d37"/>
      <data key="d38">
        <y:PolyLineEdge>
          <y:Path sx="0.0" sy="0.0" tx="0.0" ty="0.0"/>
          <y:LineStyle color="#FFFF00" type="line" width="3.0"/>
          <y:Arrows source="none" target="none"/>
          <y:BendStyle smoothed="false"/>
        </y:PolyLineEdge>
      </data>
    </edge>
    <edge id="e30" source="n14" target="n21">
      <data key="d35"><![CDATA[34 Mbps]]></data>
      <data key="d37"/>
      <data key="d38">
        <y:PolyLineEdge>
          <y:Path sx="0.0" sy="0.0" tx="0.0" ty="0.0">
            <y:Point x="501.612213135" y="646.223022461"/>
          </y:Path>
          <y:LineStyle color="#FF6600" type="line" width="3.0"/>
          <y:Arrows source="none" target="none"/>
          <y:BendStyle smoothed="false"/>
        </y:PolyLineEdge>
      </data>
    </edge>
    <edge id="e31" source="n15" target="n16">
      <data key="d35"><![CDATA[622 Mbps]]></data>
      <data key="d37"/>
      <data key="d38">
        <y:PolyLineEdge>
          <y:Path sx="0.0" sy="0.0" tx="0.0" ty="0.0">
            <y:Point x="166.847900391" y="849.918457031"/>
          </y:Path>
          <y:LineStyle color="#339966" type="line" width="3.0"/>
          <y:Arrows source="none" target="none"/>
          <y:BendStyle smoothed="false"/>
        </y:PolyLineEdge>
      </data>
    </edge>
    <edge id="e32" source="n16" target="n18">
      <data key="d35"><![CDATA[2.5 Gbps]]></data>
      <data key="d37"/>
      <data key="d38">
        <y:PolyLineEdge>
          <y:Path sx="0.0" sy="0.0" tx="0.0" ty="0.0">
            <y:Point x="266.267944336" y="925.634643555"/>
          </y:Path>
          <y:LineStyle color="#0000FF" type="line" width="3.0"/>
          <y:Arrows source="none" target="none"/>
          <y:BendStyle smoothed="false"/>
        </y:PolyLineEdge>
      </data>
    </edge>
    <edge id="e33" source="n18" target="n33">
      <data key="d35"><![CDATA[2.5 Gbps]]></data>
      <data key="d37"/>
      <data key="d38">
        <y:PolyLineEdge>
          <y:Path sx="0.0" sy="0.0" tx="0.0" ty="0.0">
            <y:Point x="479.425811768" y="1026.26086426"/>
          </y:Path>
          <y:LineStyle color="#0000FF" type="line" width="3.0"/>
          <y:Arrows source="none" target="none"/>
          <y:BendStyle smoothed="false"/>
        </y:PolyLineEdge>
      </data>
    </edge>
    <edge id="e34" source="n18" target="n19">
      <data key="d35"><![CDATA[155 Mbps]]></data>
      <data key="d37"/>
      <data key="d38">
        <y:PolyLineEdge>
          <y:Path sx="0.0" sy="0.0" tx="0.0" ty="0.0">
            <y:Point x="415.498077393" y="646.276184082"/>
          </y:Path>
          <y:LineStyle color="#FF0000" type="line" width="3.0"/>
          <y:Arrows source="none" target="none"/>
          <y:BendStyle smoothed="false"/>
        </y:PolyLineEdge>
      </data>
    </edge>
    <edge id="e35" source="n18" target="n20">
      <data key="d35"><![CDATA[155 Mbps]]></data>
      <data key="d37"/>
      <data key="d38">
        <y:PolyLineEdge>
          <y:Path sx="0.0" sy="0.0" tx="0.0" ty="0.0">
            <y:Point x="434.681793213" y="630.781677246"/>
          </y:Path>
          <y:LineStyle color="#FF0000" type="line" width="3.0"/>
          <y:Arrows source="none" target="none"/>
          <y:BendStyle smoothed="false"/>
        </y:PolyLineEdge>
      </data>
    </edge>
    <edge id="e36" source="n18" target="n21">
      <data key="d35"><![CDATA[622 Mbps]]></data>
      <data key="d37"/>
      <data key="d38">
        <y:PolyLineEdge>
          <y:Path sx="0.0" sy="0.0" tx="0.0" ty="0.0"/>
          <y:LineStyle color="#339966" type="line" width="3.0"/>
          <y:Arrows source="none" target="none"/>
          <y:BendStyle smoothed="false"/>
        </y:PolyLineEdge>
      </data>
    </edge>
    <edge id="e37" source="n18" target="n22">
      <data key="d35"><![CDATA[2.5 Gbps]]></data>
      <data key="d37"/>
      <data key="d38">
        <y:PolyLineEdge>
          <y:Path sx="0.0" sy="0.0" tx="0.0" ty="0.0"/>
          <y:LineStyle color="#0000FF" type="line" width="3.0"/>
          <y:Arrows source="none" target="none"/>
          <y:BendStyle smoothed="false"/>
        </y:PolyLineEdge>
      </data>
    </edge>
    <edge id="e38" source="n20" target="n49">
      <data key="d35"><![CDATA[1 Gbps]]></data>
      <data key="d37"/>
      <data key="d38">
        <y:PolyLineEdge>
          <y:Path sx="0.0" sy="0.0" tx="0.0" ty="0.0">
            <y:Point x="451.557312012" y="490.441619873"/>
          </y:Path>
          <y:LineStyle color="#800080" type="line" width="3.0"/>
          <y:Arrows source="none" target="none"/>
          <y:BendStyle smoothed="false"/>
        </y:PolyLineEdge>
      </data>
    </edge>
    <edge id="e39" source="n23" target="n30">
      <data key="d35"><![CDATA[34 Mbps]]></data>
      <data key="d37"/>
      <data key="d38">
        <y:PolyLineEdge>
          <y:Path sx="0.0" sy="0.0" tx="0.0" ty="0.0"/>
          <y:LineStyle color="#FF6600" type="line" width="3.0"/>
          <y:Arrows source="none" target="none"/>
          <y:BendStyle smoothed="false"/>
        </y:PolyLineEdge>
      </data>
    </edge>
    <edge id="e40" source="n24" target="n25">
      <data key="d35"><![CDATA[155 Mbps]]></data>
      <data key="d37"/>
      <data key="d38">
        <y:PolyLineEdge>
          <y:Path sx="0.0" sy="0.0" tx="0.0" ty="0.0">
            <y:Point x="661.196960449" y="761.378356934"/>
          </y:Path>
          <y:LineStyle color="#FF0000" type="line" width="3.0"/>
          <y:Arrows source="none" target="none"/>
          <y:BendStyle smoothed="false"/>
        </y:PolyLineEdge>
      </data>
    </edge>
    <edge id="e41" source="n25" target="n49">
      <data key="d35"><![CDATA[2.5 Gbps]]></data>
      <data key="d37"/>
      <data key="d38">
        <y:PolyLineEdge>
          <y:Path sx="0.0" sy="0.0" tx="0.0" ty="0.0">
            <y:Point x="674.214111328" y="737.029785156"/>
          </y:Path>
          <y:LineStyle color="#0000FF" type="line" width="3.0"/>
          <y:Arrows source="none" target="none"/>
          <y:BendStyle smoothed="false"/>
        </y:PolyLineEdge>
      </data>
    </edge>
    <edge id="e42" source="n25" target="n26">
      <data key="d35"><![CDATA[622 Mbps]]></data>
      <data key="d37"/>
      <data key="d38">
        <y:PolyLineEdge>
          <y:Path sx="0.0" sy="0.0" tx="0.0" ty="0.0">
            <y:Point x="718.010192871" y="828.521240234"/>
          </y:Path>
          <y:LineStyle color="#339966" type="line" width="3.0"/>
          <y:Arrows source="none" target="none"/>
          <y:BendStyle smoothed="false"/>
        </y:PolyLineEdge>
      </data>
    </edge>
    <edge id="e43" source="n25" target="n27">
      <data key="d35"><![CDATA[622 Mbps]]></data>
      <data key="d37"/>
      <data key="d38">
        <y:PolyLineEdge>
          <y:Path sx="0.0" sy="0.0" tx="0.0" ty="0.0"/>
          <y:LineStyle color="#339966" type="line" width="3.0"/>
          <y:Arrows source="none" target="none"/>
          <y:BendStyle smoothed="false"/>
        </y:PolyLineEdge>
      </data>
    </edge>
    <edge id="e44" source="n25" target="n28">
      <data key="d35"><![CDATA[622 Mbps]]></data>
      <data key="d37"/>
      <data key="d38">
        <y:PolyLineEdge>
          <y:Path sx="0.0" sy="0.0" tx="0.0" ty="0.0"/>
          <y:LineStyle color="#339966" type="line" width="3.0"/>
          <y:Arrows source="none" target="none"/>
          <y:BendStyle smoothed="false"/>
        </y:PolyLineEdge>
      </data>
    </edge>
    <edge id="e45" source="n25" target="n30">
      <data key="d35"><![CDATA[2.5 Gbps]]></data>
      <data key="d37"/>
      <data key="d38">
        <y:PolyLineEdge>
          <y:Path sx="0.0" sy="0.0" tx="0.0" ty="0.0">
            <y:Point x="632.895385742" y="776.87286377"/>
          </y:Path>
          <y:LineStyle color="#0000FF" type="line" width="3.0"/>
          <y:Arrows source="none" target="none"/>
          <y:BendStyle smoothed="false"/>
        </y:PolyLineEdge>
      </data>
    </edge>
    <edge id="e46" source="n29" target="n30">
      <data key="d35"><![CDATA[155 Mbps]]></data>
      <data key="d37"/>
      <data key="d38">
        <y:PolyLineEdge>
          <y:Path sx="0.0" sy="0.0" tx="0.0" ty="0.0">
            <y:Point x="529.862426758" y="786.46472168"/>
          </y:Path>
          <y:LineStyle color="#FF0000" type="line" width="3.0"/>
          <y:Arrows source="none" target="none"/>
          <y:BendStyle smoothed="false"/>
        </y:PolyLineEdge>
      </data>
    </edge>
    <edge id="e47" source="n30" target="n33">
      <data key="d35"><![CDATA[2.5 Gbps]]></data>
      <data key="d37"/>
      <data key="d38">
        <y:PolyLineEdge>
          <y:Path sx="0.0" sy="0.0" tx="0.0" ty="0.0">
            <y:Point x="505.250030518" y="796.05657959"/>
          </y:Path>
          <y:LineStyle color="#0000FF" type="line" width="3.0"/>
          <y:Arrows source="none" target="none"/>
          <y:BendStyle smoothed="false"/>
        </y:PolyLineEdge>
      </data>
    </edge>
    <edge id="e48" source="n31" target="n33">
      <data key="d35"><![CDATA[155 Mbps]]></data>
      <data key="d37"/>
      <data key="d38">
        <y:PolyLineEdge>
          <y:Path sx="0.0" sy="0.0" tx="0.0" ty="0.0">
            <y:Point x="547.57043457" y="1026.26086426"/>
          </y:Path>
          <y:LineStyle color="#FF0000" type="line" width="3.0"/>
          <y:Arrows source="none" target="none"/>
          <y:BendStyle smoothed="false"/>
        </y:PolyLineEdge>
      </data>
    </edge>
    <edge id="e49" source="n32" target="n33">
      <data key="d35"><![CDATA[155 Mbps]]></data>
      <data key="d37"/>
      <data key="d38">
        <y:PolyLineEdge>
          <y:Path sx="0.0" sy="0.0" tx="0.0" ty="0.0">
            <y:Point x="574.870300293" y="1035.8527832"/>
          </y:Path>
          <y:LineStyle color="#FF0000" type="line" width="3.0"/>
          <y:Arrows source="none" target="none"/>
          <y:BendStyle smoothed="false"/>
        </y:PolyLineEdge>
      </data>
    </edge>
    <edge id="e50" source="n32" target="n51">
      <data key="d35"><![CDATA[100 Mbps]]></data>
      <data key="d37"/>
      <data key="d38">
        <y:PolyLineEdge>
          <y:Path sx="0.0" sy="0.0" tx="0.0" ty="0.0">
            <y:Point x="643.276428223" y="973.372924805"/>
          </y:Path>
          <y:LineStyle color="#00CCFF" type="line" width="3.0"/>
          <y:Arrows source="none" target="none"/>
          <y:BendStyle smoothed="false"/>
        </y:PolyLineEdge>
      </data>
    </edge>
    <edge id="e51" source="n33" target="n34">
      <data key="d35"><![CDATA[622 Mbps]]></data>
      <data key="d37"/>
      <data key="d38">
        <y:PolyLineEdge>
          <y:Path sx="0.0" sy="0.0" tx="0.0" ty="0.0">
            <y:Point x="452.389801025" y="1044.70678711"/>
          </y:Path>
          <y:LineStyle color="#339966" type="line" width="3.0"/>
          <y:Arrows source="none" target="none"/>
          <y:BendStyle smoothed="false"/>
        </y:PolyLineEdge>
      </data>
    </edge>
    <edge id="e52" source="n33" target="n35">
      <data key="d35"><![CDATA[1 Gbps]]></data>
      <data key="d37"/>
      <data key="d38">
        <y:PolyLineEdge>
          <y:Path sx="0.0" sy="0.0" tx="0.0" ty="0.0">
            <y:Point x="712.487915039" y="1139.46655273"/>
          </y:Path>
          <y:LineStyle color="#800080" type="line" width="3.0"/>
          <y:Arrows source="none" target="none"/>
          <y:BendStyle smoothed="false"/>
        </y:PolyLineEdge>
      </data>
    </edge>
    <edge id="e53" source="n36" target="n44">
      <data key="d35"><![CDATA[1 Gbps]]></data>
      <data key="d37"/>
      <data key="d38">
        <y:PolyLineEdge>
          <y:Path sx="0.0" sy="0.0" tx="0.0" ty="0.0"/>
          <y:LineStyle color="#800080" type="line" width="3.0"/>
          <y:Arrows source="none" target="none"/>
          <y:BendStyle smoothed="false"/>
        </y:PolyLineEdge>
      </data>
    </edge>
    <edge id="e54" source="n37" target="n44">
      <data key="d35"><![CDATA[2.5 Gbps]]></data>
      <data key="d37"/>
      <data key="d38">
        <y:PolyLineEdge>
          <y:Path sx="0.0" sy="0.0" tx="0.0" ty="0.0"/>
          <y:LineStyle color="#0000FF" type="line" width="3.0"/>
          <y:Arrows source="none" target="none"/>
          <y:BendStyle smoothed="false"/>
        </y:PolyLineEdge>
      </data>
    </edge>
    <edge id="e55" source="n38" target="n39">
      <data key="d35"><![CDATA[155 Mbps]]></data>
      <data key="d37"/>
      <data key="d38">
        <y:PolyLineEdge>
          <y:Path sx="0.0" sy="0.0" tx="0.0" ty="0.0">
            <y:Point x="476.738342285" y="359.996429443"/>
          </y:Path>
          <y:LineStyle color="#FF0000" type="line" width="3.0"/>
          <y:Arrows source="none" target="none"/>
          <y:BendStyle smoothed="false"/>
        </y:PolyLineEdge>
      </data>
    </edge>
    <edge id="e56" source="n39" target="n40">
      <data key="d35"><![CDATA[622 Mbps]]></data>
      <data key="d37"/>
      <data key="d38">
        <y:PolyLineEdge>
          <y:Path sx="0.0" sy="0.0" tx="0.0" ty="0.0"/>
          <y:LineStyle color="#339966" type="line" width="3.0"/>
          <y:Arrows source="none" target="none"/>
          <y:BendStyle smoothed="false"/>
        </y:PolyLineEdge>
      </data>
    </edge>
    <edge id="e57" source="n39" target="n49">
      <data key="d35"><![CDATA[2.5 Gbps]]></data>
      <data key="d37"/>
      <data key="d38">
        <y:PolyLineEdge>
          <y:Path sx="0.0" sy="0.0" tx="0.0" ty="0.0"/>
          <y:LineStyle color="#0000FF" type="line" width="3.0"/>
          <y:Arrows source="none" target="none"/>
          <y:BendStyle smoothed="false"/>
        </y:PolyLineEdge>
      </data>
    </edge>
    <edge id="e58" source="n39" target="n42">
      <data key="d35"><![CDATA[2.5 Gbps]]></data>
      <data key="d37"/>
      <data key="d38">
        <y:PolyLineEdge>
          <y:Path sx="0.0" sy="0.0" tx="0.0" ty="0.0">
            <y:Point x="385.615661621" y="348.524658203"/>
          </y:Path>
          <y:LineStyle color="#0000FF" type="line" width="3.0"/>
          <y:Arrows source="none" target="none"/>
          <y:BendStyle smoothed="false"/>
        </y:PolyLineEdge>
      </data>
    </edge>
    <edge id="e59" source="n41" target="n50">
      <data key="d35"><![CDATA[155 Mbps]]></data>
      <data key="d37"/>
      <data key="d38">
        <y:PolyLineEdge>
          <y:Path sx="0.0" sy="0.0" tx="0.0" ty="0.0">
            <y:Point x="318.841796875" y="364.423431396"/>
          </y:Path>
          <y:LineStyle color="#FF0000" type="line" width="3.0"/>
          <y:Arrows source="none" target="none"/>
          <y:BendStyle smoothed="false"/>
        </y:PolyLineEdge>
      </data>
    </edge>
    <edge id="e60" source="n42" target="n44">
      <data key="d35"><![CDATA[10 Gbps]]></data>
      <data key="d37"/>
      <data key="d38">
        <y:PolyLineEdge>
          <y:Path sx="0.0" sy="0.0" tx="0.0" ty="0.0">
            <y:Point x="268.417785645" y="332.866333008"/>
          </y:Path>
          <y:LineStyle color="#FF00FF" type="line" width="3.0"/>
          <y:Arrows source="none" target="none"/>
          <y:BendStyle smoothed="false"/>
        </y:PolyLineEdge>
      </data>
    </edge>
    <edge id="e61" source="n42" target="n49">
      <data key="d35"><![CDATA[10 Gbps]]></data>
      <data key="d37"/>
      <data key="d38">
        <y:PolyLineEdge>
          <y:Path sx="0.0" sy="0.0" tx="0.0" ty="0.0">
            <y:Point x="391.14956665" y="415.334014893"/>
          </y:Path>
          <y:LineStyle color="#FF00FF" type="line" width="3.0"/>
          <y:Arrows source="none" target="none"/>
          <y:BendStyle smoothed="false"/>
        </y:PolyLineEdge>
      </data>
    </edge>
    <edge id="e62" source="n42" target="n49">
      <data key="d35"><![CDATA[10 Gbps]]></data>
      <data key="d37"/>
      <data key="d38">
        <y:PolyLineEdge>
          <y:Path sx="0.0" sy="0.0" tx="0.0" ty="0.0">
            <y:Point x="374.179351807" y="390.985473633"/>
          </y:Path>
          <y:LineStyle color="#FF00FF" type="line" width="3.0"/>
          <y:Arrows source="none" target="none"/>
          <y:BendStyle smoothed="false"/>
        </y:PolyLineEdge>
      </data>
    </edge>
    <edge id="e63" source="n42" target="n50">
      <data key="d35"><![CDATA[Fibre ottica spenta (Dark Fibre)]]></data>
      <data key="d37"/>
      <data key="d38">
        <y:PolyLineEdge>
          <y:Path sx="0.0" sy="0.0" tx="0.0" ty="0.0">
            <y:Point x="297.993530273" y="375.361083984"/>
          </y:Path>
          <y:LineStyle color="#FFFF00" type="line" width="3.0"/>
          <y:Arrows source="none" target="none"/>
          <y:BendStyle smoothed="false"/>
        </y:PolyLineEdge>
      </data>
    </edge>
    <edge id="e64" source="n43" target="n44">
      <data key="d35"><![CDATA[Fibre ottica spenta (Dark Fibre)]]></data>
      <data key="d37"/>
      <data key="d38">
        <y:PolyLineEdge>
          <y:Path sx="0.0" sy="0.0" tx="0.0" ty="0.0"/>
          <y:LineStyle color="#FFFF00" type="line" width="3.0"/>
          <y:Arrows source="none" target="none"/>
          <y:BendStyle smoothed="false"/>
        </y:PolyLineEdge>
      </data>
    </edge>
    <edge id="e65" source="n44" target="n45">
      <data key="d35"><![CDATA[2.5 Gbps]]></data>
      <data key="d37"/>
      <data key="d38">
        <y:PolyLineEdge>
          <y:Path sx="0.0" sy="0.0" tx="0.0" ty="0.0">
            <y:Point x="210.542312622" y="345.514282227"/>
          </y:Path>
          <y:LineStyle color="#0000FF" type="line" width="3.0"/>
          <y:Arrows source="none" target="none"/>
          <y:BendStyle smoothed="false"/>
        </y:PolyLineEdge>
      </data>
    </edge>
    <edge id="e66" source="n44" target="n46">
      <data key="d35"><![CDATA[155 Mbps]]></data>
      <data key="d37"/>
      <data key="d38">
        <y:PolyLineEdge>
          <y:Path sx="0.0" sy="0.0" tx="0.0" ty="0.0"/>
          <y:LineStyle color="#FF0000" type="line" width="3.0"/>
          <y:Arrows source="none" target="none"/>
          <y:BendStyle smoothed="false"/>
        </y:PolyLineEdge>
      </data>
    </edge>
    <edge id="e67" source="n44" target="n50">
      <data key="d35"><![CDATA[Fibre ottica spenta (Dark Fibre)]]></data>
      <data key="d37"/>
      <data key="d38">
        <y:PolyLineEdge>
          <y:Path sx="0.0" sy="0.0" tx="0.0" ty="0.0">
            <y:Point x="254.172073364" y="366.672363281"/>
          </y:Path>
          <y:LineStyle color="#FFFF00" type="line" width="3.0"/>
          <y:Arrows source="none" target="none"/>
          <y:BendStyle smoothed="false"/>
        </y:PolyLineEdge>
      </data>
    </edge>
    <edge id="e68" source="n47" target="n48">
      <data key="d35"><![CDATA[34 Mbps]]></data>
      <data key="d37"/>
      <data key="d38">
        <y:PolyLineEdge>
          <y:Path sx="0.0" sy="0.0" tx="0.0" ty="0.0">
            <y:Point x="376.569946289" y="517.025268555"/>
          </y:Path>
          <y:LineStyle color="#FF6600" type="line" width="3.0"/>
          <y:Arrows source="none" target="none"/>
          <y:BendStyle smoothed="false"/>
        </y:PolyLineEdge>
      </data>
    </edge>
    <edge id="e69" source="n48" target="n49">
      <data key="d35"><![CDATA[2.5 Gbps]]></data>
      <data key="d37"/>
      <data key="d38">
        <y:PolyLineEdge>
          <y:Path sx="0.0" sy="0.0" tx="0.0" ty="0.0">
            <y:Point x="364.082702637" y="490.188873291"/>
          </y:Path>
          <y:LineStyle color="#0000FF" type="line" width="3.0"/>
          <y:Arrows source="none" target="none"/>
          <y:BendStyle smoothed="false"/>
        </y:PolyLineEdge>
      </data>
    </edge>
    <edge id="e70" source="n48" target="n52">
      <data key="d35"><![CDATA[1 Gbps]]></data>
      <data key="d37"/>
      <data key="d38">
        <y:PolyLineEdge>
          <y:Path sx="0.0" sy="0.0" tx="0.0" ty="0.0"/>
          <y:LineStyle color="#800080" type="line" width="3.0"/>
          <y:Arrows source="none" target="none"/>
          <y:BendStyle smoothed="false"/>
        </y:PolyLineEdge>
      </data>
    </edge>
  </graph>
  <data key="d0">
    <y:Resources/>
  </data>
</graphml>
