<?xml version="1.0" encoding="UTF-8" standalone="no"?>
<graphml xmlns="http://graphml.graphdrawing.org/xmlns" xmlns:xsi="http://www.w3.org/2001/XMLSchema-instance" xmlns:y="http://www.yworks.com/xml/graphml" xmlns:yed="http://www.yworks.com/xml/yed/3" xsi:schemaLocation="http://graphml.graphdrawing.org/xmlns http://www.yworks.com/xml/schema/graphml/1.1/ygraphml.xsd">
  <!--Created by yFiles for Java 2.9-->
  <key for="graphml" id="d0" yfiles.type="resources"/>
  <key for="port" id="d1" yfiles.type="portgraphics"/>
  <key for="port" id="d2" yfiles.type="portgeometry"/>
  <key for="port" id="d3" yfiles.type="portuserdata"/>
  <key attr.name="Internal" attr.type="boolean" for="node" id="d4"/>
  <key attr.name="geocode_name" attr.type="string" for="node" id="d5"/>
  <key attr.name="url" attr.type="string" for="node" id="d6"/>
  <key attr.name="description" attr.type="string" for="node" id="d7"/>
  <key for="node" id="d8" yfiles.type="nodegraphics"/>
  <key attr.name="Access" attr.type="boolean" for="graph" id="d9"/>
  <key attr.name="Backbone" attr.type="boolean" for="graph" id="d10"/>
  <key attr.name="Commercial" attr.type="boolean" for="graph" id="d11"/>
  <key attr.name="Creator" attr.type="string" for="graph" id="d12"/>
  <key attr.name="Customer" attr.type="boolean" for="graph" id="d13"/>
  <key attr.name="DateModifier" attr.type="string" for="graph" id="d14"/>
  <key attr.name="DateMonth" attr.type="string" for="graph" id="d15"/>
  <key attr.name="DateObtained" attr.type="string" for="graph" id="d16"/>
  <key attr.name="DateType" attr.type="string" for="graph" id="d17"/>
  <key attr.name="DateYear" attr.type="string" for="graph" id="d18"/>
  <key attr.name="Developed" attr.type="boolean" for="graph" id="d19"/>
  <key attr.name="GeoExtent" attr.type="string" for="graph" id="d20"/>
  <key attr.name="GeoLocation" attr.type="string" for="graph" id="d21"/>
  <key attr.name="IX" attr.type="boolean" for="graph" id="d22"/>
  <key attr.name="LastAccess" attr.type="string" for="graph" id="d23"/>
  <key attr.name="LastProcessed" attr.type="string" for="graph" id="d24"/>
  <key attr.name="Layer" attr.type="string" for="graph" id="d25"/>
  <key attr.name="Network" attr.type="string" for="graph" id="d26"/>
  <key attr.name="NetworkDate" attr.type="string" for="graph" id="d27"/>
  <key attr.name="Note" attr.type="string" for="graph" id="d28"/>
  <key attr.name="Provenance" attr.type="string" for="graph" id="d29"/>
  <key attr.name="Source" attr.type="string" for="graph" id="d30"/>
  <key attr.name="Testbed" attr.type="boolean" for="graph" id="d31"/>
  <key attr.name="Transit" attr.type="boolean" for="graph" id="d32"/>
  <key attr.name="Type" attr.type="string" for="graph" id="d33"/>
  <key attr.name="Version" attr.type="string" for="graph" id="d34"/>
  <key attr.name="label" attr.type="string" for="edge" id="d35"/>
  <key attr.name="url" attr.type="string" for="edge" id="d36"/>
  <key attr.name="description" attr.type="string" for="edge" id="d37"/>
  <key for="edge" id="d38" yfiles.type="edgegraphics"/>
  <graph edgedefault="directed" id="G">
    <data key="d9">false</data>
    <data key="d10">true</data>
    <data key="d11">false</data>
    <data key="d12"><![CDATA[Topology Zoo Toolset]]></data>
    <data key="d13">false</data>
    <data key="d14"><![CDATA[=]]></data>
    <data key="d15"><![CDATA[11]]></data>
    <data key="d16"><![CDATA[28/03/12]]></data>
    <data key="d17"><![CDATA[Historic]]></data>
    <data key="d18"><![CDATA[2011]]></data>
    <data key="d19">true</data>
    <data key="d20"><![CDATA[Country]]></data>
    <data key="d21"><![CDATA[Italy]]></data>
    <data key="d22">false</data>
    <data key="d23"><![CDATA[28/03/12]]></data>
    <data key="d24"><![CDATA[2012_03_28]]></data>
    <data key="d25"><![CDATA[IP]]></data>
    <data key="d26"><![CDATA[GARR]]></data>
    <data key="d27"><![CDATA[2011_11]]></data>
    <data key="d28"/>
    <data key="d29"><![CDATA[Primary]]></data>
    <data key="d30"><![CDATA[http://www.garr.it/images/stories/mappe/mappa201111.jpg]]></data>
    <data key="d31">false</data>
    <data key="d32">true</data>
    <data key="d33"><![CDATA[REN]]></data>
    <data key="d34"><![CDATA[1.0]]></data>
    <node id="n0">
      <data key="d4">true</data>
      <data key="d5"><![CDATA[Brescia]]></data>
      <data key="d8">
        <y:ShapeNode>
          <y:Geometry height="25.0" width="25.0" x="301.49912305276007" y="371.34943030038005"/>
          <y:Fill color="#FFCC00" transparent="false"/>
          <y:BorderStyle color="#000000" type="line" width="1.0"/>
          <y:NodeLabel alignment="center" autoSizePolicy="content" fontFamily="Dialog" fontSize="8" fontStyle="plain" hasBackgroundColor="false" hasLineColor="false" height="13.421875" modelName="internal" modelPosition="c" textColor="#000000" visible="true" width="12.91015625" x="6.044921875" y="5.7890625">BS</y:NodeLabel>
          <y:Shape type="ellipse"/>
        </y:ShapeNode>
      </data>
    </node>
    <node id="n1">
      <data key="d4">false</data>
      <data key="d5"/>
      <data key="d8">
        <y:ShapeNode>
          <y:Geometry height="25.0" width="25.0" x="79.682723999" y="380.689025879"/>
          <y:Fill color="#FFCC00" transparent="false"/>
          <y:BorderStyle color="#000000" type="line" width="1.0"/>
          <y:NodeLabel alignment="center" autoSizePolicy="content" fontFamily="Dialog" fontSize="8" fontStyle="plain" hasBackgroundColor="false" hasLineColor="false" height="13.421875" modelName="internal" modelPosition="c" textColor="#000000" visible="true" width="31.63671875" x="-3.318359375" y="5.7890625">TO-PIX</y:NodeLabel>
          <y:Shape type="triangle"/>
        </y:ShapeNode>
      </data>
    </node>
    <node id="n2">
      <data key="d4">true</data>
      <data key="d5"><![CDATA[Roma]]></data>
      <data key="d8">
        <y:ShapeNode>
          <y:Geometry height="25.0" width="25.0" x="385.88287704180897" y="688.7000052725456"/>
          <y:Fill color="#FFCC00" transparent="false"/>
          <y:BorderStyle color="#000000" type="line" width="1.0"/>
          <y:NodeLabel alignment="center" autoSizePolicy="content" fontFamily="Dialog" fontSize="8" fontStyle="plain" hasBackgroundColor="false" hasLineColor="false" height="13.421875" modelName="internal" modelPosition="c" textColor="#000000" visible="true" width="25.63671875" x="-0.318359375" y="5.7890625">RM-2</y:NodeLabel>
          <y:Shape type="ellipse"/>
        </y:ShapeNode>
      </data>
    </node>
    <node id="n3">
      <data key="d4">true</data>
      <data key="d5"><![CDATA[Milan]]></data>
      <data key="d8">
        <y:ShapeNode>
          <y:Geometry height="25.0" width="25.0" x="278.1983038670318" y="297.41178259084717"/>
          <y:Fill color="#FFCC00" transparent="false"/>
          <y:BorderStyle color="#000000" type="line" width="1.0"/>
          <y:NodeLabel alignment="center" autoSizePolicy="content" fontFamily="Dialog" fontSize="8" fontStyle="plain" hasBackgroundColor="false" hasLineColor="false" height="13.421875" modelName="internal" modelPosition="c" textColor="#000000" visible="true" width="15.75" x="4.625" y="5.7890625">CO</y:NodeLabel>
          <y:Shape type="ellipse"/>
        </y:ShapeNode>
      </data>
    </node>
    <node id="n4">
      <data key="d4">true</data>
      <data key="d5"><![CDATA[Ferrara]]></data>
      <data key="d8">
        <y:ShapeNode>
          <y:Geometry height="25.0" width="25.0" x="400.2052453464013" y="407.09375721567307"/>
          <y:Fill color="#FFCC00" transparent="false"/>
          <y:BorderStyle color="#000000" type="line" width="1.0"/>
          <y:NodeLabel alignment="center" autoSizePolicy="content" fontFamily="Dialog" fontSize="8" fontStyle="plain" hasBackgroundColor="false" hasLineColor="false" height="13.421875" modelName="internal" modelPosition="c" textColor="#000000" visible="true" width="12.74609375" x="6.126953125" y="5.7890625">Fe</y:NodeLabel>
          <y:Shape type="ellipse"/>
        </y:ShapeNode>
      </data>
    </node>
    <node id="n5">
      <data key="d4">true</data>
      <data key="d5"><![CDATA[Pavia]]></data>
      <data key="d8">
        <y:ShapeNode>
          <y:Geometry height="25.0" width="25.0" x="206.14870008429298" y="347.80412887004246"/>
          <y:Fill color="#FFCC00" transparent="false"/>
          <y:BorderStyle color="#000000" type="line" width="1.0"/>
          <y:NodeLabel alignment="center" autoSizePolicy="content" fontFamily="Dialog" fontSize="8" fontStyle="plain" hasBackgroundColor="false" hasLineColor="false" height="13.421875" modelName="internal" modelPosition="c" textColor="#000000" visible="true" width="12.5625" x="6.21875" y="5.7890625">Pv</y:NodeLabel>
          <y:Shape type="ellipse"/>
        </y:ShapeNode>
      </data>
    </node>
    <node id="n6">
      <data key="d4">true</data>
      <data key="d5"><![CDATA[Pisa]]></data>
      <data key="d8">
        <y:ShapeNode>
          <y:Geometry height="25.0" width="25.0" x="287.7187266976731" y="511.206069118346"/>
          <y:Fill color="#FFCC00" transparent="false"/>
          <y:BorderStyle color="#000000" type="line" width="1.0"/>
          <y:NodeLabel alignment="center" autoSizePolicy="content" fontFamily="Dialog" fontSize="8" fontStyle="plain" hasBackgroundColor="false" hasLineColor="false" height="13.421875" modelName="internal" modelPosition="c" textColor="#000000" visible="true" width="10.7265625" x="7.13671875" y="5.7890625">PI</y:NodeLabel>
          <y:Shape type="ellipse"/>
        </y:ShapeNode>
      </data>
    </node>
    <node id="n7">
      <data key="d4">true</data>
      <data key="d5"><![CDATA[Urbino]]></data>
      <data key="d8">
        <y:ShapeNode>
          <y:Geometry height="25.0" width="25.0" x="434.43402333420596" y="519.9578806624777"/>
          <y:Fill color="#FFCC00" transparent="false"/>
          <y:BorderStyle color="#000000" type="line" width="1.0"/>
          <y:NodeLabel alignment="center" autoSizePolicy="content" fontFamily="Dialog" fontSize="8" fontStyle="plain" hasBackgroundColor="false" hasLineColor="false" height="13.421875" modelName="internal" modelPosition="c" textColor="#000000" visible="true" width="12.81640625" x="6.091796875" y="5.7890625">Ur</y:NodeLabel>
          <y:Shape type="ellipse"/>
        </y:ShapeNode>
      </data>
    </node>
    <node id="n8">
      <data key="d4">false</data>
      <data key="d5"/>
      <data key="d8">
        <y:ShapeNode>
          <y:Geometry height="25.0" width="25.0" x="129.743453979" y="306.467468262"/>
          <y:Fill color="#FFCC00" transparent="false"/>
          <y:BorderStyle color="#000000" type="line" width="1.0"/>
          <y:NodeLabel alignment="center" autoSizePolicy="content" fontFamily="Dialog" fontSize="8" fontStyle="plain" hasBackgroundColor="false" hasLineColor="false" height="13.421875" modelName="internal" modelPosition="c" textColor="#000000" visible="true" width="31.3671875" x="-3.18359375" y="5.7890625">Google</y:NodeLabel>
          <y:Shape type="triangle"/>
        </y:ShapeNode>
      </data>
    </node>
    <node id="n9">
      <data key="d4">false</data>
      <data key="d5"/>
      <data key="d8">
        <y:ShapeNode>
          <y:Geometry height="25.0" width="25.0" x="318.457641602" y="153.956436157"/>
          <y:Fill color="#FFCC00" transparent="false"/>
          <y:BorderStyle color="#000000" type="line" width="1.0"/>
          <y:NodeLabel alignment="center" autoSizePolicy="content" fontFamily="Dialog" fontSize="8" fontStyle="plain" hasBackgroundColor="false" hasLineColor="false" height="13.421875" modelName="internal" modelPosition="c" textColor="#000000" visible="true" width="30.60546875" x="-2.802734375" y="5.7890625">GEANT</y:NodeLabel>
          <y:Shape type="triangle"/>
        </y:ShapeNode>
      </data>
    </node>
    <node id="n10">
      <data key="d4">false</data>
      <data key="d5"/>
      <data key="d8">
        <y:ShapeNode>
          <y:Geometry height="25.0" width="25.0" x="431.156982422" y="209.766738892"/>
          <y:Fill color="#FFCC00" transparent="false"/>
          <y:BorderStyle color="#000000" type="line" width="1.0"/>
          <y:NodeLabel alignment="center" autoSizePolicy="content" fontFamily="Dialog" fontSize="8" fontStyle="plain" hasBackgroundColor="false" hasLineColor="false" height="13.421875" modelName="internal" modelPosition="c" textColor="#000000" visible="true" width="65.44921875" x="-20.224609375" y="5.7890625">Global Crossing</y:NodeLabel>
          <y:Shape type="triangle"/>
        </y:ShapeNode>
      </data>
    </node>
    <node id="n11">
      <data key="d4">false</data>
      <data key="d5"/>
      <data key="d8">
        <y:ShapeNode>
          <y:Geometry height="25.0" width="25.0" x="278.009887695" y="145.071380615"/>
          <y:Fill color="#FFCC00" transparent="false"/>
          <y:BorderStyle color="#000000" type="line" width="1.0"/>
          <y:NodeLabel alignment="center" autoSizePolicy="content" fontFamily="Dialog" fontSize="8" fontStyle="plain" hasBackgroundColor="false" hasLineColor="false" height="13.421875" modelName="internal" modelPosition="c" textColor="#000000" visible="true" width="30.60546875" x="-2.802734375" y="5.7890625">GEANT</y:NodeLabel>
          <y:Shape type="triangle"/>
        </y:ShapeNode>
      </data>
    </node>
    <node id="n12">
      <data key="d4">false</data>
      <data key="d5"/>
      <data key="d8">
        <y:ShapeNode>
          <y:Geometry height="25.0" width="25.0" x="362.241027832" y="230.466140747"/>
          <y:Fill color="#FFCC00" transparent="false"/>
          <y:BorderStyle color="#000000" type="line" width="1.0"/>
          <y:NodeLabel alignment="center" autoSizePolicy="content" fontFamily="Dialog" fontSize="8" fontStyle="plain" hasBackgroundColor="false" hasLineColor="false" height="13.421875" modelName="internal" modelPosition="c" textColor="#000000" visible="true" width="36.08203125" x="-5.541015625" y="5.7890625">Svizzera</y:NodeLabel>
          <y:Shape type="triangle"/>
        </y:ShapeNode>
      </data>
    </node>
    <node id="n13">
      <data key="d4">true</data>
      <data key="d5"><![CDATA[Cagliari]]></data>
      <data key="d8">
        <y:ShapeNode>
          <y:Geometry height="25.0" width="25.0" x="106.8778942007219" y="886.7263389190107"/>
          <y:Fill color="#FFCC00" transparent="false"/>
          <y:BorderStyle color="#000000" type="line" width="1.0"/>
          <y:NodeLabel alignment="center" autoSizePolicy="content" fontFamily="Dialog" fontSize="8" fontStyle="plain" hasBackgroundColor="false" hasLineColor="false" height="13.421875" modelName="internal" modelPosition="c" textColor="#000000" visible="true" width="15.0546875" x="4.97265625" y="5.7890625">CA</y:NodeLabel>
          <y:Shape type="ellipse"/>
        </y:ShapeNode>
      </data>
    </node>
    <node id="n14">
      <data key="d4">true</data>
      <data key="d5"><![CDATA[L Aquila]]></data>
      <data key="d8">
        <y:ShapeNode>
          <y:Geometry height="25.0" width="25.0" x="457.5056463960319" y="602.5849838352166"/>
          <y:Fill color="#FFCC00" transparent="false"/>
          <y:BorderStyle color="#000000" type="line" width="1.0"/>
          <y:NodeLabel alignment="center" autoSizePolicy="content" fontFamily="Dialog" fontSize="8" fontStyle="plain" hasBackgroundColor="false" hasLineColor="false" height="13.421875" modelName="internal" modelPosition="c" textColor="#000000" visible="true" width="25.421875" x="-0.2109375" y="5.7890625">AQ-1</y:NodeLabel>
          <y:Shape type="ellipse"/>
        </y:ShapeNode>
      </data>
    </node>
    <node id="n15">
      <data key="d4">true</data>
      <data key="d5"><![CDATA[Sassari]]></data>
      <data key="d8">
        <y:ShapeNode>
          <y:Geometry height="25.0" width="25.0" x="151.48307890981738" y="748.3353506902484"/>
          <y:Fill color="#FFCC00" transparent="false"/>
          <y:BorderStyle color="#000000" type="line" width="1.0"/>
          <y:NodeLabel alignment="center" autoSizePolicy="content" fontFamily="Dialog" fontSize="8" fontStyle="plain" hasBackgroundColor="false" hasLineColor="false" height="13.421875" modelName="internal" modelPosition="c" textColor="#000000" visible="true" width="12.6171875" x="6.19140625" y="5.7890625">SS</y:NodeLabel>
          <y:Shape type="ellipse"/>
        </y:ShapeNode>
      </data>
    </node>
    <node id="n16">
      <data key="d4">true</data>
      <data key="d5"><![CDATA[Cagliari]]></data>
      <data key="d8">
        <y:ShapeNode>
          <y:Geometry height="25.0" width="25.0" x="155.05863359939067" y="875.649566447945"/>
          <y:Fill color="#FFCC00" transparent="false"/>
          <y:BorderStyle color="#000000" type="line" width="1.0"/>
          <y:NodeLabel alignment="center" autoSizePolicy="content" fontFamily="Dialog" fontSize="8" fontStyle="plain" hasBackgroundColor="false" hasLineColor="false" height="13.421875" modelName="internal" modelPosition="c" textColor="#000000" visible="true" width="24.7421875" x="0.12890625" y="5.7890625">CA-1</y:NodeLabel>
          <y:Shape type="ellipse"/>
        </y:ShapeNode>
      </data>
    </node>
    <node id="n17">
      <data key="d4">false</data>
      <data key="d5"/>
      <data key="d8">
        <y:ShapeNode>
          <y:Geometry height="25.0" width="25.0" x="331.99364577235883" y="772.7104547002017"/>
          <y:Fill color="#FFCC00" transparent="false"/>
          <y:BorderStyle color="#000000" type="line" width="1.0"/>
          <y:NodeLabel alignment="center" autoSizePolicy="content" fontFamily="Dialog" fontSize="8" fontStyle="plain" hasBackgroundColor="false" hasLineColor="false" height="13.421875" modelName="internal" modelPosition="c" textColor="#000000" visible="true" width="31.6640625" x="-3.33203125" y="5.7890625">NAMEX</y:NodeLabel>
          <y:Shape type="triangle"/>
        </y:ShapeNode>
      </data>
    </node>
    <node id="n18">
      <data key="d4">true</data>
      <data key="d5"><![CDATA[Roma]]></data>
      <data key="d8">
        <y:ShapeNode>
          <y:Geometry height="25.0" width="25.0" x="420.3597814839342" y="662.2074220513907"/>
          <y:Fill color="#FFCC00" transparent="false"/>
          <y:BorderStyle color="#000000" type="line" width="1.0"/>
          <y:NodeLabel alignment="center" autoSizePolicy="content" fontFamily="Dialog" fontSize="8" fontStyle="plain" hasBackgroundColor="false" hasLineColor="false" height="13.421875" modelName="internal" modelPosition="c" textColor="#000000" visible="true" width="25.63671875" x="-0.318359375" y="5.7890625">RM-1</y:NodeLabel>
          <y:Shape type="ellipse"/>
        </y:ShapeNode>
      </data>
    </node>
    <node id="n19">
      <data key="d4">true</data>
      <data key="d5"><![CDATA[Perugia]]></data>
      <data key="d8">
        <y:ShapeNode>
          <y:Geometry height="25.0" width="25.0" x="407.22134209877066" y="581.2334823702165"/>
          <y:Fill color="#FFCC00" transparent="false"/>
          <y:BorderStyle color="#000000" type="line" width="1.0"/>
          <y:NodeLabel alignment="center" autoSizePolicy="content" fontFamily="Dialog" fontSize="8" fontStyle="plain" hasBackgroundColor="false" hasLineColor="false" height="13.421875" modelName="internal" modelPosition="c" textColor="#000000" visible="true" width="14.203125" x="5.3984375" y="5.7890625">PG</y:NodeLabel>
          <y:Shape type="ellipse"/>
        </y:ShapeNode>
      </data>
    </node>
    <node id="n20">
      <data key="d4">true</data>
      <data key="d5"><![CDATA[Ancona]]></data>
      <data key="d8">
        <y:ShapeNode>
          <y:Geometry height="25.0" width="25.0" x="469.04167282057534" y="545.0913662426518"/>
          <y:Fill color="#FFCC00" transparent="false"/>
          <y:BorderStyle color="#000000" type="line" width="1.0"/>
          <y:NodeLabel alignment="center" autoSizePolicy="content" fontFamily="Dialog" fontSize="8" fontStyle="plain" hasBackgroundColor="false" hasLineColor="false" height="13.421875" modelName="internal" modelPosition="c" textColor="#000000" visible="true" width="15.4296875" x="4.78515625" y="5.7890625">AN</y:NodeLabel>
          <y:Shape type="ellipse"/>
        </y:ShapeNode>
      </data>
    </node>
    <node id="n21">
      <data key="d4">true</data>
      <data key="d5"><![CDATA[L Aquila]]></data>
      <data key="d8">
        <y:ShapeNode>
          <y:Geometry height="25.0" width="25.0" x="455.9127814060318" y="634.75019116776"/>
          <y:Fill color="#FFCC00" transparent="false"/>
          <y:BorderStyle color="#000000" type="line" width="1.0"/>
          <y:NodeLabel alignment="center" autoSizePolicy="content" fontFamily="Dialog" fontSize="8" fontStyle="plain" hasBackgroundColor="false" hasLineColor="false" height="13.421875" modelName="internal" modelPosition="c" textColor="#000000" visible="true" width="15.734375" x="4.6328125" y="5.7890625">AQ</y:NodeLabel>
          <y:Shape type="ellipse"/>
        </y:ShapeNode>
      </data>
    </node>
    <node id="n22">
      <data key="d4">true</data>
      <data key="d5"><![CDATA[Frascati]]></data>
      <data key="d8">
        <y:ShapeNode>
          <y:Geometry height="25.0" width="25.0" x="442.4890382623906" y="692.2131890273037"/>
          <y:Fill color="#FFCC00" transparent="false"/>
          <y:BorderStyle color="#000000" type="line" width="1.0"/>
          <y:NodeLabel alignment="center" autoSizePolicy="content" fontFamily="Dialog" fontSize="8" fontStyle="plain" hasBackgroundColor="false" hasLineColor="false" height="13.421875" modelName="internal" modelPosition="c" textColor="#000000" visible="true" width="18.8671875" x="3.06640625" y="5.7890625">FRA</y:NodeLabel>
          <y:Shape type="ellipse"/>
        </y:ShapeNode>
      </data>
    </node>
    <node id="n23">
      <data key="d4">true</data>
      <data key="d5"><![CDATA[Campobasso]]></data>
      <data key="d8">
        <y:ShapeNode>
          <y:Geometry height="25.0" width="25.0" x="543.6147855198471" y="700.347323741293"/>
          <y:Fill color="#FFCC00" transparent="false"/>
          <y:BorderStyle color="#000000" type="line" width="1.0"/>
          <y:NodeLabel alignment="center" autoSizePolicy="content" fontFamily="Dialog" fontSize="8" fontStyle="plain" hasBackgroundColor="false" hasLineColor="false" height="13.421875" modelName="internal" modelPosition="c" textColor="#000000" visible="true" width="14.13671875" x="5.431640625" y="5.7890625">CB</y:NodeLabel>
          <y:Shape type="ellipse"/>
        </y:ShapeNode>
      </data>
    </node>
    <node id="n24">
      <data key="d4">true</data>
      <data key="d5"><![CDATA[Foggia]]></data>
      <data key="d8">
        <y:ShapeNode>
          <y:Geometry height="25.0" width="25.0" x="586.9276147213695" y="721.3582345203524"/>
          <y:Fill color="#FFCC00" transparent="false"/>
          <y:BorderStyle color="#000000" type="line" width="1.0"/>
          <y:NodeLabel alignment="center" autoSizePolicy="content" fontFamily="Dialog" fontSize="8" fontStyle="plain" hasBackgroundColor="false" hasLineColor="false" height="13.421875" modelName="internal" modelPosition="c" textColor="#000000" visible="true" width="14.0703125" x="5.46484375" y="5.7890625">FG</y:NodeLabel>
          <y:Shape type="ellipse"/>
        </y:ShapeNode>
      </data>
    </node>
    <node id="n25">
      <data key="d4">true</data>
      <data key="d5"><![CDATA[Bari]]></data>
      <data key="d8">
        <y:ShapeNode>
          <y:Geometry height="25.0" width="25.0" x="675.0478002829341" y="772.4183521336626"/>
          <y:Fill color="#FFCC00" transparent="false"/>
          <y:BorderStyle color="#000000" type="line" width="1.0"/>
          <y:NodeLabel alignment="center" autoSizePolicy="content" fontFamily="Dialog" fontSize="8" fontStyle="plain" hasBackgroundColor="false" hasLineColor="false" height="13.421875" modelName="internal" modelPosition="c" textColor="#000000" visible="true" width="14.12109375" x="5.439453125" y="5.7890625">BA</y:NodeLabel>
          <y:Shape type="ellipse"/>
        </y:ShapeNode>
      </data>
    </node>
    <node id="n26">
      <data key="d4">true</data>
      <data key="d5"><![CDATA[Lecce]]></data>
      <data key="d8">
        <y:ShapeNode>
          <y:Geometry height="25.0" width="25.0" x="758.4108191701295" y="840.1670778133907"/>
          <y:Fill color="#FFCC00" transparent="false"/>
          <y:BorderStyle color="#000000" type="line" width="1.0"/>
          <y:NodeLabel alignment="center" autoSizePolicy="content" fontFamily="Dialog" fontSize="8" fontStyle="plain" hasBackgroundColor="false" hasLineColor="false" height="13.421875" modelName="internal" modelPosition="c" textColor="#000000" visible="true" width="12.6015625" x="6.19921875" y="5.7890625">LE</y:NodeLabel>
          <y:Shape type="ellipse"/>
        </y:ShapeNode>
      </data>
    </node>
    <node id="n27">
      <data key="d4">true</data>
      <data key="d5"><![CDATA[Matera]]></data>
      <data key="d8">
        <y:ShapeNode>
          <y:Geometry height="25.0" width="25.0" x="662.2196456120212" y="816.8316491544012"/>
          <y:Fill color="#FFCC00" transparent="false"/>
          <y:BorderStyle color="#000000" type="line" width="1.0"/>
          <y:NodeLabel alignment="center" autoSizePolicy="content" fontFamily="Dialog" fontSize="8" fontStyle="plain" hasBackgroundColor="false" hasLineColor="false" height="13.421875" modelName="internal" modelPosition="c" textColor="#000000" visible="true" width="15.94921875" x="4.525390625" y="5.7890625">MT</y:NodeLabel>
          <y:Shape type="ellipse"/>
        </y:ShapeNode>
      </data>
    </node>
    <node id="n28">
      <data key="d4">true</data>
      <data key="d5"><![CDATA[Potenza]]></data>
      <data key="d8">
        <y:ShapeNode>
          <y:Geometry height="25.0" width="25.0" x="596.8803096538896" y="804.9311971718853"/>
          <y:Fill color="#FFCC00" transparent="false"/>
          <y:BorderStyle color="#000000" type="line" width="1.0"/>
          <y:NodeLabel alignment="center" autoSizePolicy="content" fontFamily="Dialog" fontSize="8" fontStyle="plain" hasBackgroundColor="false" hasLineColor="false" height="13.421875" modelName="internal" modelPosition="c" textColor="#000000" visible="true" width="13.2578125" x="5.87109375" y="5.7890625">PZ</y:NodeLabel>
          <y:Shape type="ellipse"/>
        </y:ShapeNode>
      </data>
    </node>
    <node id="n29">
      <data key="d4">true</data>
      <data key="d5"><![CDATA[Salerno]]></data>
      <data key="d8">
        <y:ShapeNode>
          <y:Geometry height="25.0" width="25.0" x="523.1779015964013" y="790.5872198830319"/>
          <y:Fill color="#FFCC00" transparent="false"/>
          <y:BorderStyle color="#000000" type="line" width="1.0"/>
          <y:NodeLabel alignment="center" autoSizePolicy="content" fontFamily="Dialog" fontSize="8" fontStyle="plain" hasBackgroundColor="false" hasLineColor="false" height="13.421875" modelName="internal" modelPosition="c" textColor="#000000" visible="true" width="13.828125" x="5.5859375" y="5.7890625">SA</y:NodeLabel>
          <y:Shape type="ellipse"/>
        </y:ShapeNode>
      </data>
    </node>
    <node id="n30">
      <data key="d4">true</data>
      <data key="d5"><![CDATA[Napoli]]></data>
      <data key="d8">
        <y:ShapeNode>
          <y:Geometry height="25.0" width="25.0" x="487.85052385385785" y="766.8385272605648"/>
          <y:Fill color="#FFCC00" transparent="false"/>
          <y:BorderStyle color="#000000" type="line" width="1.0"/>
          <y:NodeLabel alignment="center" autoSizePolicy="content" fontFamily="Dialog" fontSize="8" fontStyle="plain" hasBackgroundColor="false" hasLineColor="false" height="13.421875" modelName="internal" modelPosition="c" textColor="#000000" visible="true" width="15.4296875" x="4.78515625" y="5.7890625">NA</y:NodeLabel>
          <y:Shape type="ellipse"/>
        </y:ShapeNode>
      </data>
    </node>
    <node id="n31">
      <data key="d4">true</data>
      <data key="d5"><![CDATA[Messina]]></data>
      <data key="d8">
        <y:ShapeNode>
          <y:Geometry height="25.0" width="25.0" x="549.3581879992929" y="984.2916043678472"/>
          <y:Fill color="#FFCC00" transparent="false"/>
          <y:BorderStyle color="#000000" type="line" width="1.0"/>
          <y:NodeLabel alignment="center" autoSizePolicy="content" fontFamily="Dialog" fontSize="8" fontStyle="plain" hasBackgroundColor="false" hasLineColor="false" height="13.421875" modelName="internal" modelPosition="c" textColor="#000000" visible="true" width="15.2265625" x="4.88671875" y="5.7890625">ME</y:NodeLabel>
          <y:Shape type="ellipse"/>
        </y:ShapeNode>
      </data>
    </node>
    <node id="n32">
      <data key="d4">true</data>
      <data key="d5"><![CDATA[Cosenza]]></data>
      <data key="d8">
        <y:ShapeNode>
          <y:Geometry height="25.0" width="25.0" x="612.2226862434287" y="901.423417647552"/>
          <y:Fill color="#FFCC00" transparent="false"/>
          <y:BorderStyle color="#000000" type="line" width="1.0"/>
          <y:NodeLabel alignment="center" autoSizePolicy="content" fontFamily="Dialog" fontSize="8" fontStyle="plain" hasBackgroundColor="false" hasLineColor="false" height="13.421875" modelName="internal" modelPosition="c" textColor="#000000" visible="true" width="13.84375" x="5.578125" y="5.7890625">CS</y:NodeLabel>
          <y:Shape type="ellipse"/>
        </y:ShapeNode>
      </data>
    </node>
    <node id="n33">
      <data key="d4">true</data>
      <data key="d5"><![CDATA[Catania]]></data>
      <data key="d8">
        <y:ShapeNode>
          <y:Geometry height="25.0" width="25.0" x="514.9008110973036" y="1064.4076156682165"/>
          <y:Fill color="#FFCC00" transparent="false"/>
          <y:BorderStyle color="#000000" type="line" width="1.0"/>
          <y:NodeLabel alignment="center" autoSizePolicy="content" fontFamily="Dialog" fontSize="8" fontStyle="plain" hasBackgroundColor="false" hasLineColor="false" height="13.421875" modelName="internal" modelPosition="c" textColor="#000000" visible="true" width="14.59375" x="5.203125" y="5.7890625">CT</y:NodeLabel>
          <y:Shape type="ellipse"/>
        </y:ShapeNode>
      </data>
    </node>
    <node id="n34">
      <data key="d4">true</data>
      <data key="d5"><![CDATA[Palermo]]></data>
      <data key="d8">
        <y:ShapeNode>
          <y:Geometry height="25.0" width="25.0" x="414.89347119676006" y="992.9152541741189"/>
          <y:Fill color="#FFCC00" transparent="false"/>
          <y:BorderStyle color="#000000" type="line" width="1.0"/>
          <y:NodeLabel alignment="center" autoSizePolicy="content" fontFamily="Dialog" fontSize="8" fontStyle="plain" hasBackgroundColor="false" hasLineColor="false" height="13.421875" modelName="internal" modelPosition="c" textColor="#000000" visible="true" width="13.94140625" x="5.529296875" y="5.7890625">PA</y:NodeLabel>
          <y:Shape type="ellipse"/>
        </y:ShapeNode>
      </data>
    </node>
    <node id="n35">
      <data key="d4">false</data>
      <data key="d5"/>
      <data key="d8">
        <y:ShapeNode>
          <y:Geometry height="25.0" width="25.0" x="716.525756836" y="1186.54211426"/>
          <y:Fill color="#FFCC00" transparent="false"/>
          <y:BorderStyle color="#000000" type="line" width="1.0"/>
          <y:NodeLabel alignment="center" autoSizePolicy="content" fontFamily="Dialog" fontSize="8" fontStyle="plain" hasBackgroundColor="false" hasLineColor="false" height="13.421875" modelName="internal" modelPosition="c" textColor="#000000" visible="true" width="72.12890625" x="-23.564453125" y="5.7890625">EUMED CONNECT</y:NodeLabel>
          <y:Shape type="triangle"/>
        </y:ShapeNode>
      </data>
    </node>
    <node id="n36">
      <data key="d4">false</data>
      <data key="d5"/>
      <data key="d8">
        <y:ShapeNode>
          <y:Geometry height="25.0" width="25.0" x="134.9009552" y="227.790405273"/>
          <y:Fill color="#FFCC00" transparent="false"/>
          <y:BorderStyle color="#000000" type="line" width="1.0"/>
          <y:NodeLabel alignment="center" autoSizePolicy="content" fontFamily="Dialog" fontSize="8" fontStyle="plain" hasBackgroundColor="false" hasLineColor="false" height="13.421875" modelName="internal" modelPosition="c" textColor="#000000" visible="true" width="18.203125" x="3.3984375" y="5.7890625">MIX</y:NodeLabel>
          <y:Shape type="triangle"/>
        </y:ShapeNode>
      </data>
    </node>
    <node id="n37">
      <data key="d4">false</data>
      <data key="d5"/>
      <data key="d8">
        <y:ShapeNode>
          <y:Geometry height="25.0" width="25.0" x="200.852981567" y="217.794631958"/>
          <y:Fill color="#FFCC00" transparent="false"/>
          <y:BorderStyle color="#000000" type="line" width="1.0"/>
          <y:NodeLabel alignment="center" autoSizePolicy="content" fontFamily="Dialog" fontSize="8" fontStyle="plain" hasBackgroundColor="false" hasLineColor="false" height="13.421875" modelName="internal" modelPosition="c" textColor="#000000" visible="true" width="31.22265625" x="-3.111328125" y="5.7890625">Level 3</y:NodeLabel>
          <y:Shape type="triangle"/>
        </y:ShapeNode>
      </data>
    </node>
    <node id="n38">
      <data key="d4">false</data>
      <data key="d5"/>
      <data key="d8">
        <y:ShapeNode>
          <y:Geometry height="25.0" width="25.0" x="488.51461792" y="413.606750488"/>
          <y:Fill color="#FFCC00" transparent="false"/>
          <y:BorderStyle color="#000000" type="line" width="1.0"/>
          <y:NodeLabel alignment="center" autoSizePolicy="content" fontFamily="Dialog" fontSize="8" fontStyle="plain" hasBackgroundColor="false" hasLineColor="false" height="13.421875" modelName="internal" modelPosition="c" textColor="#000000" visible="true" width="20.8515625" x="2.07421875" y="5.7890625">VSIX</y:NodeLabel>
          <y:Shape type="triangle"/>
        </y:ShapeNode>
      </data>
    </node>
    <node id="n39">
      <data key="d4">true</data>
      <data key="d5"><![CDATA[Trieste]]></data>
      <data key="d8">
        <y:ShapeNode>
          <y:Geometry height="25.0" width="25.0" x="508.48729928496164" y="360.275351722724"/>
          <y:Fill color="#FFCC00" transparent="false"/>
          <y:BorderStyle color="#000000" type="line" width="1.0"/>
          <y:NodeLabel alignment="center" autoSizePolicy="content" fontFamily="Dialog" fontSize="8" fontStyle="plain" hasBackgroundColor="false" hasLineColor="false" height="13.421875" modelName="internal" modelPosition="c" textColor="#000000" visible="true" width="23.0546875" x="0.97265625" y="5.7890625">TS-1</y:NodeLabel>
          <y:Shape type="ellipse"/>
        </y:ShapeNode>
      </data>
    </node>
    <node id="n40">
      <data key="d4">true</data>
      <data key="d5"><![CDATA[Padova]]></data>
      <data key="d8">
        <y:ShapeNode>
          <y:Geometry height="25.0" width="25.0" x="413.61061408656263" y="367.3136444687303"/>
          <y:Fill color="#FFCC00" transparent="false"/>
          <y:BorderStyle color="#000000" type="line" width="1.0"/>
          <y:NodeLabel alignment="center" autoSizePolicy="content" fontFamily="Dialog" fontSize="8" fontStyle="plain" hasBackgroundColor="false" hasLineColor="false" height="13.421875" modelName="internal" modelPosition="c" textColor="#000000" visible="true" width="14.4140625" x="5.29296875" y="5.7890625">PD</y:NodeLabel>
          <y:Shape type="ellipse"/>
        </y:ShapeNode>
      </data>
    </node>
    <node id="n41">
      <data key="d4">true</data>
      <data key="d5"><![CDATA[Venezia]]></data>
      <data key="d8">
        <y:ShapeNode>
          <y:Geometry height="25.0" width="25.0" x="448.57660178072183" y="363.5409125825945"/>
          <y:Fill color="#FFCC00" transparent="false"/>
          <y:BorderStyle color="#000000" type="line" width="1.0"/>
          <y:NodeLabel alignment="center" autoSizePolicy="content" fontFamily="Dialog" fontSize="8" fontStyle="plain" hasBackgroundColor="false" hasLineColor="false" height="13.421875" modelName="internal" modelPosition="c" textColor="#000000" visible="true" width="13.56640625" x="5.716796875" y="5.7890625">VE</y:NodeLabel>
          <y:Shape type="ellipse"/>
        </y:ShapeNode>
      </data>
    </node>
    <node id="n42">
      <data key="d4">true</data>
      <data key="d5"><![CDATA[Trento]]></data>
      <data key="d8">
        <y:ShapeNode>
          <y:Geometry height="25.0" width="25.0" x="367.5807889378471" y="295.7597671161189"/>
          <y:Fill color="#FFCC00" transparent="false"/>
          <y:BorderStyle color="#000000" type="line" width="1.0"/>
          <y:NodeLabel alignment="center" autoSizePolicy="content" fontFamily="Dialog" fontSize="8" fontStyle="plain" hasBackgroundColor="false" hasLineColor="false" height="13.421875" modelName="internal" modelPosition="c" textColor="#000000" visible="true" width="14.96875" x="5.015625" y="5.7890625">TN</y:NodeLabel>
          <y:Shape type="ellipse"/>
        </y:ShapeNode>
      </data>
    </node>
    <node id="n43">
      <data key="d4">true</data>
      <data key="d5"><![CDATA[Milan]]></data>
      <data key="d8">
        <y:ShapeNode>
          <y:Geometry height="25.0" width="25.0" x="276.9167783619448" y="327.3957460263906"/>
          <y:Fill color="#FFCC00" transparent="false"/>
          <y:BorderStyle color="#000000" type="line" width="1.0"/>
          <y:NodeLabel alignment="center" autoSizePolicy="content" fontFamily="Dialog" fontSize="8" fontStyle="plain" hasBackgroundColor="false" hasLineColor="false" height="13.421875" modelName="internal" modelPosition="c" textColor="#000000" visible="true" width="22.8828125" x="1.05859375" y="5.7890625">MI-1</y:NodeLabel>
          <y:Shape type="ellipse"/>
        </y:ShapeNode>
      </data>
    </node>
    <node id="n44">
      <data key="d4">true</data>
      <data key="d5"><![CDATA[Milan]]></data>
      <data key="d8">
        <y:ShapeNode>
          <y:Geometry height="25.0" width="25.0" x="247.29530122828243" y="296.8191254992931"/>
          <y:Fill color="#FFCC00" transparent="false"/>
          <y:BorderStyle color="#000000" type="line" width="1.0"/>
          <y:NodeLabel alignment="center" autoSizePolicy="content" fontFamily="Dialog" fontSize="8" fontStyle="plain" hasBackgroundColor="false" hasLineColor="false" height="13.421875" modelName="internal" modelPosition="c" textColor="#000000" visible="true" width="22.8828125" x="1.05859375" y="5.7890625">MI-4</y:NodeLabel>
          <y:Shape type="ellipse"/>
        </y:ShapeNode>
      </data>
    </node>
    <node id="n45">
      <data key="d4">true</data>
      <data key="d5"><![CDATA[Milan]]></data>
      <data key="d8">
        <y:ShapeNode>
          <y:Geometry height="25.0" width="25.0" x="235.8929916031189" y="330.5499134136624"/>
          <y:Fill color="#FFCC00" transparent="false"/>
          <y:BorderStyle color="#000000" type="line" width="1.0"/>
          <y:NodeLabel alignment="center" autoSizePolicy="content" fontFamily="Dialog" fontSize="8" fontStyle="plain" hasBackgroundColor="false" hasLineColor="false" height="13.421875" modelName="internal" modelPosition="c" textColor="#000000" visible="true" width="22.8828125" x="1.05859375" y="5.7890625">MI-2</y:NodeLabel>
          <y:Shape type="ellipse"/>
        </y:ShapeNode>
      </data>
    </node>
    <node id="n46">
      <data key="d4">true</data>
      <data key="d5"><![CDATA[Turin]]></data>
      <data key="d8">
        <y:ShapeNode>
          <y:Geometry height="25.0" width="25.0" x="144.95108838476006" y="353.271577419119"/>
          <y:Fill color="#FFCC00" transparent="false"/>
          <y:BorderStyle color="#000000" type="line" width="1.0"/>
          <y:NodeLabel alignment="center" autoSizePolicy="content" fontFamily="Dialog" fontSize="8" fontStyle="plain" hasBackgroundColor="false" hasLineColor="false" height="13.421875" modelName="internal" modelPosition="c" textColor="#000000" visible="true" width="15.2734375" x="4.86328125" y="5.7890625">TO</y:NodeLabel>
          <y:Shape type="ellipse"/>
        </y:ShapeNode>
      </data>
    </node>
    <node id="n47">
      <data key="d4">true</data>
      <data key="d5"><![CDATA[Genova]]></data>
      <data key="d8">
        <y:ShapeNode>
          <y:Geometry height="25.0" width="25.0" x="190.63863331367304" y="418.95886782649904"/>
          <y:Fill color="#FFCC00" transparent="false"/>
          <y:BorderStyle color="#000000" type="line" width="1.0"/>
          <y:NodeLabel alignment="center" autoSizePolicy="content" fontFamily="Dialog" fontSize="8" fontStyle="plain" hasBackgroundColor="false" hasLineColor="false" height="13.421875" modelName="internal" modelPosition="c" textColor="#000000" visible="true" width="14.1171875" x="5.44140625" y="5.7890625">GE</y:NodeLabel>
          <y:Shape type="ellipse"/>
        </y:ShapeNode>
      </data>
    </node>
    <node id="n48">
      <data key="d4">true</data>
      <data key="d5"><![CDATA[Firenze]]></data>
      <data key="d8">
        <y:ShapeNode>
          <y:Geometry height="25.0" width="25.0" x="330.75116285229296" y="501.6832669658471"/>
          <y:Fill color="#FFCC00" transparent="false"/>
          <y:BorderStyle color="#000000" type="line" width="1.0"/>
          <y:NodeLabel alignment="center" autoSizePolicy="content" fontFamily="Dialog" fontSize="8" fontStyle="plain" hasBackgroundColor="false" hasLineColor="false" height="13.421875" modelName="internal" modelPosition="c" textColor="#000000" visible="true" width="10.6015625" x="7.19921875" y="5.7890625">Fi</y:NodeLabel>
          <y:Shape type="ellipse"/>
        </y:ShapeNode>
      </data>
    </node>
    <node id="n49">
      <data key="d4">true</data>
      <data key="d5"><![CDATA[Firenze]]></data>
      <data key="d8">
        <y:ShapeNode>
          <y:Geometry height="25.0" width="25.0" x="354.38941893040123" y="522.2074847805648"/>
          <y:Fill color="#FFCC00" transparent="false"/>
          <y:BorderStyle color="#000000" type="line" width="1.0"/>
          <y:NodeLabel alignment="center" autoSizePolicy="content" fontFamily="Dialog" fontSize="8" fontStyle="plain" hasBackgroundColor="false" hasLineColor="false" height="13.421875" modelName="internal" modelPosition="c" textColor="#000000" visible="true" width="10.59375" x="7.203125" y="5.7890625">FI</y:NodeLabel>
          <y:Shape type="ellipse"/>
        </y:ShapeNode>
      </data>
    </node>
    <node id="n50">
      <data key="d4">true</data>
      <data key="d5"><![CDATA[Bologna]]></data>
      <data key="d8">
        <y:ShapeNode>
          <y:Geometry height="25.0" width="25.0" x="370.4606865863036" y="424.31800207284715"/>
          <y:Fill color="#FFCC00" transparent="false"/>
          <y:BorderStyle color="#000000" type="line" width="1.0"/>
          <y:NodeLabel alignment="center" autoSizePolicy="content" fontFamily="Dialog" fontSize="8" fontStyle="plain" hasBackgroundColor="false" hasLineColor="false" height="13.421875" modelName="internal" modelPosition="c" textColor="#000000" visible="true" width="14.81640625" x="5.091796875" y="5.7890625">BO</y:NodeLabel>
          <y:Shape type="ellipse"/>
        </y:ShapeNode>
      </data>
    </node>
    <node id="n51">
      <data key="d4">true</data>
      <data key="d5"><![CDATA[Milan]]></data>
      <data key="d8">
        <y:ShapeNode>
          <y:Geometry height="25.0" width="25.0" x="261.8708049005754" y="363.495850778603"/>
          <y:Fill color="#FFCC00" transparent="false"/>
          <y:BorderStyle color="#000000" type="line" width="1.0"/>
          <y:NodeLabel alignment="center" autoSizePolicy="content" fontFamily="Dialog" fontSize="8" fontStyle="plain" hasBackgroundColor="false" hasLineColor="false" height="13.421875" modelName="internal" modelPosition="c" textColor="#000000" visible="true" width="22.8828125" x="1.05859375" y="5.7890625">MI-3</y:NodeLabel>
          <y:Shape type="ellipse"/>
        </y:ShapeNode>
      </data>
    </node>
    <node id="n52">
      <data key="d4">true</data>
      <data key="d5"><![CDATA[Catanzaro]]></data>
      <data key="d8">
        <y:ShapeNode>
          <y:Geometry height="25.0" width="25.0" x="650.0267265461403" y="939.1631141546602"/>
          <y:Fill color="#FFCC00" transparent="false"/>
          <y:BorderStyle color="#000000" type="line" width="1.0"/>
          <y:NodeLabel alignment="center" autoSizePolicy="content" fontFamily="Dialog" fontSize="8" fontStyle="plain" hasBackgroundColor="false" hasLineColor="false" height="13.421875" modelName="internal" modelPosition="c" textColor="#000000" visible="true" width="14.37109375" x="5.314453125" y="5.7890625">CZ</y:NodeLabel>
          <y:Shape type="ellipse"/>
        </y:ShapeNode>
      </data>
    </node>
    <node id="n53">
      <data key="d4">false</data>
      <data key="d5"/>
      <data key="d8">
        <y:ShapeNode>
          <y:Geometry height="25.0" width="25.0" x="288.929016113" y="597.408081055"/>
          <y:Fill color="#FFCC00" transparent="false"/>
          <y:BorderStyle color="#000000" type="line" width="1.0"/>
          <y:NodeLabel alignment="center" autoSizePolicy="content" fontFamily="Dialog" fontSize="8" fontStyle="plain" hasBackgroundColor="false" hasLineColor="false" height="13.421875" modelName="internal" modelPosition="c" textColor="#000000" visible="true" width="16.37109375" x="4.314453125" y="5.7890625">TIX</y:NodeLabel>
          <y:Shape type="triangle"/>
        </y:ShapeNode>
      </data>
    </node>
    <node id="n54">
      <data key="d4">true</data>
      <data key="d5"><![CDATA[Avezzano]]></data>
      <data key="d8">
        <y:ShapeNode>
          <y:Geometry height="25.0" width="25.0" x="473.01800516894474" y="661.3134846247601"/>
          <y:Fill color="#FFCC00" transparent="false"/>
          <y:BorderStyle color="#000000" type="line" width="1.0"/>
          <y:NodeLabel alignment="center" autoSizePolicy="content" fontFamily="Dialog" fontSize="8" fontStyle="plain" hasBackgroundColor="false" hasLineColor="false" height="13.421875" modelName="internal" modelPosition="c" textColor="#000000" visible="true" width="19.3671875" x="2.81640625" y="5.7890625">FUC</y:NodeLabel>
          <y:Shape type="ellipse"/>
        </y:ShapeNode>
      </data>
    </node>
    <node id="n55">
      <data key="d4">true</data>
      <data key="d5"><![CDATA[Padova]]></data>
      <data key="d8">
        <y:ShapeNode>
          <y:Geometry height="25.0" width="25.0" x="368.2289839910212" y="366.3685160825754"/>
          <y:Fill color="#FFCC00" transparent="false"/>
          <y:BorderStyle color="#000000" type="line" width="1.0"/>
          <y:NodeLabel alignment="center" autoSizePolicy="content" fontFamily="Dialog" fontSize="8" fontStyle="plain" hasBackgroundColor="false" hasLineColor="false" height="13.421875" modelName="internal" modelPosition="c" textColor="#000000" visible="true" width="24.1015625" x="0.44921875" y="5.7890625">PD-2</y:NodeLabel>
          <y:Shape type="ellipse"/>
        </y:ShapeNode>
      </data>
    </node>
    <node id="n56">
      <data key="d4">true</data>
      <data key="d5"><![CDATA[Palermo]]></data>
      <data key="d8">
        <y:ShapeNode>
          <y:Geometry height="25.0" width="25.0" x="372.2528617141146" y="991.8895249087475"/>
          <y:Fill color="#FFCC00" transparent="false"/>
          <y:BorderStyle color="#000000" type="line" width="1.0"/>
          <y:NodeLabel alignment="center" autoSizePolicy="content" fontFamily="Dialog" fontSize="8" fontStyle="plain" hasBackgroundColor="false" hasLineColor="false" height="13.421875" modelName="internal" modelPosition="c" textColor="#000000" visible="true" width="23.62890625" x="0.685546875" y="5.7890625">PA-2</y:NodeLabel>
          <y:Shape type="ellipse"/>
        </y:ShapeNode>
      </data>
    </node>
    <node id="n57">
      <data key="d4">true</data>
      <data key="d5"><![CDATA[Pavia]]></data>
      <data key="d8">
        <y:ShapeNode>
          <y:Geometry height="25.0" width="25.0" x="223.262370019966" y="379.2800437273461"/>
          <y:Fill color="#FFCC00" transparent="false"/>
          <y:BorderStyle color="#000000" type="line" width="1.0"/>
          <y:NodeLabel alignment="center" autoSizePolicy="content" fontFamily="Dialog" fontSize="8" fontStyle="plain" hasBackgroundColor="false" hasLineColor="false" height="13.421875" modelName="internal" modelPosition="c" textColor="#000000" visible="true" width="22.25" x="1.375" y="5.7890625">Pv-1</y:NodeLabel>
          <y:Shape type="ellipse"/>
        </y:ShapeNode>
      </data>
    </node>
    <node id="n58">
      <data key="d4">true</data>
      <data key="d5"><![CDATA[Bologna]]></data>
      <data key="d8">
        <y:ShapeNode>
          <y:Geometry height="25.0" width="25.0" x="335.0678360176179" y="424.82194045142677"/>
          <y:Fill color="#FFCC00" transparent="false"/>
          <y:BorderStyle color="#000000" type="line" width="1.0"/>
          <y:NodeLabel alignment="center" autoSizePolicy="content" fontFamily="Dialog" fontSize="8" fontStyle="plain" hasBackgroundColor="false" hasLineColor="false" height="13.421875" modelName="internal" modelPosition="c" textColor="#000000" visible="true" width="24.50390625" x="0.248046875" y="5.7890625">BO-3</y:NodeLabel>
          <y:Shape type="ellipse"/>
        </y:ShapeNode>
      </data>
    </node>
    <node id="n59">
      <data key="d4">false</data>
      <data key="d5"/>
      <data key="d8">
        <y:ShapeNode>
          <y:Geometry height="25.0" width="25.0" x="300.678567257847" y="670.0810453371763"/>
          <y:Fill color="#FFCC00" transparent="false"/>
          <y:BorderStyle color="#000000" type="line" width="1.0"/>
          <y:NodeLabel alignment="center" autoSizePolicy="content" fontFamily="Dialog" fontSize="8" fontStyle="plain" hasBackgroundColor="false" hasLineColor="false" height="13.421875" modelName="internal" modelPosition="c" textColor="#000000" visible="true" width="31.8515625" x="-3.42578125" y="5.7890625">Cogent</y:NodeLabel>
          <y:Shape type="triangle"/>
        </y:ShapeNode>
      </data>
    </node>
    <node id="n60">
      <data key="d4">true</data>
      <data key="d5"><![CDATA[Brindisi]]></data>
      <data key="d8">
        <y:ShapeNode>
          <y:Geometry height="25.0" width="25.0" x="722.5464200987769" y="793.7010269849471"/>
          <y:Fill color="#FFCC00" transparent="false"/>
          <y:BorderStyle color="#000000" type="line" width="1.0"/>
          <y:NodeLabel alignment="center" autoSizePolicy="content" fontFamily="Dialog" fontSize="8" fontStyle="plain" hasBackgroundColor="false" hasLineColor="false" height="13.421875" modelName="internal" modelPosition="c" textColor="#000000" visible="true" width="13.66015625" x="5.669921875" y="5.7890625">BR</y:NodeLabel>
          <y:Shape type="ellipse"/>
        </y:ShapeNode>
      </data>
    </node>
    <edge id="e0" source="n0" target="n51">
      <data key="d35"><![CDATA[1 Gbps]]></data>
      <data key="d38">
        <y:PolyLineEdge>
          <y:Path sx="0.0" sy="0.0" tx="0.0" ty="0.0">
            <y:Point x="294.593597412" y="389.716400146"/>
          </y:Path>
          <y:LineStyle color="#800080" type="line" width="3.0"/>
          <y:Arrows source="none" target="none"/>
          <y:EdgeLabel alignment="center" distance="2.0" fontFamily="Dialog" fontSize="12" fontStyle="plain" hasBackgroundColor="false" hasLineColor="false" height="18.1328125" modelName="six_pos" modelPosition="tail" preferredPlacement="anywhere" ratio="0.5" textColor="#000000" visible="false" width="45.279296875" x="7.5139929928466245" y="-7.094139883457046">1 Gbps</y:EdgeLabel>
          <y:BendStyle smoothed="false"/>
        </y:PolyLineEdge>
      </data>
    </edge>
    <edge id="e1" source="n1" target="n46">
      <data key="d35"><![CDATA[Peering, 1 Gbps]]></data>
      <data key="d38">
        <y:PolyLineEdge>
          <y:Path sx="0.0" sy="0.0" tx="0.0" ty="0.0"/>
          <y:LineStyle color="#808080" type="line" width="3.0"/>
          <y:Arrows source="none" target="none"/>
          <y:BendStyle smoothed="false"/>
        </y:PolyLineEdge>
      </data>
    </edge>
    <edge id="e2" source="n2" target="n50">
      <data key="d35"><![CDATA[10 Gbps]]></data>
      <data key="d38">
        <y:PolyLineEdge>
          <y:Path sx="0.0" sy="0.0" tx="0.0" ty="0.0">
            <y:Point x="390.411712646" y="487.641784668"/>
          </y:Path>
          <y:LineStyle color="#FF00FF" type="line" width="3.0"/>
          <y:Arrows source="none" target="none"/>
          <y:BendStyle smoothed="false"/>
        </y:PolyLineEdge>
      </data>
    </edge>
    <edge id="e3" source="n2" target="n54">
      <data key="d35"><![CDATA[34 Mbps]]></data>
      <data key="d38">
        <y:PolyLineEdge>
          <y:Path sx="0.0" sy="0.0" tx="-7.050353801944766" ty="8.395194574239895"/>
          <y:LineStyle color="#FF6600" type="line" width="3.0"/>
          <y:Arrows source="none" target="none"/>
          <y:BendStyle smoothed="false"/>
        </y:PolyLineEdge>
      </data>
    </edge>
    <edge id="e4" source="n2" target="n6">
      <data key="d35"><![CDATA[2.5 Gbps]]></data>
      <data key="d38">
        <y:PolyLineEdge>
          <y:Path sx="0.0" sy="0.0" tx="0.0" ty="0.0">
            <y:Point x="321.044769287" y="570.529724121"/>
          </y:Path>
          <y:LineStyle color="#0000FF" type="line" width="3.0"/>
          <y:Arrows source="none" target="none"/>
          <y:BendStyle smoothed="false"/>
        </y:PolyLineEdge>
      </data>
    </edge>
    <edge id="e5" source="n2" target="n45">
      <data key="d35"><![CDATA[10 Gbps]]></data>
      <data key="d38">
        <y:PolyLineEdge>
          <y:Path sx="0.0" sy="0.0" tx="0.0" ty="0.0">
            <y:Point x="331.384979248" y="543.717163086"/>
          </y:Path>
          <y:LineStyle color="#FF00FF" type="line" width="3.0"/>
          <y:Arrows source="none" target="none"/>
          <y:BendStyle smoothed="false"/>
        </y:PolyLineEdge>
      </data>
    </edge>
    <edge id="e6" source="n2" target="n16">
      <data key="d35"><![CDATA[2.5 Gbps]]></data>
      <data key="d38">
        <y:PolyLineEdge>
          <y:Path sx="0.0" sy="0.0" tx="0.0" ty="0.0">
            <y:Point x="344.655487061" y="723.999267578"/>
            <y:Point x="257.3749809655432" y="777.6657990334841"/>
          </y:Path>
          <y:LineStyle color="#0000FF" type="line" width="3.0"/>
          <y:Arrows source="none" target="none"/>
          <y:BendStyle smoothed="false"/>
        </y:PolyLineEdge>
      </data>
    </edge>
    <edge id="e7" source="n2" target="n17">
      <data key="d35"><![CDATA[Peering, 13 Gbps]]></data>
      <data key="d38">
        <y:PolyLineEdge>
          <y:Path sx="0.0" sy="0.0" tx="0.0" ty="0.0">
            <y:Point x="374.681091309" y="788.265014648"/>
          </y:Path>
          <y:LineStyle color="#808080" type="line" width="3.0"/>
          <y:Arrows source="none" target="none"/>
          <y:BendStyle smoothed="false"/>
        </y:PolyLineEdge>
      </data>
    </edge>
    <edge id="e8" source="n2" target="n18">
      <data key="d35"><![CDATA[Fibre ottica spenta (Dark Fibre)]]></data>
      <data key="d38">
        <y:PolyLineEdge>
          <y:Path sx="0.0" sy="0.0" tx="0.0" ty="0.0">
            <y:Point x="407.482940674" y="677.995239258"/>
          </y:Path>
          <y:LineStyle color="#FFFF00" type="line" width="3.0"/>
          <y:Arrows source="none" target="none"/>
          <y:BendStyle smoothed="false"/>
        </y:PolyLineEdge>
      </data>
    </edge>
    <edge id="e9" source="n2" target="n18">
      <data key="d35"><![CDATA[Fibre ottica spenta (Dark Fibre)]]></data>
      <data key="d38">
        <y:PolyLineEdge>
          <y:Path sx="0.0" sy="0.0" tx="0.0" ty="0.0">
            <y:Point x="389.978820801" y="678.468322754"/>
          </y:Path>
          <y:LineStyle color="#FFFF00" type="line" width="3.0"/>
          <y:Arrows source="none" target="none"/>
          <y:EdgeLabel alignment="center" distance="2.0" fontFamily="Dialog" fontSize="12" fontStyle="plain" hasBackgroundColor="false" hasLineColor="false" hasText="false" height="4.0" modelName="six_pos" modelPosition="tail" preferredPlacement="anywhere" ratio="0.5" textColor="#000000" visible="true" width="4.0" x="4.558522333873384" y="-9.763985439986982"/>
          <y:BendStyle smoothed="false"/>
        </y:PolyLineEdge>
      </data>
    </edge>
    <edge id="e10" source="n2" target="n22">
      <data key="d35"><![CDATA[2.5 Gbps]]></data>
      <data key="d38">
        <y:PolyLineEdge>
          <y:Path sx="0.0" sy="0.0" tx="0.0" ty="0.0"/>
          <y:LineStyle color="#0000FF" type="line" width="3.0"/>
          <y:Arrows source="none" target="none"/>
          <y:BendStyle smoothed="false"/>
        </y:PolyLineEdge>
      </data>
    </edge>
    <edge id="e11" source="n2" target="n30">
      <data key="d35"><![CDATA[2.5 Gbps]]></data>
      <data key="d38">
        <y:PolyLineEdge>
          <y:Path sx="0.0" sy="0.0" tx="0.0" ty="0.0">
            <y:Point x="468.84777832" y="757.998718262"/>
          </y:Path>
          <y:LineStyle color="#0000FF" type="line" width="3.0"/>
          <y:Arrows source="none" target="none"/>
          <y:BendStyle smoothed="false"/>
        </y:PolyLineEdge>
      </data>
    </edge>
    <edge id="e12" source="n3" target="n43">
      <data key="d35"><![CDATA[Fibre ottica spenta (Dark Fibre)]]></data>
      <data key="d38">
        <y:PolyLineEdge>
          <y:Path sx="0.0" sy="0.0" tx="0.0" ty="0.0">
            <y:Point x="311.971069336" y="320.206481934"/>
          </y:Path>
          <y:LineStyle color="#FFFF00" type="line" width="3.0"/>
          <y:Arrows source="none" target="none"/>
          <y:BendStyle smoothed="false"/>
        </y:PolyLineEdge>
      </data>
    </edge>
    <edge id="e13" source="n3" target="n44">
      <data key="d35"><![CDATA[Fibre ottica spenta (Dark Fibre)]]></data>
      <data key="d38">
        <y:PolyLineEdge>
          <y:Path sx="0.0" sy="0.0" tx="0.0" ty="0.0">
            <y:Point x="269.282928467" y="297.917999268"/>
          </y:Path>
          <y:LineStyle color="#FFFF00" type="line" width="3.0"/>
          <y:Arrows source="none" target="none"/>
          <y:BendStyle smoothed="false"/>
        </y:PolyLineEdge>
      </data>
    </edge>
    <edge id="e14" source="n3" target="n45">
      <data key="d35"><![CDATA[2.5 Gbps]]></data>
      <data key="d38">
        <y:PolyLineEdge>
          <y:Path sx="0.0" sy="0.0" tx="0.0" ty="0.0"/>
          <y:LineStyle color="#0000FF" type="line" width="3.0"/>
          <y:Arrows source="none" target="none"/>
          <y:BendStyle smoothed="false"/>
        </y:PolyLineEdge>
      </data>
    </edge>
    <edge id="e15" source="n3" target="n39">
      <data key="d35"><![CDATA[2.5 Gbps]]></data>
      <data key="d38">
        <y:PolyLineEdge>
          <y:Path sx="0.0" sy="0.0" tx="0.0" ty="0.0">
            <y:Point x="379.6728663158619" y="289.65587971289165"/>
            <y:Point x="463.814300537" y="314.147491455"/>
          </y:Path>
          <y:LineStyle color="#0000FF" type="line" width="3.0"/>
          <y:Arrows source="none" target="none"/>
          <y:BendStyle smoothed="false"/>
        </y:PolyLineEdge>
      </data>
    </edge>
    <edge id="e16" source="n4" target="n50">
      <data key="d35"><![CDATA[1 Gbps]]></data>
      <data key="d38">
        <y:PolyLineEdge>
          <y:Path sx="0.0" sy="0.0" tx="0.0" ty="0.0">
            <y:Point x="380.937072754" y="422.177154541"/>
          </y:Path>
          <y:LineStyle color="#800080" type="line" width="3.0"/>
          <y:Arrows source="none" target="none"/>
          <y:EdgeLabel alignment="center" distance="2.0" fontFamily="Dialog" fontSize="12" fontStyle="plain" hasBackgroundColor="false" hasLineColor="false" height="18.1328125" modelName="six_pos" modelPosition="tail" preferredPlacement="anywhere" ratio="0.5" textColor="#000000" visible="false" width="45.279296875" x="-25.05305087935068" y="4.0373353628023665">1 Gbps</y:EdgeLabel>
          <y:BendStyle smoothed="false"/>
        </y:PolyLineEdge>
      </data>
    </edge>
    <edge id="e17" source="n4" target="n50">
      <data key="d35"><![CDATA[1 Gbps]]></data>
      <data key="d38">
        <y:PolyLineEdge>
          <y:Path sx="0.0" sy="0.0" tx="0.0" ty="0.0">
            <y:Point x="404.525024414" y="447.137634277"/>
          </y:Path>
          <y:LineStyle color="#800080" type="line" width="3.0"/>
          <y:Arrows source="none" target="none"/>
          <y:EdgeLabel alignment="center" distance="2.0" fontFamily="Dialog" fontSize="12" fontStyle="plain" hasBackgroundColor="false" hasLineColor="false" height="18.1328125" modelName="six_pos" modelPosition="tail" preferredPlacement="anywhere" ratio="0.5" textColor="#000000" visible="false" width="45.279296875" x="0.9803809170791169" y="3.4331836992773788">1 Gbps</y:EdgeLabel>
          <y:BendStyle smoothed="false"/>
        </y:PolyLineEdge>
      </data>
    </edge>
    <edge id="e18" source="n6" target="n49">
      <data key="d35"><![CDATA[2.5 Gbps]]></data>
      <data key="d38">
        <y:PolyLineEdge>
          <y:Path sx="0.0" sy="0.0" tx="0.0" ty="0.0"/>
          <y:LineStyle color="#0000FF" type="line" width="3.0"/>
          <y:Arrows source="none" target="none"/>
          <y:BendStyle smoothed="false"/>
        </y:PolyLineEdge>
      </data>
    </edge>
    <edge id="e19" source="n6" target="n46">
      <data key="d35"><![CDATA[2.5 Gbps]]></data>
      <data key="d38">
        <y:PolyLineEdge>
          <y:Path sx="0.0" sy="0.0" tx="0.0" ty="0.0">
            <y:Point x="213.53680177233753" y="488.8773625154395"/>
            <y:Point x="166.508361816" y="438.434204102"/>
          </y:Path>
          <y:LineStyle color="#0000FF" type="line" width="3.0"/>
          <y:Arrows source="none" target="none"/>
          <y:BendStyle smoothed="false"/>
        </y:PolyLineEdge>
      </data>
    </edge>
    <edge id="e20" source="n6" target="n47">
      <data key="d35"><![CDATA[1 Gbps]]></data>
      <data key="d38">
        <y:PolyLineEdge>
          <y:Path sx="0.0" sy="0.0" tx="0.0" ty="0.0">
            <y:Point x="280.474395752" y="512.728149414"/>
          </y:Path>
          <y:LineStyle color="#800080" type="line" width="3.0"/>
          <y:Arrows source="none" target="none"/>
          <y:EdgeLabel alignment="center" distance="2.0" fontFamily="Dialog" fontSize="12" fontStyle="plain" hasBackgroundColor="false" hasLineColor="false" height="18.1328125" modelName="six_pos" modelPosition="tail" preferredPlacement="anywhere" ratio="0.5" textColor="#000000" visible="false" width="45.279296875" x="-27.510927583172588" y="-44.780335175934965">1 Gbps</y:EdgeLabel>
          <y:BendStyle smoothed="false"/>
        </y:PolyLineEdge>
      </data>
    </edge>
    <edge id="e21" source="n7" target="n20">
      <data key="d35"><![CDATA[622 Mbps]]></data>
      <data key="d38">
        <y:PolyLineEdge>
          <y:Path sx="0.0" sy="0.0" tx="0.0" ty="0.0"/>
          <y:LineStyle color="#339966" type="line" width="3.0"/>
          <y:Arrows source="none" target="none"/>
          <y:BendStyle smoothed="false"/>
        </y:PolyLineEdge>
      </data>
    </edge>
    <edge id="e22" source="n8" target="n45">
      <data key="d35"><![CDATA[Peering, 2 Gbps]]></data>
      <data key="d38">
        <y:PolyLineEdge>
          <y:Path sx="0.0" sy="0.0" tx="0.0" ty="0.0"/>
          <y:LineStyle color="#808080" type="line" width="3.0"/>
          <y:Arrows source="none" target="none"/>
          <y:BendStyle smoothed="false"/>
        </y:PolyLineEdge>
      </data>
    </edge>
    <edge id="e23" source="n9" target="n43">
      <data key="d35"><![CDATA[Fibre ottica spenta (Dark Fibre), 20 Gbps]]></data>
      <data key="d38">
        <y:PolyLineEdge>
          <y:Path sx="0.0" sy="0.0" tx="0.0" ty="0.0">
            <y:Point x="320.161437988" y="274.551300049"/>
          </y:Path>
          <y:LineStyle color="#FFFF00" type="line" width="3.0"/>
          <y:Arrows source="none" target="none"/>
          <y:BendStyle smoothed="false"/>
        </y:PolyLineEdge>
      </data>
    </edge>
    <edge id="e24" source="n10" target="n43">
      <data key="d35"><![CDATA[Peering, 5 Gbps]]></data>
      <data key="d38">
        <y:PolyLineEdge>
          <y:Path sx="0.0" sy="0.0" tx="0.0" ty="0.0">
            <y:Point x="384.509033203" y="284.737335205"/>
          </y:Path>
          <y:LineStyle color="#808080" type="line" width="3.0"/>
          <y:Arrows source="none" target="none"/>
          <y:BendStyle smoothed="false"/>
        </y:PolyLineEdge>
      </data>
    </edge>
    <edge id="e25" source="n11" target="n45">
      <data key="d35"><![CDATA[Fibre ottica spenta (Dark Fibre), 2.5 Gbps]]></data>
      <data key="d38">
        <y:PolyLineEdge>
          <y:Path sx="0.0" sy="0.0" tx="0.0" ty="0.0">
            <y:Point x="278.175262451" y="295.248718262"/>
          </y:Path>
          <y:LineStyle color="#FFFF00" type="line" width="3.0"/>
          <y:Arrows source="none" target="none"/>
          <y:EdgeLabel alignment="center" distance="2.0" fontFamily="Dialog" fontSize="12" fontStyle="plain" hasBackgroundColor="false" hasLineColor="false" hasText="false" height="4.0" modelName="six_pos" modelPosition="tail" preferredPlacement="anywhere" ratio="0.5" textColor="#000000" visible="true" width="4.0" x="-3.8396136847840694" y="65.18087768557032"/>
          <y:BendStyle smoothed="false"/>
        </y:PolyLineEdge>
      </data>
    </edge>
    <edge id="e26" source="n12" target="n43">
      <data key="d35"><![CDATA[Fibre ottica spenta (Dark Fibre), 10 Gbps]]></data>
      <data key="d38">
        <y:PolyLineEdge>
          <y:Path sx="0.0" sy="0.0" tx="0.0" ty="0.0">
            <y:Point x="327.459686279" y="339.850585938"/>
          </y:Path>
          <y:LineStyle color="#FFFF00" type="line" width="3.0"/>
          <y:Arrows source="none" target="none"/>
          <y:BendStyle smoothed="false"/>
        </y:PolyLineEdge>
      </data>
    </edge>
    <edge id="e27" source="n13" target="n16">
      <data key="d35"><![CDATA[Fibre ottica spenta (Dark Fibre)]]></data>
      <data key="d38">
        <y:PolyLineEdge>
          <y:Path sx="0.0" sy="0.0" tx="0.0" ty="0.0"/>
          <y:LineStyle color="#FFFF00" type="line" width="3.0"/>
          <y:Arrows source="none" target="none"/>
          <y:BendStyle smoothed="false"/>
        </y:PolyLineEdge>
      </data>
    </edge>
    <edge id="e28" source="n14" target="n21">
      <data key="d35"><![CDATA[34 Mbps]]></data>
      <data key="d38">
        <y:PolyLineEdge>
          <y:Path sx="0.0" sy="0.0" tx="0.0" ty="0.0">
            <y:Point x="501.612213135" y="646.223022461"/>
          </y:Path>
          <y:LineStyle color="#FF6600" type="line" width="3.0"/>
          <y:Arrows source="none" target="none"/>
          <y:BendStyle smoothed="false"/>
        </y:PolyLineEdge>
      </data>
    </edge>
    <edge id="e29" source="n16" target="n18">
      <data key="d35"><![CDATA[2.5 Gbps]]></data>
      <data key="d38">
        <y:PolyLineEdge>
          <y:Path sx="0.0" sy="0.0" tx="0.0" ty="0.0">
            <y:Point x="266.267944336" y="925.634643555"/>
            <y:Point x="383.2177325578999" y="849.153934914588"/>
          </y:Path>
          <y:LineStyle color="#0000FF" type="line" width="3.0"/>
          <y:Arrows source="none" target="none"/>
          <y:BendStyle smoothed="false"/>
        </y:PolyLineEdge>
      </data>
    </edge>
    <edge id="e30" source="n18" target="n33">
      <data key="d35"><![CDATA[2.5 Gbps]]></data>
      <data key="d38">
        <y:PolyLineEdge>
          <y:Path sx="0.0" sy="0.0" tx="0.0" ty="0.0">
            <y:Point x="479.425811768" y="1026.26086426"/>
          </y:Path>
          <y:LineStyle color="#0000FF" type="line" width="3.0"/>
          <y:Arrows source="none" target="none"/>
          <y:BendStyle smoothed="false"/>
        </y:PolyLineEdge>
      </data>
    </edge>
    <edge id="e31" source="n18" target="n21">
      <data key="d35"><![CDATA[622 Mbps]]></data>
      <data key="d38">
        <y:PolyLineEdge>
          <y:Path sx="0.0" sy="0.0" tx="0.0" ty="0.0"/>
          <y:LineStyle color="#339966" type="line" width="3.0"/>
          <y:Arrows source="none" target="none"/>
          <y:BendStyle smoothed="false"/>
        </y:PolyLineEdge>
      </data>
    </edge>
    <edge id="e32" source="n18" target="n22">
      <data key="d35"><![CDATA[2.5 Gbps]]></data>
      <data key="d38">
        <y:PolyLineEdge>
          <y:Path sx="0.0" sy="0.0" tx="0.0" ty="0.0"/>
          <y:LineStyle color="#0000FF" type="line" width="3.0"/>
          <y:Arrows source="none" target="none"/>
          <y:BendStyle smoothed="false"/>
        </y:PolyLineEdge>
      </data>
    </edge>
    <edge id="e33" source="n20" target="n50">
      <data key="d35"><![CDATA[1 Gbps]]></data>
      <data key="d38">
        <y:PolyLineEdge>
          <y:Path sx="0.0" sy="0.0" tx="0.0" ty="0.0">
            <y:Point x="472.242218018" y="517.266967773"/>
          </y:Path>
          <y:LineStyle color="#800080" type="line" width="3.0"/>
          <y:Arrows source="none" target="none"/>
          <y:EdgeLabel alignment="center" distance="2.0" fontFamily="Dialog" fontSize="12" fontStyle="plain" hasBackgroundColor="false" hasLineColor="false" height="18.1328125" modelName="six_pos" modelPosition="tail" preferredPlacement="anywhere" ratio="0.5" textColor="#000000" visible="false" width="45.279296875" x="-28.256928923208704" y="-67.69216692655186">1 Gbps</y:EdgeLabel>
          <y:BendStyle smoothed="false"/>
        </y:PolyLineEdge>
      </data>
    </edge>
    <edge id="e34" source="n24" target="n25">
      <data key="d35"><![CDATA[155 Mbps]]></data>
      <data key="d38">
        <y:PolyLineEdge>
          <y:Path sx="0.0" sy="0.0" tx="0.0" ty="0.0">
            <y:Point x="649.3807396422059" y="767.8772783777366"/>
          </y:Path>
          <y:LineStyle color="#FF0000" type="line" width="3.0"/>
          <y:Arrows source="none" target="none"/>
          <y:BendStyle smoothed="false"/>
        </y:PolyLineEdge>
      </data>
    </edge>
    <edge id="e35" source="n25" target="n50">
      <data key="d35"><![CDATA[2.5 Gbps]]></data>
      <data key="d38">
        <y:PolyLineEdge>
          <y:Path sx="0.0" sy="0.0" tx="0.0" ty="0.0">
            <y:Point x="674.214111328" y="737.029785156"/>
          </y:Path>
          <y:LineStyle color="#0000FF" type="line" width="3.0"/>
          <y:Arrows source="none" target="none"/>
          <y:BendStyle smoothed="false"/>
        </y:PolyLineEdge>
      </data>
    </edge>
    <edge id="e36" source="n25" target="n30">
      <data key="d35"><![CDATA[2.5 Gbps]]></data>
      <data key="d38">
        <y:PolyLineEdge>
          <y:Path sx="0.0" sy="0.0" tx="0.0" ty="0.0">
            <y:Point x="632.895385742" y="776.87286377"/>
          </y:Path>
          <y:LineStyle color="#0000FF" type="line" width="3.0"/>
          <y:Arrows source="none" target="none"/>
          <y:BendStyle smoothed="false"/>
        </y:PolyLineEdge>
      </data>
    </edge>
    <edge id="e37" source="n29" target="n30">
      <data key="d35"><![CDATA[1 Gbps]]></data>
      <data key="d38">
        <y:PolyLineEdge>
          <y:Path sx="0.0" sy="0.0" tx="0.0" ty="0.0">
            <y:Point x="529.862426758" y="786.46472168"/>
          </y:Path>
          <y:LineStyle color="#800080" type="line" width="3.0"/>
          <y:Arrows source="none" target="none"/>
          <y:BendStyle smoothed="false"/>
        </y:PolyLineEdge>
      </data>
    </edge>
    <edge id="e38" source="n29" target="n30">
      <data key="d35"><![CDATA[1 Gbps]]></data>
      <data key="d38">
        <y:PolyLineEdge>
          <y:Path sx="0.0" sy="0.0" tx="0.0" ty="0.0">
            <y:Point x="510.577606201" y="808.544494629"/>
          </y:Path>
          <y:LineStyle color="#800080" type="line" width="3.0"/>
          <y:Arrows source="none" target="none"/>
          <y:BendStyle smoothed="false"/>
        </y:PolyLineEdge>
      </data>
    </edge>
    <edge id="e39" source="n30" target="n33">
      <data key="d35"><![CDATA[2.5 Gbps]]></data>
      <data key="d38">
        <y:PolyLineEdge>
          <y:Path sx="0.0" sy="0.0" tx="0.0" ty="0.0">
            <y:Point x="505.250030518" y="796.05657959"/>
          </y:Path>
          <y:LineStyle color="#0000FF" type="line" width="3.0"/>
          <y:Arrows source="none" target="none"/>
          <y:BendStyle smoothed="false"/>
        </y:PolyLineEdge>
      </data>
    </edge>
    <edge id="e40" source="n32" target="n52">
      <data key="d35"><![CDATA[100 Mbps]]></data>
      <data key="d38">
        <y:PolyLineEdge>
          <y:Path sx="0.0" sy="0.0" tx="0.0" ty="0.0">
            <y:Point x="652.4930804522994" y="922.6813375438536"/>
          </y:Path>
          <y:LineStyle color="#00CCFF" type="line" width="3.0"/>
          <y:Arrows source="none" target="none"/>
          <y:BendStyle smoothed="false"/>
        </y:PolyLineEdge>
      </data>
    </edge>
    <edge id="e41" source="n33" target="n34">
      <data key="d35"><![CDATA[622 Mbps]]></data>
      <data key="d38">
        <y:PolyLineEdge>
          <y:Path sx="0.0" sy="0.0" tx="0.0" ty="0.0">
            <y:Point x="452.389801025" y="1044.70678711"/>
          </y:Path>
          <y:LineStyle color="#339966" type="line" width="3.0"/>
          <y:Arrows source="none" target="none"/>
          <y:BendStyle smoothed="false"/>
        </y:PolyLineEdge>
      </data>
    </edge>
    <edge id="e42" source="n33" target="n35">
      <data key="d35"><![CDATA[1 Gbps]]></data>
      <data key="d38">
        <y:PolyLineEdge>
          <y:Path sx="0.0" sy="0.0" tx="0.0" ty="0.0">
            <y:Point x="712.487915039" y="1139.46655273"/>
          </y:Path>
          <y:LineStyle color="#800080" type="line" width="3.0"/>
          <y:Arrows source="none" target="none"/>
          <y:EdgeLabel alignment="center" distance="2.0" fontFamily="Dialog" fontSize="12" fontStyle="plain" hasBackgroundColor="false" hasLineColor="false" height="18.1328125" modelName="six_pos" modelPosition="tail" preferredPlacement="anywhere" ratio="0.5" textColor="#000000" visible="false" width="45.279296875" x="68.8745388494018" y="40.583663016626815">1 Gbps</y:EdgeLabel>
          <y:BendStyle smoothed="false"/>
        </y:PolyLineEdge>
      </data>
    </edge>
    <edge id="e43" source="n36" target="n45">
      <data key="d35"><![CDATA[Peering, 4Gbps]]></data>
      <data key="d38">
        <y:PolyLineEdge>
          <y:Path sx="0.0" sy="0.0" tx="0.0" ty="0.0">
            <y:Point x="195.623443604" y="289.164337158"/>
          </y:Path>
          <y:LineStyle color="#808080" type="line" width="3.0"/>
          <y:Arrows source="none" target="none"/>
          <y:BendStyle smoothed="false"/>
        </y:PolyLineEdge>
      </data>
    </edge>
    <edge id="e44" source="n37" target="n45">
      <data key="d35"><![CDATA[Peering, 5 Gbps]]></data>
      <data key="d38">
        <y:PolyLineEdge>
          <y:Path sx="0.0" sy="0.0" tx="0.0" ty="0.0"/>
          <y:LineStyle color="#808080" type="line" width="3.0"/>
          <y:Arrows source="none" target="none"/>
          <y:BendStyle smoothed="false"/>
        </y:PolyLineEdge>
      </data>
    </edge>
    <edge id="e45" source="n38" target="n40">
      <data key="d35"><![CDATA[Peering, 1 Gbps]]></data>
      <data key="d38">
        <y:PolyLineEdge>
          <y:Path sx="0.0" sy="0.0" tx="0.0" ty="0.0">
            <y:Point x="455.341156006" y="413.120513916"/>
          </y:Path>
          <y:LineStyle color="#808080" type="line" width="3.0"/>
          <y:Arrows source="none" target="none"/>
          <y:BendStyle smoothed="false"/>
        </y:PolyLineEdge>
      </data>
    </edge>
    <edge id="e46" source="n39" target="n40">
      <data key="d35"><![CDATA[155 Mbps]]></data>
      <data key="d38">
        <y:PolyLineEdge>
          <y:Path sx="0.0" sy="0.0" tx="0.0" ty="0.0">
            <y:Point x="476.738342285" y="359.996429443"/>
          </y:Path>
          <y:LineStyle color="#FF0000" type="line" width="3.0"/>
          <y:Arrows source="none" target="none"/>
          <y:BendStyle smoothed="false"/>
        </y:PolyLineEdge>
      </data>
    </edge>
    <edge id="e47" source="n40" target="n43">
      <data key="d35"><![CDATA[2.5 Gbps]]></data>
      <data key="d38">
        <y:PolyLineEdge>
          <y:Path sx="0.0" sy="0.0" tx="0.0" ty="0.0">
            <y:Point x="385.615661621" y="348.524658203"/>
          </y:Path>
          <y:LineStyle color="#0000FF" type="line" width="3.0"/>
          <y:Arrows source="none" target="none"/>
          <y:BendStyle smoothed="false"/>
        </y:PolyLineEdge>
      </data>
    </edge>
    <edge id="e48" source="n40" target="n50">
      <data key="d35"><![CDATA[2.5 Gbps]]></data>
      <data key="d38">
        <y:PolyLineEdge>
          <y:Path sx="0.0" sy="0.0" tx="0.0" ty="0.0"/>
          <y:LineStyle color="#0000FF" type="line" width="3.0"/>
          <y:Arrows source="none" target="none"/>
          <y:BendStyle smoothed="false"/>
        </y:PolyLineEdge>
      </data>
    </edge>
    <edge id="e49" source="n40" target="n55">
      <data key="d35"><![CDATA[1 Gbps]]></data>
      <data key="d38">
        <y:PolyLineEdge>
          <y:Path sx="0.0" sy="0.0" tx="0.0" ty="0.0"/>
          <y:LineStyle color="#800080" type="line" width="3.0"/>
          <y:Arrows source="none" target="none"/>
          <y:EdgeLabel alignment="center" distance="2.0" fontFamily="Dialog" fontSize="12" fontStyle="plain" hasBackgroundColor="false" hasLineColor="false" height="18.1328125" modelName="six_pos" modelPosition="tail" preferredPlacement="anywhere" ratio="0.5" textColor="#000000" visible="false" width="45.279296875" x="-32.83316116628623" y="2.259203616860759">1 Gbps</y:EdgeLabel>
          <y:BendStyle smoothed="false"/>
        </y:PolyLineEdge>
      </data>
    </edge>
    <edge id="e50" source="n43" target="n45">
      <data key="d35"><![CDATA[10 Gbps]]></data>
      <data key="d38">
        <y:PolyLineEdge>
          <y:Path sx="0.0" sy="0.0" tx="0.0" ty="0.0">
            <y:Point x="268.417785645" y="332.866333008"/>
          </y:Path>
          <y:LineStyle color="#FF00FF" type="line" width="3.0"/>
          <y:Arrows source="none" target="none"/>
          <y:BendStyle smoothed="false"/>
        </y:PolyLineEdge>
      </data>
    </edge>
    <edge id="e51" source="n43" target="n50">
      <data key="d35"><![CDATA[10 Gbps]]></data>
      <data key="d38">
        <y:PolyLineEdge>
          <y:Path sx="0.0" sy="0.0" tx="0.0" ty="0.0">
            <y:Point x="360.131958008" y="410.973571777"/>
          </y:Path>
          <y:LineStyle color="#FF00FF" type="line" width="3.0"/>
          <y:Arrows source="none" target="none"/>
          <y:BendStyle smoothed="false"/>
        </y:PolyLineEdge>
      </data>
    </edge>
    <edge id="e52" source="n43" target="n50">
      <data key="d35"><![CDATA[10 Gbps]]></data>
      <data key="d38">
        <y:PolyLineEdge>
          <y:Path sx="0.0" sy="0.0" tx="0.0" ty="0.0">
            <y:Point x="352.742736816" y="410.943695068"/>
          </y:Path>
          <y:LineStyle color="#FF00FF" type="line" width="3.0"/>
          <y:Arrows source="none" target="none"/>
          <y:BendStyle smoothed="false"/>
        </y:PolyLineEdge>
      </data>
    </edge>
    <edge id="e53" source="n43" target="n51">
      <data key="d35"><![CDATA[Fibre ottica spenta (Dark Fibre)]]></data>
      <data key="d38">
        <y:PolyLineEdge>
          <y:Path sx="0.0" sy="0.0" tx="0.0" ty="0.0">
            <y:Point x="297.993530273" y="375.361083984"/>
          </y:Path>
          <y:LineStyle color="#FFFF00" type="line" width="3.0"/>
          <y:Arrows source="none" target="none"/>
          <y:BendStyle smoothed="false"/>
        </y:PolyLineEdge>
      </data>
    </edge>
    <edge id="e54" source="n44" target="n45">
      <data key="d35"><![CDATA[Fibre ottica spenta (Dark Fibre)]]></data>
      <data key="d38">
        <y:PolyLineEdge>
          <y:Path sx="0.0" sy="0.0" tx="0.0" ty="0.0"/>
          <y:LineStyle color="#FFFF00" type="line" width="3.0"/>
          <y:Arrows source="none" target="none"/>
          <y:BendStyle smoothed="false"/>
        </y:PolyLineEdge>
      </data>
    </edge>
    <edge id="e55" source="n45" target="n46">
      <data key="d35"><![CDATA[2.5 Gbps]]></data>
      <data key="d38">
        <y:PolyLineEdge>
          <y:Path sx="0.0" sy="0.0" tx="0.0" ty="0.0">
            <y:Point x="210.542312622" y="345.514282227"/>
          </y:Path>
          <y:LineStyle color="#0000FF" type="line" width="3.0"/>
          <y:Arrows source="none" target="none"/>
          <y:BendStyle smoothed="false"/>
        </y:PolyLineEdge>
      </data>
    </edge>
    <edge id="e56" source="n45" target="n51">
      <data key="d35"><![CDATA[Fibre ottica spenta (Dark Fibre)]]></data>
      <data key="d38">
        <y:PolyLineEdge>
          <y:Path sx="0.0" sy="0.0" tx="0.0" ty="0.0">
            <y:Point x="254.172073364" y="366.672363281"/>
          </y:Path>
          <y:LineStyle color="#FFFF00" type="line" width="3.0"/>
          <y:Arrows source="none" target="none"/>
          <y:BendStyle smoothed="false"/>
        </y:PolyLineEdge>
      </data>
    </edge>
    <edge id="e57" source="n48" target="n49">
      <data key="d35"><![CDATA[34 Mbps]]></data>
      <data key="d38">
        <y:PolyLineEdge>
          <y:Path sx="0.0" sy="0.0" tx="0.0" ty="0.0">
            <y:Point x="376.569946289" y="517.025268555"/>
          </y:Path>
          <y:LineStyle color="#FF6600" type="line" width="3.0"/>
          <y:Arrows source="none" target="none"/>
          <y:BendStyle smoothed="false"/>
        </y:PolyLineEdge>
      </data>
    </edge>
    <edge id="e58" source="n49" target="n50">
      <data key="d35"><![CDATA[2.5 Gbps]]></data>
      <data key="d38">
        <y:PolyLineEdge>
          <y:Path sx="0.0" sy="0.0" tx="0.0" ty="0.0">
            <y:Point x="364.082702637" y="490.188873291"/>
          </y:Path>
          <y:LineStyle color="#0000FF" type="line" width="3.0"/>
          <y:Arrows source="none" target="none"/>
          <y:BendStyle smoothed="false"/>
        </y:PolyLineEdge>
      </data>
    </edge>
    <edge id="e59" source="n49" target="n53">
      <data key="d35"><![CDATA[Peering, 1 Gbps]]></data>
      <data key="d38">
        <y:PolyLineEdge>
          <y:Path sx="0.0" sy="0.0" tx="0.0" ty="0.0">
            <y:Point x="291.571411133" y="582.379699707"/>
          </y:Path>
          <y:LineStyle color="#808080" type="line" width="3.0"/>
          <y:Arrows source="none" target="none"/>
          <y:BendStyle smoothed="false"/>
        </y:PolyLineEdge>
      </data>
    </edge>
    <edge id="e60" source="n50" target="n43">
      <data key="d35"/>
      <data key="d38">
        <y:PolyLineEdge>
          <y:Path sx="0.0" sy="0.0" tx="0.0" ty="0.0">
            <y:Point x="349.35885180467096" y="421.8276823779195"/>
          </y:Path>
          <y:LineStyle color="#FF00FF" type="line" width="3.0"/>
          <y:Arrows source="none" target="none"/>
          <y:BendStyle smoothed="false"/>
        </y:PolyLineEdge>
      </data>
    </edge>
    <edge id="e61" source="n34" target="n56">
      <data key="d35"/>
      <data key="d37"><![CDATA[Fibre ottica spenta (Dark Fibre)]]></data>
      <data key="d38">
        <y:PolyLineEdge>
          <y:Path sx="0.0" sy="0.0" tx="0.0" ty="0.0"/>
          <y:LineStyle color="#FFFF00" type="line" width="3.0"/>
          <y:Arrows source="none" target="none"/>
          <y:BendStyle smoothed="false"/>
        </y:PolyLineEdge>
      </data>
    </edge>
    <edge id="e62" source="n45" target="n47">
      <data key="d35"><![CDATA[1 Gbps]]></data>
      <data key="d38">
        <y:PolyLineEdge>
          <y:Path sx="0.0" sy="0.0" tx="0.0" ty="0.0">
            <y:Point x="208.98214861995777" y="342.8953273885356"/>
            <y:Point x="188.18560000000022" y="367.94571549893897"/>
          </y:Path>
          <y:LineStyle color="#800080" type="line" width="3.0"/>
          <y:Arrows source="none" target="none"/>
          <y:EdgeLabel alignment="center" distance="2.0" fontFamily="Dialog" fontSize="12" fontStyle="plain" hasBackgroundColor="false" hasLineColor="false" height="18.1328125" modelName="six_pos" modelPosition="tail" preferredPlacement="anywhere" ratio="0.5" textColor="#000000" visible="false" width="45.279296875" x="-38.642051484872496" y="36.82250040295338">1 Gbps</y:EdgeLabel>
          <y:BendStyle smoothed="false"/>
        </y:PolyLineEdge>
      </data>
    </edge>
    <edge id="e63" source="n5" target="n45">
      <data key="d35"><![CDATA[1 Gbps]]></data>
      <data key="d38">
        <y:PolyLineEdge>
          <y:Path sx="0.0" sy="0.0" tx="0.0" ty="0.0">
            <y:Point x="241.59491804670935" y="365.1098225053084"/>
          </y:Path>
          <y:LineStyle color="#800080" type="line" width="3.0"/>
          <y:Arrows source="none" target="none"/>
          <y:EdgeLabel alignment="center" distance="2.0" fontFamily="Dialog" fontSize="12" fontStyle="plain" hasBackgroundColor="false" hasLineColor="false" height="18.1328125" modelName="six_pos" modelPosition="tail" preferredPlacement="anywhere" ratio="0.5" textColor="#000000" visible="false" width="45.279296875" x="-12.588594376881645" y="8.84650203513371">1 Gbps</y:EdgeLabel>
          <y:BendStyle smoothed="false"/>
        </y:PolyLineEdge>
      </data>
    </edge>
    <edge id="e64" source="n5" target="n45">
      <data key="d35"><![CDATA[1 Gbps]]></data>
      <data key="d38">
        <y:PolyLineEdge>
          <y:Path sx="0.0" sy="0.0" tx="0.0" ty="0.0">
            <y:Point x="245.84875753715522" y="372.6722038216566"/>
            <y:Point x="246.321406369427" y="372.6722038216566"/>
          </y:Path>
          <y:LineStyle color="#800080" type="line" width="3.0"/>
          <y:Arrows source="none" target="none"/>
          <y:EdgeLabel alignment="center" distance="2.0" fontFamily="Dialog" fontSize="12" fontStyle="plain" hasBackgroundColor="false" hasLineColor="false" height="18.1328125" modelName="six_pos" modelPosition="tail" preferredPlacement="anywhere" ratio="0.5" textColor="#000000" visible="false" width="45.279296875" x="19.207500955637784" y="-5.871058081559227">1 Gbps</y:EdgeLabel>
          <y:BendStyle smoothed="false"/>
        </y:PolyLineEdge>
      </data>
    </edge>
    <edge id="e65" source="n5" target="n57">
      <data key="d35"><![CDATA[1 Gbps]]></data>
      <data key="d38">
        <y:PolyLineEdge>
          <y:Path sx="0.0" sy="0.0" tx="0.0" ty="0.0">
            <y:Point x="203.78301146496838" y="382.1251804670918"/>
            <y:Point x="212.29069044586012" y="396.7772942675165"/>
          </y:Path>
          <y:LineStyle color="#800080" type="line" width="3.0"/>
          <y:Arrows source="none" target="none"/>
          <y:EdgeLabel alignment="center" distance="2.0" fontFamily="Dialog" fontSize="12" fontStyle="plain" hasBackgroundColor="false" hasLineColor="false" height="18.1328125" modelName="six_pos" modelPosition="tail" preferredPlacement="anywhere" ratio="0.5" textColor="#000000" visible="false" width="45.279296875" x="0.4153597140488614" y="2.3260743463015388">1 Gbps</y:EdgeLabel>
          <y:BendStyle smoothed="false"/>
        </y:PolyLineEdge>
      </data>
    </edge>
    <edge id="e66" source="n57" target="n5">
      <data key="d35"><![CDATA[1 Gbps]]></data>
      <data key="d38">
        <y:PolyLineEdge>
          <y:Path sx="0.0" sy="0.0" tx="0.0" ty="0.0">
            <y:Point x="213.23598811040364" y="384.4884246284506"/>
          </y:Path>
          <y:LineStyle color="#800080" type="line" width="3.0"/>
          <y:Arrows source="none" target="none"/>
          <y:EdgeLabel alignment="center" distance="2.0" fontFamily="Dialog" fontSize="12" fontStyle="plain" hasBackgroundColor="false" hasLineColor="false" height="18.1328125" modelName="six_pos" modelPosition="tail" preferredPlacement="anywhere" ratio="0.5" textColor="#000000" visible="false" width="45.279296875" x="-6.318339236733038" y="-13.788171492940933">1 Gbps</y:EdgeLabel>
          <y:BendStyle smoothed="false"/>
        </y:PolyLineEdge>
      </data>
    </edge>
    <edge id="e67" source="n40" target="n55">
      <data key="d35"><![CDATA[1 Gbps]]></data>
      <data key="d38">
        <y:PolyLineEdge>
          <y:Path sx="0.0" sy="0.0" tx="0.0" ty="0.0">
            <y:Point x="399.9322768577497" y="386.8516687898094"/>
          </y:Path>
          <y:LineStyle color="#800080" type="line" width="3.0"/>
          <y:Arrows source="none" target="none"/>
          <y:BendStyle smoothed="false"/>
        </y:PolyLineEdge>
      </data>
    </edge>
    <edge id="e68" source="n50" target="n58">
      <data key="d35"><![CDATA[Fibre ottica spenta (Dark Fibre)]]></data>
      <data key="d38">
        <y:PolyLineEdge>
          <y:Path sx="0.0" sy="0.0" tx="0.0" ty="0.0">
            <y:Point x="367.26583446872803" y="452.7197268466474"/>
          </y:Path>
          <y:LineStyle color="#FFFF00" type="line" width="3.0"/>
          <y:Arrows source="none" target="none"/>
          <y:BendStyle smoothed="false"/>
        </y:PolyLineEdge>
      </data>
    </edge>
    <edge id="e69" source="n42" target="n40">
      <data key="d35"><![CDATA[1 Gbps]]></data>
      <data key="d38">
        <y:PolyLineEdge>
          <y:Path sx="0.0" sy="0.0" tx="0.0" ty="0.0">
            <y:Point x="419.84801705896155" y="340.4656291821038"/>
          </y:Path>
          <y:LineStyle color="#800080" type="line" width="3.0"/>
          <y:Arrows source="none" target="none"/>
          <y:BendStyle smoothed="false"/>
        </y:PolyLineEdge>
      </data>
    </edge>
    <edge id="e70" source="n23" target="n30">
      <data key="d35"><![CDATA[2.5 Gbps]]></data>
      <data key="d38">
        <y:PolyLineEdge>
          <y:Path sx="0.0" sy="0.0" tx="0.0" ty="0.0">
            <y:Point x="508.4696731099171" y="748.1252470164986"/>
          </y:Path>
          <y:LineStyle color="#0000FF" type="line" width="3.0"/>
          <y:Arrows source="none" target="none"/>
          <y:BendStyle smoothed="false"/>
        </y:PolyLineEdge>
      </data>
    </edge>
    <edge id="e71" source="n30" target="n23">
      <data key="d35"><![CDATA[2.5 Gbps]]></data>
      <data key="d38">
        <y:PolyLineEdge>
          <y:Path sx="0.0" sy="0.0" tx="0.0" ty="0.0">
            <y:Point x="552.1896900950551" y="743.9895697341208"/>
          </y:Path>
          <y:LineStyle color="#0000FF" type="line" width="3.0"/>
          <y:Arrows source="none" target="none"/>
          <y:BendStyle smoothed="false"/>
        </y:PolyLineEdge>
      </data>
    </edge>
    <edge id="e72" source="n41" target="n55">
      <data key="d35"><![CDATA[1 Gbps]]></data>
      <data key="d38">
        <y:PolyLineEdge>
          <y:Path sx="0.0" sy="0.0" tx="0.0" ty="0.0">
            <y:Point x="420.4388280993014" y="355.826716230936"/>
          </y:Path>
          <y:LineStyle color="#800080" type="line" width="3.0"/>
          <y:Arrows source="none" target="none"/>
          <y:BendStyle smoothed="false"/>
        </y:PolyLineEdge>
      </data>
    </edge>
    <edge id="e73" source="n55" target="n41">
      <data key="d35"><![CDATA[1 Gbps]]></data>
      <data key="d38">
        <y:PolyLineEdge>
          <y:Path sx="0.0" sy="0.0" tx="0.0" ty="0.0">
            <y:Point x="396.2155754453736" y="356.41752727127573"/>
            <y:Point x="409.80422937318673" y="349.91860582753895"/>
            <y:Point x="469.4761444474967" y="356.41752727127573"/>
          </y:Path>
          <y:LineStyle color="#800080" type="line" width="3.0"/>
          <y:Arrows source="none" target="none"/>
          <y:BendStyle smoothed="false"/>
        </y:PolyLineEdge>
      </data>
    </edge>
    <edge id="e74" source="n45" target="n42">
      <data key="d35"><![CDATA[1 Gbps]]></data>
      <data key="d38">
        <y:PolyLineEdge>
          <y:Path sx="0.0" sy="0.0" tx="0.0" ty="0.0">
            <y:Point x="282.7798557001506" y="356.41752727127573"/>
            <y:Point x="353.67718054091495" y="345.19211750482145"/>
          </y:Path>
          <y:LineStyle color="#800080" type="line" width="3.0"/>
          <y:Arrows source="none" target="none"/>
          <y:BendStyle smoothed="false"/>
        </y:PolyLineEdge>
      </data>
    </edge>
    <edge id="e75" source="n55" target="n40">
      <data key="d35"><![CDATA[1 Gbps]]></data>
      <data key="d38">
        <y:PolyLineEdge>
          <y:Path sx="0.0" sy="0.0" tx="0.0" ty="0.0">
            <y:Point x="396.8063864857133" y="372.36942536044774"/>
          </y:Path>
          <y:LineStyle color="#800080" type="line" width="3.0"/>
          <y:Arrows source="none" target="none"/>
          <y:BendStyle smoothed="false"/>
        </y:PolyLineEdge>
      </data>
    </edge>
    <edge id="e76" source="n31" target="n33">
      <data key="d35"><![CDATA[10 Gbps]]></data>
      <data key="d38">
        <y:PolyLineEdge>
          <y:Path sx="0.0" sy="0.0" tx="0.0" ty="0.0">
            <y:Point x="548.570236942675" y="1032.1096390658186"/>
          </y:Path>
          <y:LineStyle color="#FF00FF" type="line" width="3.0"/>
          <y:Arrows source="none" target="none"/>
          <y:BendStyle smoothed="false"/>
        </y:PolyLineEdge>
      </data>
    </edge>
    <edge id="e77" source="n33" target="n32">
      <data key="d35"><![CDATA[10 Gbps]]></data>
      <data key="d38">
        <y:PolyLineEdge>
          <y:Path sx="0.0" sy="0.0" tx="0.0" ty="0.0">
            <y:Point x="601.1524195329087" y="1006.1139532908715"/>
          </y:Path>
          <y:LineStyle color="#FF00FF" type="line" width="3.0"/>
          <y:Arrows source="none" target="none"/>
          <y:BendStyle smoothed="false"/>
        </y:PolyLineEdge>
      </data>
    </edge>
    <edge id="e78" source="n25" target="n26">
      <data key="d35"><![CDATA[1 Gbps]]></data>
      <data key="d38">
        <y:PolyLineEdge>
          <y:Path sx="0.0" sy="0.0" tx="0.0" ty="0.0">
            <y:Point x="717.5421944798302" y="829.4614522293007"/>
          </y:Path>
          <y:LineStyle color="#800080" type="line" width="3.0"/>
          <y:Arrows source="none" target="none"/>
          <y:BendStyle smoothed="false"/>
        </y:PolyLineEdge>
      </data>
    </edge>
    <edge id="e79" source="n25" target="n28">
      <data key="d35"><![CDATA[1 Gbps]]></data>
      <data key="d38">
        <y:PolyLineEdge>
          <y:Path sx="0.0" sy="0.0" tx="0.0" ty="0.0">
            <y:Point x="654.9162242038217" y="817.0544203821669"/>
          </y:Path>
          <y:LineStyle color="#800080" type="line" width="3.0"/>
          <y:Arrows source="none" target="none"/>
          <y:BendStyle smoothed="false"/>
        </y:PolyLineEdge>
      </data>
    </edge>
    <edge id="e80" source="n15" target="n16">
      <data key="d35"><![CDATA[10 Gbps]]></data>
      <data key="d38">
        <y:PolyLineEdge>
          <y:Path sx="0.0" sy="0.0" tx="0.0" ty="0.0">
            <y:Point x="162.17981656050944" y="818.2360424628463"/>
          </y:Path>
          <y:LineStyle color="#FF00FF" type="line" width="3.0"/>
          <y:Arrows source="none" target="none"/>
          <y:BendStyle smoothed="false"/>
        </y:PolyLineEdge>
      </data>
    </edge>
    <edge id="e81" source="n15" target="n16">
      <data key="d35"><![CDATA[10 Gbps]]></data>
      <data key="d38">
        <y:PolyLineEdge>
          <y:Path sx="0.0" sy="0.0" tx="0.0" ty="0.0">
            <y:Point x="176.950092569002" y="834.778751592358"/>
          </y:Path>
          <y:LineStyle color="#FF00FF" type="line" width="3.0"/>
          <y:Arrows source="none" target="none"/>
          <y:BendStyle smoothed="false"/>
        </y:PolyLineEdge>
      </data>
    </edge>
    <edge id="e82" source="n19" target="n2">
      <data key="d35"><![CDATA[10 Gbps]]></data>
      <data key="d38">
        <y:PolyLineEdge>
          <y:Path sx="0.0" sy="0.0" tx="0.0" ty="0.0">
            <y:Point x="401.01517961783435" y="629.0288067940558"/>
            <y:Point x="385.06328152866234" y="668.6131464968158"/>
          </y:Path>
          <y:LineStyle color="#FF00FF" type="line" width="3.0"/>
          <y:Arrows source="none" target="none"/>
          <y:BendStyle smoothed="false"/>
        </y:PolyLineEdge>
      </data>
    </edge>
    <edge id="e83" source="n14" target="n2">
      <data key="d35"><![CDATA[10 Gbps]]></data>
      <data key="d38">
        <y:PolyLineEdge>
          <y:Path sx="0.0" sy="0.0" tx="0.0" ty="0.0">
            <y:Point x="424.0568101910828" y="637.3001613588114"/>
            <y:Point x="405.74166794055196" y="664.4774692144376"/>
          </y:Path>
          <y:LineStyle color="#FF00FF" type="line" width="3.0"/>
          <y:Arrows source="none" target="none"/>
          <y:BendStyle smoothed="false"/>
        </y:PolyLineEdge>
      </data>
    </edge>
    <edge id="e84" source="n2" target="n14">
      <data key="d35"><![CDATA[10 Gbps]]></data>
      <data key="d38">
        <y:PolyLineEdge>
          <y:Path sx="0.0" sy="0.0" tx="0.0" ty="0.0">
            <y:Point x="416.3762666666666" y="667.4315244161362"/>
            <y:Point x="434.6914089171974" y="640.2542165605098"/>
          </y:Path>
          <y:LineStyle color="#FF00FF" type="line" width="3.0"/>
          <y:Arrows source="none" target="none"/>
          <y:BendStyle smoothed="false"/>
        </y:PolyLineEdge>
      </data>
    </edge>
    <edge id="e85" source="n25" target="n27">
      <data key="d35"><![CDATA[1 Gbps]]></data>
      <data key="d38">
        <y:PolyLineEdge>
          <y:Path sx="0.0" sy="0.0" tx="0.0" ty="0.0"/>
          <y:LineStyle color="#800080" type="line" width="3.0"/>
          <y:Arrows source="none" target="none"/>
          <y:BendStyle smoothed="false"/>
        </y:PolyLineEdge>
      </data>
    </edge>
    <edge id="e86" source="n59" target="n2">
      <data key="d35"><![CDATA[Peering, 10 Gbps]]></data>
      <data key="d38">
        <y:PolyLineEdge>
          <y:Path sx="0.0" sy="0.0" tx="0.0" ty="0.0"/>
          <y:LineStyle color="#808080" type="line" width="3.0"/>
          <y:Arrows source="none" target="none"/>
          <y:BendStyle smoothed="false"/>
        </y:PolyLineEdge>
      </data>
    </edge>
    <edge id="e87" source="n25" target="n60">
      <data key="d35"><![CDATA[1 Gbps]]></data>
      <data key="d38">
        <y:PolyLineEdge>
          <y:Path sx="0.0" sy="0.0" tx="0.0" ty="0.0">
            <y:Point x="710.600164755839" y="778.5040000000008"/>
            <y:Point x="729.5061180467096" y="779.6856220806803"/>
          </y:Path>
          <y:LineStyle color="#800080" type="line" width="3.0"/>
          <y:Arrows source="none" target="none"/>
          <y:BendStyle smoothed="false"/>
        </y:PolyLineEdge>
      </data>
    </edge>
    <edge id="e88" source="n60" target="n25">
      <data key="d35"><![CDATA[1 Gbps]]></data>
      <data key="d38">
        <y:PolyLineEdge>
          <y:Path sx="0.0" sy="0.0" tx="0.0" ty="0.0">
            <y:Point x="707.0552985138008" y="786.184543524417"/>
          </y:Path>
          <y:LineStyle color="#800080" type="line" width="3.0"/>
          <y:Arrows source="none" target="none"/>
          <y:BendStyle smoothed="false"/>
        </y:PolyLineEdge>
      </data>
    </edge>
  </graph>
  <data key="d0">
    <y:Resources/>
  </data>
</graphml>
