<?xml version="1.0" encoding="UTF-8" standalone="no"?>
<graphml xmlns="http://graphml.graphdrawing.org/xmlns" xmlns:xsi="http://www.w3.org/2001/XMLSchema-instance" xmlns:y="http://www.yworks.com/xml/graphml" xmlns:yed="http://www.yworks.com/xml/yed/3" xsi:schemaLocation="http://graphml.graphdrawing.org/xmlns http://www.yworks.com/xml/schema/graphml/1.1/ygraphml.xsd">
  <!--Created by yFiles for Java 2.8-->
  <key for="graphml" id="d0" yfiles.type="resources"/>
  <key for="port" id="d1" yfiles.type="portgraphics"/>
  <key for="port" id="d2" yfiles.type="portgeometry"/>
  <key for="port" id="d3" yfiles.type="portuserdata"/>
  <key attr.name="Internal" attr.type="boolean" for="node" id="d4"/>
  <key attr.name="geocode_country" attr.type="string" for="node" id="d5"/>
  <key attr.name="geocode_name" attr.type="string" for="node" id="d6"/>
  <key attr.name="url" attr.type="string" for="node" id="d7"/>
  <key attr.name="description" attr.type="string" for="node" id="d8"/>
  <key for="node" id="d9" yfiles.type="nodegraphics"/>
  <key attr.name="Access" attr.type="boolean" for="graph" id="d10"/>
  <key attr.name="Backbone" attr.type="boolean" for="graph" id="d11"/>
  <key attr.name="Commercial" attr.type="boolean" for="graph" id="d12"/>
  <key attr.name="Creator" attr.type="string" for="graph" id="d13"/>
  <key attr.name="Customer" attr.type="boolean" for="graph" id="d14"/>
  <key attr.name="DateModifier" attr.type="string" for="graph" id="d15"/>
  <key attr.name="DateMonth" attr.type="string" for="graph" id="d16"/>
  <key attr.name="DateObtained" attr.type="string" for="graph" id="d17"/>
  <key attr.name="DateType" attr.type="string" for="graph" id="d18"/>
  <key attr.name="DateYear" attr.type="string" for="graph" id="d19"/>
  <key attr.name="Developed" attr.type="boolean" for="graph" id="d20"/>
  <key attr.name="GeoExtent" attr.type="string" for="graph" id="d21"/>
  <key attr.name="GeoLocation" attr.type="string" for="graph" id="d22"/>
  <key attr.name="IX" attr.type="boolean" for="graph" id="d23"/>
  <key attr.name="LastAccess" attr.type="string" for="graph" id="d24"/>
  <key attr.name="LastProcessed" attr.type="string" for="graph" id="d25"/>
  <key attr.name="Layer" attr.type="string" for="graph" id="d26"/>
  <key attr.name="Network" attr.type="string" for="graph" id="d27"/>
  <key attr.name="NetworkDate" attr.type="string" for="graph" id="d28"/>
  <key attr.name="Provenance" attr.type="string" for="graph" id="d29"/>
  <key attr.name="Source" attr.type="string" for="graph" id="d30"/>
  <key attr.name="Testbed" attr.type="boolean" for="graph" id="d31"/>
  <key attr.name="Transit" attr.type="boolean" for="graph" id="d32"/>
  <key attr.name="Type" attr.type="string" for="graph" id="d33"/>
  <key attr.name="Version" attr.type="string" for="graph" id="d34"/>
  <key attr.name="label" attr.type="string" for="edge" id="d35"/>
  <key attr.name="url" attr.type="string" for="edge" id="d36"/>
  <key attr.name="description" attr.type="string" for="edge" id="d37"/>
  <key for="edge" id="d38" yfiles.type="edgegraphics"/>
  <graph edgedefault="directed" id="G">
    <data key="d10">false</data>
    <data key="d11">true</data>
    <data key="d12">false</data>
    <data key="d13"><![CDATA[Topology Zoo Toolset]]></data>
    <data key="d14">false</data>
    <data key="d15"><![CDATA[=]]></data>
    <data key="d16"><![CDATA[12]]></data>
    <data key="d17"><![CDATA[20/03/11]]></data>
    <data key="d18"><![CDATA[Historic]]></data>
    <data key="d19"><![CDATA[2001]]></data>
    <data key="d20">true</data>
    <data key="d21"><![CDATA[Continent]]></data>
    <data key="d22"><![CDATA[Europe]]></data>
    <data key="d23">false</data>
    <data key="d24"><![CDATA[20/03/11]]></data>
    <data key="d25"><![CDATA[2011_09_01]]></data>
    <data key="d26"><![CDATA[IP]]></data>
    <data key="d27"><![CDATA[GEANT]]></data>
    <data key="d28"><![CDATA[2001_12]]></data>
    <data key="d29"><![CDATA[Primary]]></data>
    <data key="d30"><![CDATA[http://www.geant.net/Media_Centre/Media_Library/Media%20Library/topology_map_2001.pdf]]></data>
    <data key="d31">true</data>
    <data key="d32">true</data>
    <data key="d33"><![CDATA[REN]]></data>
    <data key="d34"><![CDATA[1.0]]></data>
    <node id="n0">
      <data key="d4">true</data>
      <data key="d5"/>
      <data key="d6"><![CDATA[Ireland]]></data>
      <data key="d8"/>
      <data key="d9">
        <y:ShapeNode>
          <y:Geometry height="20.0" width="20.0" x="361.623413086" y="342.852355957"/>
          <y:Fill color="#FFCC00" transparent="false"/>
          <y:BorderStyle color="#000000" type="line" width="1.0"/>
          <y:NodeLabel alignment="center" autoSizePolicy="content" fontFamily="Dialog" fontSize="8" fontStyle="plain" hasBackgroundColor="false" hasLineColor="false" height="13.421875" modelName="internal" modelPosition="c" textColor="#000000" visible="true" width="10.640625" x="4.6796875" y="3.2890625">IE</y:NodeLabel>
          <y:Shape type="ellipse"/>
        </y:ShapeNode>
      </data>
    </node>
    <node id="n1">
      <data key="d4">true</data>
      <data key="d5"/>
      <data key="d6"><![CDATA[United Kingdom]]></data>
      <data key="d8"/>
      <data key="d9">
        <y:ShapeNode>
          <y:Geometry height="20.0" width="20.0" x="465.465545654" y="433.166259766"/>
          <y:Fill color="#FFCC00" transparent="false"/>
          <y:BorderStyle color="#000000" type="line" width="1.0"/>
          <y:NodeLabel alignment="center" autoSizePolicy="content" fontFamily="Dialog" fontSize="8" fontStyle="plain" hasBackgroundColor="false" hasLineColor="false" height="13.421875" modelName="internal" modelPosition="c" textColor="#000000" visible="true" width="14.765625" x="2.6171875" y="3.2890625">UK</y:NodeLabel>
          <y:Shape type="ellipse"/>
        </y:ShapeNode>
      </data>
    </node>
    <node id="n2">
      <data key="d4">true</data>
      <data key="d5"/>
      <data key="d6"><![CDATA[Sweden]]></data>
      <data key="d8"/>
      <data key="d9">
        <y:ShapeNode>
          <y:Geometry height="20.0" width="20.0" x="744.227539062" y="177.706756592"/>
          <y:Fill color="#FFCC00" transparent="false"/>
          <y:BorderStyle color="#000000" type="line" width="1.0"/>
          <y:NodeLabel alignment="center" autoSizePolicy="content" fontFamily="Dialog" fontSize="8" fontStyle="plain" hasBackgroundColor="false" hasLineColor="false" height="13.421875" modelName="internal" modelPosition="c" textColor="#000000" visible="true" width="12.64453125" x="3.677734375" y="3.2890625">SE</y:NodeLabel>
          <y:Shape type="ellipse"/>
        </y:ShapeNode>
      </data>
    </node>
    <node id="n3">
      <data key="d4">true</data>
      <data key="d5"/>
      <data key="d6"><![CDATA[Estonia]]></data>
      <data key="d8"/>
      <data key="d9">
        <y:ShapeNode>
          <y:Geometry height="20.0" width="20.0" x="1018.51904297" y="232.22644043"/>
          <y:Fill color="#FFCC00" transparent="false"/>
          <y:BorderStyle color="#000000" type="line" width="1.0"/>
          <y:NodeLabel alignment="center" autoSizePolicy="content" fontFamily="Dialog" fontSize="8" fontStyle="plain" hasBackgroundColor="false" hasLineColor="false" height="13.421875" modelName="internal" modelPosition="c" textColor="#000000" visible="true" width="12.671875" x="3.6640625" y="3.2890625">EE</y:NodeLabel>
          <y:Shape type="ellipse"/>
        </y:ShapeNode>
      </data>
    </node>
    <node id="n4">
      <data key="d4">true</data>
      <data key="d5"/>
      <data key="d6"><![CDATA[Latvia]]></data>
      <data key="d8"/>
      <data key="d9">
        <y:ShapeNode>
          <y:Geometry height="20.0" width="20.0" x="1023.58776855" y="302.708374023"/>
          <y:Fill color="#FFCC00" transparent="false"/>
          <y:BorderStyle color="#000000" type="line" width="1.0"/>
          <y:NodeLabel alignment="center" autoSizePolicy="content" fontFamily="Dialog" fontSize="8" fontStyle="plain" hasBackgroundColor="false" hasLineColor="false" height="13.421875" modelName="internal" modelPosition="c" textColor="#000000" visible="true" width="13.49609375" x="3.251953125" y="3.2890625">LV</y:NodeLabel>
          <y:Shape type="ellipse"/>
        </y:ShapeNode>
      </data>
    </node>
    <node id="n5">
      <data key="d4">true</data>
      <data key="d5"/>
      <data key="d6"><![CDATA[Lithuania]]></data>
      <data key="d8"/>
      <data key="d9">
        <y:ShapeNode>
          <y:Geometry height="20.0" width="20.0" x="1033.84936523" y="371.823242188"/>
          <y:Fill color="#FFCC00" transparent="false"/>
          <y:BorderStyle color="#000000" type="line" width="1.0"/>
          <y:NodeLabel alignment="center" autoSizePolicy="content" fontFamily="Dialog" fontSize="8" fontStyle="plain" hasBackgroundColor="false" hasLineColor="false" height="13.421875" modelName="internal" modelPosition="c" textColor="#000000" visible="true" width="13.32421875" x="3.337890625" y="3.2890625">LT</y:NodeLabel>
          <y:Shape type="ellipse"/>
        </y:ShapeNode>
      </data>
    </node>
    <node id="n6">
      <data key="d4">true</data>
      <data key="d5"/>
      <data key="d6"><![CDATA[Poland]]></data>
      <data key="d8"/>
      <data key="d9">
        <y:ShapeNode>
          <y:Geometry height="20.0" width="20.0" x="896.477539062" y="488.821655273"/>
          <y:Fill color="#FFCC00" transparent="false"/>
          <y:BorderStyle color="#000000" type="line" width="1.0"/>
          <y:NodeLabel alignment="center" autoSizePolicy="content" fontFamily="Dialog" fontSize="8" fontStyle="plain" hasBackgroundColor="false" hasLineColor="false" height="13.421875" modelName="internal" modelPosition="c" textColor="#000000" visible="true" width="12.6875" x="3.65625" y="3.2890625">PL</y:NodeLabel>
          <y:Shape type="ellipse"/>
        </y:ShapeNode>
      </data>
    </node>
    <node id="n7">
      <data key="d4">true</data>
      <data key="d5"/>
      <data key="d6"><![CDATA[Netherlands]]></data>
      <data key="d8"/>
      <data key="d9">
        <y:ShapeNode>
          <y:Geometry height="20.0" width="20.0" x="565.473266602" y="435.10546875"/>
          <y:Fill color="#FFCC00" transparent="false"/>
          <y:BorderStyle color="#000000" type="line" width="1.0"/>
          <y:NodeLabel alignment="center" autoSizePolicy="content" fontFamily="Dialog" fontSize="8" fontStyle="plain" hasBackgroundColor="false" hasLineColor="false" height="13.421875" modelName="internal" modelPosition="c" textColor="#000000" visible="true" width="14.17578125" x="2.912109375" y="3.2890625">NL</y:NodeLabel>
          <y:Shape type="ellipse"/>
        </y:ShapeNode>
      </data>
    </node>
    <node id="n8">
      <data key="d4">true</data>
      <data key="d5"/>
      <data key="d6"><![CDATA[Belgium]]></data>
      <data key="d8"/>
      <data key="d9">
        <y:ShapeNode>
          <y:Geometry height="20.0" width="20.0" x="560.397705078" y="490.930175781"/>
          <y:Fill color="#FFCC00" transparent="false"/>
          <y:BorderStyle color="#000000" type="line" width="1.0"/>
          <y:NodeLabel alignment="center" autoSizePolicy="content" fontFamily="Dialog" fontSize="8" fontStyle="plain" hasBackgroundColor="false" hasLineColor="false" height="13.421875" modelName="internal" modelPosition="c" textColor="#000000" visible="true" width="12.9375" x="3.53125" y="3.2890625">BE</y:NodeLabel>
          <y:Shape type="ellipse"/>
        </y:ShapeNode>
      </data>
    </node>
    <node id="n9">
      <data key="d4">true</data>
      <data key="d5"/>
      <data key="d6"><![CDATA[Luxembourg]]></data>
      <data key="d8"/>
      <data key="d9">
        <y:ShapeNode>
          <y:Geometry height="20.0" width="20.0" x="574.861206055" y="547.143859863"/>
          <y:Fill color="#FFCC00" transparent="false"/>
          <y:BorderStyle color="#000000" type="line" width="1.0"/>
          <y:NodeLabel alignment="center" autoSizePolicy="content" fontFamily="Dialog" fontSize="8" fontStyle="plain" hasBackgroundColor="false" hasLineColor="false" height="13.421875" modelName="internal" modelPosition="c" textColor="#000000" visible="true" width="13.80859375" x="3.095703125" y="3.2890625">LU</y:NodeLabel>
          <y:Shape type="ellipse"/>
        </y:ShapeNode>
      </data>
    </node>
    <node id="n10">
      <data key="d4">true</data>
      <data key="d5"/>
      <data key="d6"><![CDATA[France]]></data>
      <data key="d8"/>
      <data key="d9">
        <y:ShapeNode>
          <y:Geometry height="20.0" width="20.0" x="475.165557861" y="633.247192383"/>
          <y:Fill color="#FFCC00" transparent="false"/>
          <y:BorderStyle color="#000000" type="line" width="1.0"/>
          <y:NodeLabel alignment="center" autoSizePolicy="content" fontFamily="Dialog" fontSize="8" fontStyle="plain" hasBackgroundColor="false" hasLineColor="false" height="13.421875" modelName="internal" modelPosition="c" textColor="#000000" visible="true" width="13.34765625" x="3.326171875" y="3.2890625">FR</y:NodeLabel>
          <y:Shape type="ellipse"/>
        </y:ShapeNode>
      </data>
    </node>
    <node id="n11">
      <data key="d4">true</data>
      <data key="d5"/>
      <data key="d6"><![CDATA[Germany]]></data>
      <data key="d8"/>
      <data key="d9">
        <y:ShapeNode>
          <y:Geometry height="20.0" width="20.0" x="749.102050781" y="491.072113037"/>
          <y:Fill color="#FFCC00" transparent="false"/>
          <y:BorderStyle color="#000000" type="line" width="1.0"/>
          <y:NodeLabel alignment="center" autoSizePolicy="content" fontFamily="Dialog" fontSize="8" fontStyle="plain" hasBackgroundColor="false" hasLineColor="false" height="13.421875" modelName="internal" modelPosition="c" textColor="#000000" visible="true" width="14.328125" x="2.8359375" y="3.2890625">DE</y:NodeLabel>
          <y:Shape type="ellipse"/>
        </y:ShapeNode>
      </data>
    </node>
    <node id="n12">
      <data key="d4">true</data>
      <data key="d5"/>
      <data key="d6"><![CDATA[Czech Republic]]></data>
      <data key="d8"/>
      <data key="d9">
        <y:ShapeNode>
          <y:Geometry height="20.0" width="20.0" x="784.899902344" y="556.335876465"/>
          <y:Fill color="#FFCC00" transparent="false"/>
          <y:BorderStyle color="#000000" type="line" width="1.0"/>
          <y:NodeLabel alignment="center" autoSizePolicy="content" fontFamily="Dialog" fontSize="8" fontStyle="plain" hasBackgroundColor="false" hasLineColor="false" height="13.421875" modelName="internal" modelPosition="c" textColor="#000000" visible="true" width="14.37109375" x="2.814453125" y="3.2890625">CZ</y:NodeLabel>
          <y:Shape type="ellipse"/>
        </y:ShapeNode>
      </data>
    </node>
    <node id="n13">
      <data key="d4">true</data>
      <data key="d5"/>
      <data key="d6"><![CDATA[Switzerland]]></data>
      <data key="d8"/>
      <data key="d9">
        <y:ShapeNode>
          <y:Geometry height="20.0" width="20.0" x="635.701171875" y="640.14050293"/>
          <y:Fill color="#FFCC00" transparent="false"/>
          <y:BorderStyle color="#000000" type="line" width="1.0"/>
          <y:NodeLabel alignment="center" autoSizePolicy="content" fontFamily="Dialog" fontSize="8" fontStyle="plain" hasBackgroundColor="false" hasLineColor="false" height="13.421875" modelName="internal" modelPosition="c" textColor="#000000" visible="true" width="15.4140625" x="2.29296875" y="3.2890625">CH</y:NodeLabel>
          <y:Shape type="ellipse"/>
        </y:ShapeNode>
      </data>
    </node>
    <node id="n14">
      <data key="d4">true</data>
      <data key="d5"/>
      <data key="d6"><![CDATA[Italy]]></data>
      <data key="d8"/>
      <data key="d9">
        <y:ShapeNode>
          <y:Geometry height="20.0" width="20.0" x="624.414672852" y="739.748046875"/>
          <y:Fill color="#FFCC00" transparent="false"/>
          <y:BorderStyle color="#000000" type="line" width="1.0"/>
          <y:NodeLabel alignment="center" autoSizePolicy="content" fontFamily="Dialog" fontSize="8" fontStyle="plain" hasBackgroundColor="false" hasLineColor="false" height="13.421875" modelName="internal" modelPosition="c" textColor="#000000" visible="true" width="11.36328125" x="4.318359375" y="3.2890625">IT</y:NodeLabel>
          <y:Shape type="ellipse"/>
        </y:ShapeNode>
      </data>
    </node>
    <node id="n15">
      <data key="d4">true</data>
      <data key="d5"/>
      <data key="d6"><![CDATA[Spain]]></data>
      <data key="d8"/>
      <data key="d9">
        <y:ShapeNode>
          <y:Geometry height="20.0" width="20.0" x="314.000518799" y="739.183349609"/>
          <y:Fill color="#FFCC00" transparent="false"/>
          <y:BorderStyle color="#000000" type="line" width="1.0"/>
          <y:NodeLabel alignment="center" autoSizePolicy="content" fontFamily="Dialog" fontSize="8" fontStyle="plain" hasBackgroundColor="false" hasLineColor="false" height="13.421875" modelName="internal" modelPosition="c" textColor="#000000" visible="true" width="12.64453125" x="3.677734375" y="3.2890625">ES</y:NodeLabel>
          <y:Shape type="ellipse"/>
        </y:ShapeNode>
      </data>
    </node>
    <node id="n16">
      <data key="d4">true</data>
      <data key="d5"/>
      <data key="d6"><![CDATA[Portugal]]></data>
      <data key="d8"/>
      <data key="d9">
        <y:ShapeNode>
          <y:Geometry height="20.0" width="20.0" x="180.042572021" y="744.180847168"/>
          <y:Fill color="#FFCC00" transparent="false"/>
          <y:BorderStyle color="#000000" type="line" width="1.0"/>
          <y:NodeLabel alignment="center" autoSizePolicy="content" fontFamily="Dialog" fontSize="8" fontStyle="plain" hasBackgroundColor="false" hasLineColor="false" height="13.421875" modelName="internal" modelPosition="c" textColor="#000000" visible="true" width="13.48046875" x="3.259765625" y="3.2890625">PT</y:NodeLabel>
          <y:Shape type="ellipse"/>
        </y:ShapeNode>
      </data>
    </node>
    <node id="n17">
      <data key="d4">true</data>
      <data key="d5"/>
      <data key="d6"><![CDATA[Slovakia]]></data>
      <data key="d8"/>
      <data key="d9">
        <y:ShapeNode>
          <y:Geometry height="20.0" width="20.0" x="899.384887695" y="588.149658203"/>
          <y:Fill color="#FFCC00" transparent="false"/>
          <y:BorderStyle color="#000000" type="line" width="1.0"/>
          <y:NodeLabel alignment="center" autoSizePolicy="content" fontFamily="Dialog" fontSize="8" fontStyle="plain" hasBackgroundColor="false" hasLineColor="false" height="13.421875" modelName="internal" modelPosition="c" textColor="#000000" visible="true" width="13.53125" x="3.234375" y="3.2890625">SK</y:NodeLabel>
          <y:Shape type="ellipse"/>
        </y:ShapeNode>
      </data>
    </node>
    <node id="n18">
      <data key="d4">true</data>
      <data key="d5"/>
      <data key="d6"><![CDATA[Hungary]]></data>
      <data key="d8"/>
      <data key="d9">
        <y:ShapeNode>
          <y:Geometry height="20.0" width="20.0" x="904.374145508" y="707.621459961"/>
          <y:Fill color="#FFCC00" transparent="false"/>
          <y:BorderStyle color="#000000" type="line" width="1.0"/>
          <y:NodeLabel alignment="center" autoSizePolicy="content" fontFamily="Dialog" fontSize="8" fontStyle="plain" hasBackgroundColor="false" hasLineColor="false" height="13.421875" modelName="internal" modelPosition="c" textColor="#000000" visible="true" width="15.421875" x="2.2890625" y="3.2890625">HU</y:NodeLabel>
          <y:Shape type="ellipse"/>
        </y:ShapeNode>
      </data>
    </node>
    <node id="n19">
      <data key="d4">true</data>
      <data key="d5"/>
      <data key="d6"><![CDATA[Austria]]></data>
      <data key="d8"/>
      <data key="d9">
        <y:ShapeNode>
          <y:Geometry height="20.0" width="20.0" x="786.733581543" y="639.696533203"/>
          <y:Fill color="#FFCC00" transparent="false"/>
          <y:BorderStyle color="#000000" type="line" width="1.0"/>
          <y:NodeLabel alignment="center" autoSizePolicy="content" fontFamily="Dialog" fontSize="8" fontStyle="plain" hasBackgroundColor="false" hasLineColor="false" height="13.421875" modelName="internal" modelPosition="c" textColor="#000000" visible="true" width="14.578125" x="2.7109375" y="3.2890625">AT</y:NodeLabel>
          <y:Shape type="ellipse"/>
        </y:ShapeNode>
      </data>
    </node>
    <node id="n20">
      <data key="d4">true</data>
      <data key="d5"/>
      <data key="d6"><![CDATA[Slovenia]]></data>
      <data key="d8"/>
      <data key="d9">
        <y:ShapeNode>
          <y:Geometry height="20.0" width="20.0" x="780.970703125" y="702.288635254"/>
          <y:Fill color="#FFCC00" transparent="false"/>
          <y:BorderStyle color="#000000" type="line" width="1.0"/>
          <y:NodeLabel alignment="center" autoSizePolicy="content" fontFamily="Dialog" fontSize="8" fontStyle="plain" hasBackgroundColor="false" hasLineColor="false" height="13.421875" modelName="internal" modelPosition="c" textColor="#000000" visible="true" width="12.57421875" x="3.712890625" y="3.2890625">SL</y:NodeLabel>
          <y:Shape type="ellipse"/>
        </y:ShapeNode>
      </data>
    </node>
    <node id="n21">
      <data key="d4">true</data>
      <data key="d5"/>
      <data key="d6"><![CDATA[Croatia]]></data>
      <data key="d8"/>
      <data key="d9">
        <y:ShapeNode>
          <y:Geometry height="20.0" width="20.0" x="791.084838867" y="780.926757812"/>
          <y:Fill color="#FFCC00" transparent="false"/>
          <y:BorderStyle color="#000000" type="line" width="1.0"/>
          <y:NodeLabel alignment="center" autoSizePolicy="content" fontFamily="Dialog" fontSize="8" fontStyle="plain" hasBackgroundColor="false" hasLineColor="false" height="13.421875" modelName="internal" modelPosition="c" textColor="#000000" visible="true" width="14.9375" x="2.53125" y="3.2890625">HR</y:NodeLabel>
          <y:Shape type="ellipse"/>
        </y:ShapeNode>
      </data>
    </node>
    <node id="n22">
      <data key="d4">true</data>
      <data key="d5"/>
      <data key="d6"><![CDATA[Bulgaria]]></data>
      <data key="d8"/>
      <data key="d9">
        <y:ShapeNode>
          <y:Geometry height="20.0" width="20.0" x="1022.11431885" y="771.83203125"/>
          <y:Fill color="#FFCC00" transparent="false"/>
          <y:BorderStyle color="#000000" type="line" width="1.0"/>
          <y:NodeLabel alignment="center" autoSizePolicy="content" fontFamily="Dialog" fontSize="8" fontStyle="plain" hasBackgroundColor="false" hasLineColor="false" height="13.421875" modelName="internal" modelPosition="c" textColor="#000000" visible="true" width="14.3828125" x="2.80859375" y="3.2890625">BG</y:NodeLabel>
          <y:Shape type="ellipse"/>
        </y:ShapeNode>
      </data>
    </node>
    <node id="n23">
      <data key="d4">true</data>
      <data key="d5"/>
      <data key="d6"><![CDATA[Romania]]></data>
      <data key="d8"/>
      <data key="d9">
        <y:ShapeNode>
          <y:Geometry height="20.0" width="20.0" x="1023.78015137" y="700.319213867"/>
          <y:Fill color="#FFCC00" transparent="false"/>
          <y:BorderStyle color="#000000" type="line" width="1.0"/>
          <y:NodeLabel alignment="center" autoSizePolicy="content" fontFamily="Dialog" fontSize="8" fontStyle="plain" hasBackgroundColor="false" hasLineColor="false" height="13.421875" modelName="internal" modelPosition="c" textColor="#000000" visible="true" width="15.2734375" x="2.3632812500001137" y="3.2890625">RO</y:NodeLabel>
          <y:Shape type="ellipse"/>
        </y:ShapeNode>
      </data>
    </node>
    <node id="n24">
      <data key="d4">true</data>
      <data key="d5"/>
      <data key="d6"><![CDATA[Greece]]></data>
      <data key="d8"/>
      <data key="d9">
        <y:ShapeNode>
          <y:Geometry height="20.0" width="20.0" x="1025.11462402" y="904.573791504"/>
          <y:Fill color="#FFCC00" transparent="false"/>
          <y:BorderStyle color="#000000" type="line" width="1.0"/>
          <y:NodeLabel alignment="center" autoSizePolicy="content" fontFamily="Dialog" fontSize="8" fontStyle="plain" hasBackgroundColor="false" hasLineColor="false" height="13.421875" modelName="internal" modelPosition="c" textColor="#000000" visible="true" width="14.83984375" x="2.580078125" y="3.2890625">GR</y:NodeLabel>
          <y:Shape type="ellipse"/>
        </y:ShapeNode>
      </data>
    </node>
    <node id="n25">
      <data key="d4">true</data>
      <data key="d5"/>
      <data key="d6"><![CDATA[Cyprus]]></data>
      <data key="d8"/>
      <data key="d9">
        <y:ShapeNode>
          <y:Geometry height="20.0" width="20.0" x="1168.58911133" y="888.646911621"/>
          <y:Fill color="#FFCC00" transparent="false"/>
          <y:BorderStyle color="#000000" type="line" width="1.0"/>
          <y:NodeLabel alignment="center" autoSizePolicy="content" fontFamily="Dialog" fontSize="8" fontStyle="plain" hasBackgroundColor="false" hasLineColor="false" height="13.421875" modelName="internal" modelPosition="c" textColor="#000000" visible="true" width="14.51953125" x="2.740234375" y="3.2890625">CY</y:NodeLabel>
          <y:Shape type="ellipse"/>
        </y:ShapeNode>
      </data>
    </node>
    <node id="n26">
      <data key="d4">true</data>
      <data key="d5"><![CDATA[Israel]]></data>
      <data key="d6"/>
      <data key="d8"/>
      <data key="d9">
        <y:ShapeNode>
          <y:Geometry height="20.0" width="20.0" x="1171.06860352" y="978.926269531"/>
          <y:Fill color="#FFCC00" transparent="false"/>
          <y:BorderStyle color="#000000" type="line" width="1.0"/>
          <y:NodeLabel alignment="center" autoSizePolicy="content" fontFamily="Dialog" fontSize="8" fontStyle="plain" hasBackgroundColor="false" hasLineColor="false" height="13.421875" modelName="internal" modelPosition="c" textColor="#000000" visible="true" width="10.5703125" x="4.71484375" y="3.2890625">IL</y:NodeLabel>
          <y:Shape type="ellipse"/>
        </y:ShapeNode>
      </data>
    </node>
    <edge id="e0" source="n0" target="n1">
      <data key="d35"><![CDATA[155 Mbit/s]]></data>
      <data key="d37"/>
      <data key="d38">
        <y:PolyLineEdge>
          <y:Path sx="0.0" sy="0.0" tx="0.0" ty="0.0">
            <y:Point x="366.850006104" y="406.649993896"/>
          </y:Path>
          <y:LineStyle color="#3366FF" type="line" width="3.0"/>
          <y:Arrows source="none" target="none"/>
          <y:BendStyle smoothed="false"/>
        </y:PolyLineEdge>
      </data>
    </edge>
    <edge id="e1" source="n0" target="n11">
      <data key="d35"><![CDATA[155 Mbit/s]]></data>
      <data key="d37"/>
      <data key="d38">
        <y:PolyLineEdge>
          <y:Path sx="0.0" sy="0.0" tx="0.0" ty="0.0">
            <y:Point x="708.849975586" y="341.649993896"/>
          </y:Path>
          <y:LineStyle color="#3366FF" type="line" width="3.0"/>
          <y:Arrows source="none" target="none"/>
          <y:BendStyle smoothed="false"/>
        </y:PolyLineEdge>
      </data>
    </edge>
    <edge id="e2" source="n1" target="n2">
      <data key="d35"><![CDATA[10 Gbit/s]]></data>
      <data key="d37"/>
      <data key="d38">
        <y:PolyLineEdge>
          <y:Path sx="0.0" sy="0.0" tx="0.0" ty="0.0">
            <y:Point x="480.25" y="183.449996948"/>
          </y:Path>
          <y:LineStyle color="#000000" type="line" width="3.0"/>
          <y:Arrows source="none" target="none"/>
          <y:BendStyle smoothed="false"/>
        </y:PolyLineEdge>
      </data>
    </edge>
    <edge id="e3" source="n1" target="n7">
      <data key="d35"><![CDATA[2.5 Gbit/s]]></data>
      <data key="d37"/>
      <data key="d38">
        <y:PolyLineEdge>
          <y:Path sx="0.0" sy="0.0" tx="0.0" ty="0.0"/>
          <y:LineStyle color="#FF0000" type="line" width="3.0"/>
          <y:Arrows source="none" target="none"/>
          <y:BendStyle smoothed="false"/>
        </y:PolyLineEdge>
      </data>
    </edge>
    <edge id="e4" source="n1" target="n10">
      <data key="d35"><![CDATA[10 Gbit/s]]></data>
      <data key="d37"/>
      <data key="d38">
        <y:PolyLineEdge>
          <y:Path sx="0.0" sy="0.0" tx="0.0" ty="0.0"/>
          <y:LineStyle color="#000000" type="line" width="3.0"/>
          <y:Arrows source="none" target="none"/>
          <y:BendStyle smoothed="false"/>
        </y:PolyLineEdge>
      </data>
    </edge>
    <edge id="e5" source="n1" target="n24">
      <data key="d35"><![CDATA[622 Mbit/s]]></data>
      <data key="d37"/>
      <data key="d38">
        <y:PolyLineEdge>
          <y:Path sx="0.0" sy="0.0" tx="0.0" ty="0.0">
            <y:Point x="410.850006104" y="615.650024414"/>
          </y:Path>
          <y:LineStyle color="#FFFF00" type="line" width="3.0"/>
          <y:Arrows source="none" target="none"/>
          <y:BendStyle smoothed="false"/>
        </y:PolyLineEdge>
      </data>
    </edge>
    <edge id="e6" source="n1" target="n26">
      <data key="d35"><![CDATA[45 Mbit/s]]></data>
      <data key="d37"/>
      <data key="d38">
        <y:PolyLineEdge>
          <y:Path sx="0.0" sy="0.0" tx="0.0" ty="0.0">
            <y:Point x="399.894989014" y="455.149993896"/>
          </y:Path>
          <y:LineStyle color="#333399" type="line" width="3.0"/>
          <y:Arrows source="none" target="none"/>
          <y:BendStyle smoothed="false"/>
        </y:PolyLineEdge>
      </data>
    </edge>
    <edge id="e7" source="n2" target="n3">
      <data key="d35"><![CDATA[155 Mbit/s]]></data>
      <data key="d37"/>
      <data key="d38">
        <y:PolyLineEdge>
          <y:Path sx="0.0" sy="0.0" tx="0.0" ty="0.0">
            <y:Point x="1024.84997559" y="180.649993896"/>
          </y:Path>
          <y:LineStyle color="#3366FF" type="line" width="3.0"/>
          <y:Arrows source="none" target="none"/>
          <y:BendStyle smoothed="false"/>
        </y:PolyLineEdge>
      </data>
    </edge>
    <edge id="e8" source="n2" target="n4">
      <data key="d35"><![CDATA[34 Mbit/s]]></data>
      <data key="d37"/>
      <data key="d38">
        <y:PolyLineEdge>
          <y:Path sx="0.0" sy="0.0" tx="0.0" ty="0.0">
            <y:Point x="778.650024414" y="296.25"/>
          </y:Path>
          <y:LineStyle color="#993366" type="line" width="3.0"/>
          <y:Arrows source="none" target="none"/>
          <y:BendStyle smoothed="false"/>
        </y:PolyLineEdge>
      </data>
    </edge>
    <edge id="e9" source="n2" target="n5">
      <data key="d35"><![CDATA[45 Mbit/s]]></data>
      <data key="d37"/>
      <data key="d38">
        <y:PolyLineEdge>
          <y:Path sx="0.0" sy="0.0" tx="0.0" ty="0.0">
            <y:Point x="758.729980469" y="363.929992676"/>
          </y:Path>
          <y:LineStyle color="#333399" type="line" width="3.0"/>
          <y:Arrows source="none" target="none"/>
          <y:BendStyle smoothed="false"/>
        </y:PolyLineEdge>
      </data>
    </edge>
    <edge id="e10" source="n2" target="n6">
      <data key="d35"><![CDATA[2.5 Gbit/s]]></data>
      <data key="d37"/>
      <data key="d38">
        <y:PolyLineEdge>
          <y:Path sx="0.0" sy="0.0" tx="0.0" ty="0.0">
            <y:Point x="835.25" y="480.450012207"/>
          </y:Path>
          <y:LineStyle color="#FF0000" type="line" width="3.0"/>
          <y:Arrows source="none" target="none"/>
          <y:BendStyle smoothed="false"/>
        </y:PolyLineEdge>
      </data>
    </edge>
    <edge id="e11" source="n2" target="n11">
      <data key="d35"><![CDATA[10 Gbit/s]]></data>
      <data key="d37"/>
      <data key="d38">
        <y:PolyLineEdge>
          <y:Path sx="0.0" sy="0.0" tx="0.0" ty="0.0"/>
          <y:LineStyle color="#000000" type="line" width="3.0"/>
          <y:Arrows source="none" target="none"/>
          <y:BendStyle smoothed="false"/>
        </y:PolyLineEdge>
      </data>
    </edge>
    <edge id="e12" source="n6" target="n12">
      <data key="d35"><![CDATA[2.5 Gbit/s]]></data>
      <data key="d37"/>
      <data key="d38">
        <y:PolyLineEdge>
          <y:Path sx="0.0" sy="0.0" tx="0.0" ty="0.0">
            <y:Point x="901.25" y="526.450012207"/>
          </y:Path>
          <y:LineStyle color="#FF0000" type="line" width="3.0"/>
          <y:Arrows source="none" target="none"/>
          <y:BendStyle smoothed="false"/>
        </y:PolyLineEdge>
      </data>
    </edge>
    <edge id="e13" source="n7" target="n8">
      <data key="d35"><![CDATA[2.5 Gbit/s]]></data>
      <data key="d37"/>
      <data key="d38">
        <y:PolyLineEdge>
          <y:Path sx="0.0" sy="0.0" tx="0.0" ty="0.0"/>
          <y:LineStyle color="#FF0000" type="line" width="3.0"/>
          <y:Arrows source="none" target="none"/>
          <y:BendStyle smoothed="false"/>
        </y:PolyLineEdge>
      </data>
    </edge>
    <edge id="e14" source="n7" target="n11">
      <data key="d35"><![CDATA[2.5 Gbit/s]]></data>
      <data key="d37"/>
      <data key="d38">
        <y:PolyLineEdge>
          <y:Path sx="0.0" sy="0.0" tx="0.0" ty="0.0">
            <y:Point x="633.25" y="483.450012207"/>
          </y:Path>
          <y:LineStyle color="#FF0000" type="line" width="3.0"/>
          <y:Arrows source="none" target="none"/>
          <y:BendStyle smoothed="false"/>
        </y:PolyLineEdge>
      </data>
    </edge>
    <edge id="e15" source="n8" target="n9">
      <data key="d35"><![CDATA[155 Mbit/s]]></data>
      <data key="d37"/>
      <data key="d38">
        <y:PolyLineEdge>
          <y:Path sx="0.0" sy="0.0" tx="0.0" ty="0.0"/>
          <y:LineStyle color="#3366FF" type="line" width="3.0"/>
          <y:Arrows source="none" target="none"/>
          <y:BendStyle smoothed="false"/>
        </y:PolyLineEdge>
      </data>
    </edge>
    <edge id="e16" source="n8" target="n10">
      <data key="d35"><![CDATA[2.5 Gbit/s]]></data>
      <data key="d37"/>
      <data key="d38">
        <y:PolyLineEdge>
          <y:Path sx="0.0" sy="0.0" tx="0.0" ty="0.0">
            <y:Point x="497.25" y="498.450012207"/>
          </y:Path>
          <y:LineStyle color="#FF0000" type="line" width="3.0"/>
          <y:Arrows source="none" target="none"/>
          <y:BendStyle smoothed="false"/>
        </y:PolyLineEdge>
      </data>
    </edge>
    <edge id="e17" source="n9" target="n10">
      <data key="d35"><![CDATA[155 Mbit/s]]></data>
      <data key="d37"/>
      <data key="d38">
        <y:PolyLineEdge>
          <y:Path sx="0.0" sy="0.0" tx="0.0" ty="0.0">
            <y:Point x="516.849975586" y="552.650024414"/>
          </y:Path>
          <y:LineStyle color="#3366FF" type="line" width="3.0"/>
          <y:Arrows source="none" target="none"/>
          <y:BendStyle smoothed="false"/>
        </y:PolyLineEdge>
      </data>
    </edge>
    <edge id="e18" source="n10" target="n11">
      <data key="d35"><![CDATA[10 Gbit/s]]></data>
      <data key="d37"/>
      <data key="d38">
        <y:PolyLineEdge>
          <y:Path sx="0.0" sy="0.0" tx="0.0" ty="0.0">
            <y:Point x="610.25" y="509.450012207"/>
          </y:Path>
          <y:LineStyle color="#000000" type="line" width="3.0"/>
          <y:Arrows source="none" target="none"/>
          <y:BendStyle smoothed="false"/>
        </y:PolyLineEdge>
      </data>
    </edge>
    <edge id="e19" source="n10" target="n13">
      <data key="d35"><![CDATA[10 Gbit/s]]></data>
      <data key="d37"/>
      <data key="d38">
        <y:PolyLineEdge>
          <y:Path sx="0.0" sy="0.0" tx="0.0" ty="0.0"/>
          <y:LineStyle color="#000000" type="line" width="3.0"/>
          <y:Arrows source="none" target="none"/>
          <y:BendStyle smoothed="false"/>
        </y:PolyLineEdge>
      </data>
    </edge>
    <edge id="e20" source="n10" target="n15">
      <data key="d35"><![CDATA[2.5 Gbit/s]]></data>
      <data key="d37"/>
      <data key="d38">
        <y:PolyLineEdge>
          <y:Path sx="0.0" sy="0.0" tx="0.0" ty="0.0">
            <y:Point x="311.25" y="645.450012207"/>
          </y:Path>
          <y:LineStyle color="#FF0000" type="line" width="3.0"/>
          <y:Arrows source="none" target="none"/>
          <y:BendStyle smoothed="false"/>
        </y:PolyLineEdge>
      </data>
    </edge>
    <edge id="e21" source="n11" target="n12">
      <data key="d35"><![CDATA[10 Gbit/s]]></data>
      <data key="d37"/>
      <data key="d38">
        <y:PolyLineEdge>
          <y:Path sx="0.0" sy="0.0" tx="0.0" ty="0.0">
            <y:Point x="804.25" y="489.450012207"/>
          </y:Path>
          <y:LineStyle color="#000000" type="line" width="3.0"/>
          <y:Arrows source="none" target="none"/>
          <y:BendStyle smoothed="false"/>
        </y:PolyLineEdge>
      </data>
    </edge>
    <edge id="e22" source="n11" target="n14">
      <data key="d35"><![CDATA[10 Gbit/s]]></data>
      <data key="d37"/>
      <data key="d38">
        <y:PolyLineEdge>
          <y:Path sx="0.0" sy="0.0" tx="0.0" ty="0.0">
            <y:Point x="736.25" y="677.450012207"/>
          </y:Path>
          <y:LineStyle color="#000000" type="line" width="3.0"/>
          <y:Arrows source="none" target="none"/>
          <y:BendStyle smoothed="false"/>
        </y:PolyLineEdge>
      </data>
    </edge>
    <edge id="e23" source="n11" target="n19">
      <data key="d35"><![CDATA[2.5 Gbit/s]]></data>
      <data key="d37"/>
      <data key="d38">
        <y:PolyLineEdge>
          <y:Path sx="0.0" sy="0.0" tx="0.0" ty="0.0">
            <y:Point x="757.25" y="613.450012207"/>
          </y:Path>
          <y:LineStyle color="#FF0000" type="line" width="3.0"/>
          <y:Arrows source="none" target="none"/>
          <y:BendStyle smoothed="false"/>
        </y:PolyLineEdge>
      </data>
    </edge>
    <edge id="e24" source="n11" target="n24">
      <data key="d35"><![CDATA[622 Mbit/s]]></data>
      <data key="d37"/>
      <data key="d38">
        <y:PolyLineEdge>
          <y:Path sx="0.0" sy="0.0" tx="0.0" ty="0.0">
            <y:Point x="753.849975586" y="876.650024414"/>
          </y:Path>
          <y:LineStyle color="#FFFF00" type="line" width="3.0"/>
          <y:Arrows source="none" target="none"/>
          <y:BendStyle smoothed="false"/>
        </y:PolyLineEdge>
      </data>
    </edge>
    <edge id="e25" source="n12" target="n17">
      <data key="d35"><![CDATA[2.5 Gbit/s]]></data>
      <data key="d37"/>
      <data key="d38">
        <y:PolyLineEdge>
          <y:Path sx="0.0" sy="0.0" tx="0.0" ty="0.0">
            <y:Point x="789.25" y="583.450012207"/>
          </y:Path>
          <y:LineStyle color="#FF0000" type="line" width="3.0"/>
          <y:Arrows source="none" target="none"/>
          <y:BendStyle smoothed="false"/>
        </y:PolyLineEdge>
      </data>
    </edge>
    <edge id="e26" source="n13" target="n19">
      <data key="d35"><![CDATA[10 Gbit/s]]></data>
      <data key="d37"/>
      <data key="d38">
        <y:PolyLineEdge>
          <y:Path sx="0.0" sy="0.0" tx="0.0" ty="0.0"/>
          <y:LineStyle color="#000000" type="line" width="3.0"/>
          <y:Arrows source="none" target="none"/>
          <y:BendStyle smoothed="false"/>
        </y:PolyLineEdge>
      </data>
    </edge>
    <edge id="e27" source="n13" target="n14">
      <data key="d35"><![CDATA[10 Gbit/s]]></data>
      <data key="d37"/>
      <data key="d38">
        <y:PolyLineEdge>
          <y:Path sx="0.0" sy="0.0" tx="0.0" ty="0.0"/>
          <y:LineStyle color="#000000" type="line" width="3.0"/>
          <y:Arrows source="none" target="none"/>
          <y:BendStyle smoothed="false"/>
        </y:PolyLineEdge>
      </data>
    </edge>
    <edge id="e28" source="n14" target="n15">
      <data key="d35"><![CDATA[2.5 Gbit/s]]></data>
      <data key="d37"/>
      <data key="d38">
        <y:PolyLineEdge>
          <y:Path sx="0.0" sy="0.0" tx="0.0" ty="0.0"/>
          <y:LineStyle color="#FF0000" type="line" width="3.0"/>
          <y:Arrows source="none" target="none"/>
          <y:BendStyle smoothed="false"/>
        </y:PolyLineEdge>
      </data>
    </edge>
    <edge id="e29" source="n15" target="n16">
      <data key="d35"><![CDATA[622 Mbit/s]]></data>
      <data key="d37"/>
      <data key="d38">
        <y:PolyLineEdge>
          <y:Path sx="0.0" sy="0.0" tx="0.0" ty="0.0"/>
          <y:LineStyle color="#FFFF00" type="line" width="3.0"/>
          <y:Arrows source="none" target="none"/>
          <y:BendStyle smoothed="false"/>
        </y:PolyLineEdge>
      </data>
    </edge>
    <edge id="e30" source="n17" target="n18">
      <data key="d35"><![CDATA[2.5 Gbit/s]]></data>
      <data key="d37"/>
      <data key="d38">
        <y:PolyLineEdge>
          <y:Path sx="0.0" sy="0.0" tx="0.0" ty="0.0"/>
          <y:LineStyle color="#FF0000" type="line" width="3.0"/>
          <y:Arrows source="none" target="none"/>
          <y:BendStyle smoothed="false"/>
        </y:PolyLineEdge>
      </data>
    </edge>
    <edge id="e31" source="n18" target="n19">
      <data key="d35"><![CDATA[2.5 Gbit/s]]></data>
      <data key="d37"/>
      <data key="d38">
        <y:PolyLineEdge>
          <y:Path sx="0.0" sy="0.0" tx="0.0" ty="0.0">
            <y:Point x="845.25" y="637.450012207"/>
          </y:Path>
          <y:LineStyle color="#FF0000" type="line" width="3.0"/>
          <y:Arrows source="none" target="none"/>
          <y:BendStyle smoothed="false"/>
        </y:PolyLineEdge>
      </data>
    </edge>
    <edge id="e32" source="n18" target="n20">
      <data key="d35"><![CDATA[155 Mbit/s]]></data>
      <data key="d37"/>
      <data key="d38">
        <y:PolyLineEdge>
          <y:Path sx="0.0" sy="0.0" tx="0.0" ty="0.0"/>
          <y:LineStyle color="#3366FF" type="line" width="3.0"/>
          <y:Arrows source="none" target="none"/>
          <y:BendStyle smoothed="false"/>
        </y:PolyLineEdge>
      </data>
    </edge>
    <edge id="e33" source="n18" target="n23">
      <data key="d35"><![CDATA[34 Mbit/s]]></data>
      <data key="d37"/>
      <data key="d38">
        <y:PolyLineEdge>
          <y:Path sx="0.0" sy="0.0" tx="0.0" ty="0.0"/>
          <y:LineStyle color="#993366" type="line" width="3.0"/>
          <y:Arrows source="none" target="none"/>
          <y:BendStyle smoothed="false"/>
        </y:PolyLineEdge>
      </data>
    </edge>
    <edge id="e34" source="n19" target="n20">
      <data key="d35"><![CDATA[622 Mbit/s]]></data>
      <data key="d37"/>
      <data key="d38">
        <y:PolyLineEdge>
          <y:Path sx="0.0" sy="0.0" tx="0.0" ty="0.0"/>
          <y:LineStyle color="#FFFF00" type="line" width="3.0"/>
          <y:Arrows source="none" target="none"/>
          <y:BendStyle smoothed="false"/>
        </y:PolyLineEdge>
      </data>
    </edge>
    <edge id="e35" source="n19" target="n21">
      <data key="d35"><![CDATA[34 Mbit/s]]></data>
      <data key="d37"/>
      <data key="d38">
        <y:PolyLineEdge>
          <y:Path sx="0.0" sy="0.0" tx="0.0" ty="0.0">
            <y:Point x="749.770019531" y="773.530029297"/>
          </y:Path>
          <y:LineStyle color="#993366" type="line" width="3.0"/>
          <y:Arrows source="none" target="none"/>
          <y:BendStyle smoothed="false"/>
        </y:PolyLineEdge>
      </data>
    </edge>
    <edge id="e36" source="n22" target="n24">
      <data key="d35"><![CDATA[34 Mbit/s]]></data>
      <data key="d37"/>
      <data key="d38">
        <y:PolyLineEdge>
          <y:Path sx="0.0" sy="0.0" tx="0.0" ty="0.0"/>
          <y:LineStyle color="#993366" type="line" width="3.0"/>
          <y:Arrows source="none" target="none"/>
          <y:BendStyle smoothed="false"/>
        </y:PolyLineEdge>
      </data>
    </edge>
    <edge id="e37" source="n24" target="n25">
      <data key="d35"><![CDATA[34 Mbit/s]]></data>
      <data key="d37"/>
      <data key="d38">
        <y:PolyLineEdge>
          <y:Path sx="0.0" sy="0.0" tx="0.0" ty="0.0"/>
          <y:LineStyle color="#993366" type="line" width="3.0"/>
          <y:Arrows source="none" target="none"/>
          <y:BendStyle smoothed="false"/>
        </y:PolyLineEdge>
      </data>
    </edge>
  </graph>
  <data key="d0">
    <y:Resources/>
  </data>
</graphml>
