<?xml version="1.0" encoding="UTF-8" standalone="no"?>
<graphml xmlns="http://graphml.graphdrawing.org/xmlns" xmlns:xsi="http://www.w3.org/2001/XMLSchema-instance" xmlns:y="http://www.yworks.com/xml/graphml" xmlns:yed="http://www.yworks.com/xml/yed/3" xsi:schemaLocation="http://graphml.graphdrawing.org/xmlns http://www.yworks.com/xml/schema/graphml/1.1/ygraphml.xsd">
  <!--Created by yFiles for Java 2.8-->
  <key for="graphml" id="d0" yfiles.type="resources"/>
  <key for="port" id="d1" yfiles.type="portgraphics"/>
  <key for="port" id="d2" yfiles.type="portgeometry"/>
  <key for="port" id="d3" yfiles.type="portuserdata"/>
  <key attr.name="Internal" attr.type="boolean" for="node" id="d4"/>
  <key attr.name="url" attr.type="string" for="node" id="d5"/>
  <key attr.name="description" attr.type="string" for="node" id="d6"/>
  <key for="node" id="d7" yfiles.type="nodegraphics"/>
  <key attr.name="Access" attr.type="boolean" for="graph" id="d8"/>
  <key attr.name="Backbone" attr.type="boolean" for="graph" id="d9"/>
  <key attr.name="Commercial" attr.type="boolean" for="graph" id="d10"/>
  <key attr.name="Creator" attr.type="string" for="graph" id="d11"/>
  <key attr.name="Customer" attr.type="boolean" for="graph" id="d12"/>
  <key attr.name="DateModifier" attr.type="string" for="graph" id="d13"/>
  <key attr.name="DateMonth" attr.type="string" for="graph" id="d14"/>
  <key attr.name="DateObtained" attr.type="string" for="graph" id="d15"/>
  <key attr.name="DateType" attr.type="string" for="graph" id="d16"/>
  <key attr.name="DateYear" attr.type="string" for="graph" id="d17"/>
  <key attr.name="Developed" attr.type="boolean" for="graph" id="d18"/>
  <key attr.name="GeoExtent" attr.type="string" for="graph" id="d19"/>
  <key attr.name="GeoLocation" attr.type="string" for="graph" id="d20"/>
  <key attr.name="IX" attr.type="boolean" for="graph" id="d21"/>
  <key attr.name="LastAccess" attr.type="string" for="graph" id="d22"/>
  <key attr.name="LastProcessed" attr.type="string" for="graph" id="d23"/>
  <key attr.name="Layer" attr.type="string" for="graph" id="d24"/>
  <key attr.name="Network" attr.type="string" for="graph" id="d25"/>
  <key attr.name="NetworkDate" attr.type="string" for="graph" id="d26"/>
  <key attr.name="Note" attr.type="string" for="graph" id="d27"/>
  <key attr.name="Provenance" attr.type="string" for="graph" id="d28"/>
  <key attr.name="Source" attr.type="string" for="graph" id="d29"/>
  <key attr.name="Testbed" attr.type="boolean" for="graph" id="d30"/>
  <key attr.name="Transit" attr.type="boolean" for="graph" id="d31"/>
  <key attr.name="Type" attr.type="string" for="graph" id="d32"/>
  <key attr.name="Version" attr.type="string" for="graph" id="d33"/>
  <key attr.name="label" attr.type="string" for="edge" id="d34"/>
  <key attr.name="url" attr.type="string" for="edge" id="d35"/>
  <key attr.name="description" attr.type="string" for="edge" id="d36"/>
  <key for="edge" id="d37" yfiles.type="edgegraphics"/>
  <graph edgedefault="directed" id="G">
    <data key="d8">true</data>
    <data key="d9">true</data>
    <data key="d10">false</data>
    <data key="d11"><![CDATA[Topology Zoo Toolset]]></data>
    <data key="d12">true</data>
    <data key="d13"><![CDATA[=]]></data>
    <data key="d14"><![CDATA[01]]></data>
    <data key="d15"><![CDATA[14/01/11]]></data>
    <data key="d16"><![CDATA[Current]]></data>
    <data key="d17"><![CDATA[2011]]></data>
    <data key="d18">true</data>
    <data key="d19"><![CDATA[Country]]></data>
    <data key="d20"><![CDATA[USA]]></data>
    <data key="d21">false</data>
    <data key="d22"><![CDATA[14/01/11]]></data>
    <data key="d23"><![CDATA[2011_09_01]]></data>
    <data key="d24"><![CDATA[IP]]></data>
    <data key="d25"><![CDATA[GridNet]]></data>
    <data key="d26"><![CDATA[2011_01]]></data>
    <data key="d27"><![CDATA[Owned by WorldCom - public data net. http://books.google.com.au/books?id=pw4EAAAAMBAJ&pg=PA24&lpg=PA24&dq=GridNet+Network&source=bl&ots=QrtyD7bAeG&sig=46WUmRkmTyaiQFcJ2IBv3KclZa8&hl=en&ei=SQTaTa2JCo7WtQOzoKWODA&sa=X&oi=book_result&ct=result&resnum=9&ved=0CFIQ6AEwCA#v=onepage&q=GridNet%20Network&f=false]]></data>
    <data key="d28"><![CDATA[Secondary]]></data>
    <data key="d29"><![CDATA[http://www.nthelp.com/images/gridnet.jpg]]></data>
    <data key="d30">false</data>
    <data key="d31">false</data>
    <data key="d32"><![CDATA[COM]]></data>
    <data key="d33"><![CDATA[1.0]]></data>
    <node id="n0">
      <data key="d4">true</data>
      <data key="d6"/>
      <data key="d7">
        <y:ShapeNode>
          <y:Geometry height="15.0" width="15.0" x="85.0" y="491.0"/>
          <y:Fill color="#FFCC00" transparent="false"/>
          <y:BorderStyle color="#000000" type="line" width="1.0"/>
          <y:NodeLabel alignment="center" autoSizePolicy="content" fontFamily="Dialog" fontSize="8" fontStyle="plain" hasBackgroundColor="false" hasLineColor="false" height="13.421875" modelName="internal" modelPosition="c" textColor="#000000" visible="true" width="56.66796875" x="-20.833984375" y="0.7890625">San Francisco</y:NodeLabel>
          <y:Shape type="ellipse"/>
        </y:ShapeNode>
      </data>
    </node>
    <node id="n1">
      <data key="d4">true</data>
      <data key="d6"/>
      <data key="d7">
        <y:ShapeNode>
          <y:Geometry height="15.0" width="15.0" x="142.0" y="587.0"/>
          <y:Fill color="#FFCC00" transparent="false"/>
          <y:BorderStyle color="#000000" type="line" width="1.0"/>
          <y:NodeLabel alignment="center" autoSizePolicy="content" fontFamily="Dialog" fontSize="8" fontStyle="plain" hasBackgroundColor="false" hasLineColor="false" height="13.421875" modelName="internal" modelPosition="c" textColor="#000000" visible="true" width="50.56640625" x="-17.783203125" y="0.7890625">Los Angeles</y:NodeLabel>
          <y:Shape type="ellipse"/>
        </y:ShapeNode>
      </data>
    </node>
    <node id="n2">
      <data key="d4">true</data>
      <data key="d6"/>
      <data key="d7">
        <y:ShapeNode>
          <y:Geometry height="15.0" width="15.0" x="952.0" y="431.0"/>
          <y:Fill color="#FFCC00" transparent="false"/>
          <y:BorderStyle color="#000000" type="line" width="1.0"/>
          <y:NodeLabel alignment="center" autoSizePolicy="content" fontFamily="Dialog" fontSize="8" fontStyle="plain" hasBackgroundColor="false" hasLineColor="false" height="13.421875" modelName="internal" modelPosition="c" textColor="#000000" visible="true" width="40.91015625" x="-12.955078125" y="0.7890625">New York</y:NodeLabel>
          <y:Shape type="ellipse"/>
        </y:ShapeNode>
      </data>
    </node>
    <node id="n3">
      <data key="d4">true</data>
      <data key="d6"/>
      <data key="d7">
        <y:ShapeNode>
          <y:Geometry height="15.0" width="15.0" x="928.0" y="439.0"/>
          <y:Fill color="#FFCC00" transparent="false"/>
          <y:BorderStyle color="#000000" type="line" width="1.0"/>
          <y:NodeLabel alignment="center" autoSizePolicy="content" fontFamily="Dialog" fontSize="8" fontStyle="plain" hasBackgroundColor="false" hasLineColor="false" height="13.421875" modelName="internal" modelPosition="c" textColor="#000000" visible="true" width="32.8984375" x="-8.94921875" y="0.7890625">Newark</y:NodeLabel>
          <y:Shape type="ellipse"/>
        </y:ShapeNode>
      </data>
    </node>
    <node id="n4">
      <data key="d4">true</data>
      <data key="d6"/>
      <data key="d7">
        <y:ShapeNode>
          <y:Geometry height="15.0" width="15.0" x="905.0" y="492.0"/>
          <y:Fill color="#FFCC00" transparent="false"/>
          <y:BorderStyle color="#000000" type="line" width="1.0"/>
          <y:NodeLabel alignment="center" autoSizePolicy="content" fontFamily="Dialog" fontSize="8" fontStyle="plain" hasBackgroundColor="false" hasLineColor="false" height="13.421875" modelName="internal" modelPosition="c" textColor="#000000" visible="true" width="66.03125" x="-25.515625" y="0.7890625">Washington, DC</y:NodeLabel>
          <y:Shape type="ellipse"/>
        </y:ShapeNode>
      </data>
    </node>
    <node id="n5">
      <data key="d4">true</data>
      <data key="d6"/>
      <data key="d7">
        <y:ShapeNode>
          <y:Geometry height="15.0" width="15.0" x="786.0" y="625.0"/>
          <y:Fill color="#FFCC00" transparent="false"/>
          <y:BorderStyle color="#000000" type="line" width="1.0"/>
          <y:NodeLabel alignment="center" autoSizePolicy="content" fontFamily="Dialog" fontSize="8" fontStyle="plain" hasBackgroundColor="false" hasLineColor="false" height="13.421875" modelName="internal" modelPosition="c" textColor="#000000" visible="true" width="31.6171875" x="-8.30859375" y="0.7890625">Atlanta</y:NodeLabel>
          <y:Shape type="ellipse"/>
        </y:ShapeNode>
      </data>
    </node>
    <node id="n6">
      <data key="d4">true</data>
      <data key="d6"/>
      <data key="d7">
        <y:ShapeNode>
          <y:Geometry height="15.0" width="15.0" x="548.0" y="662.0"/>
          <y:Fill color="#FFCC00" transparent="false"/>
          <y:BorderStyle color="#000000" type="line" width="1.0"/>
          <y:NodeLabel alignment="center" autoSizePolicy="content" fontFamily="Dialog" fontSize="8" fontStyle="plain" hasBackgroundColor="false" hasLineColor="false" height="13.421875" modelName="internal" modelPosition="c" textColor="#000000" visible="true" width="27.53125" x="-6.265625" y="0.7890625">Dallas</y:NodeLabel>
          <y:Shape type="ellipse"/>
        </y:ShapeNode>
      </data>
    </node>
    <node id="n7">
      <data key="d4">true</data>
      <data key="d6"/>
      <data key="d7">
        <y:ShapeNode>
          <y:Geometry height="15.0" width="15.0" x="896.0" y="786.0"/>
          <y:Fill color="#FFCC00" transparent="false"/>
          <y:BorderStyle color="#000000" type="line" width="1.0"/>
          <y:NodeLabel alignment="center" autoSizePolicy="content" fontFamily="Dialog" fontSize="8" fontStyle="plain" hasBackgroundColor="false" hasLineColor="false" height="13.421875" modelName="internal" modelPosition="c" textColor="#000000" visible="true" width="27.40234375" x="-6.201171875" y="0.7890625">Miami</y:NodeLabel>
          <y:Shape type="ellipse"/>
        </y:ShapeNode>
      </data>
    </node>
    <node id="n8">
      <data key="d4">true</data>
      <data key="d6"/>
      <data key="d7">
        <y:ShapeNode>
          <y:Geometry height="15.0" width="15.0" x="581.0" y="746.0"/>
          <y:Fill color="#FFCC00" transparent="false"/>
          <y:BorderStyle color="#000000" type="line" width="1.0"/>
          <y:NodeLabel alignment="center" autoSizePolicy="content" fontFamily="Dialog" fontSize="8" fontStyle="plain" hasBackgroundColor="false" hasLineColor="false" height="13.421875" modelName="internal" modelPosition="c" textColor="#000000" visible="true" width="36.70703125" x="-10.853515625" y="0.7890625">Houston</y:NodeLabel>
          <y:Shape type="ellipse"/>
        </y:ShapeNode>
      </data>
    </node>
    <edge id="e0" source="n0" target="n1">
      <data key="d34"><![CDATA[45 Mbps DS-3]]></data>
      <data key="d36"/>
      <data key="d37">
        <y:PolyLineEdge>
          <y:Path sx="0.0" sy="0.0" tx="0.0" ty="0.0"/>
          <y:LineStyle color="#00FF00" type="line" width="4.0"/>
          <y:Arrows source="none" target="none"/>
          <y:BendStyle smoothed="false"/>
        </y:PolyLineEdge>
      </data>
    </edge>
    <edge id="e1" source="n0" target="n3">
      <data key="d34"><![CDATA[45 Mbps DS-3]]></data>
      <data key="d36"/>
      <data key="d37">
        <y:PolyLineEdge>
          <y:Path sx="0.0" sy="0.0" tx="0.0" ty="0.0"/>
          <y:LineStyle color="#00FF00" type="line" width="4.0"/>
          <y:Arrows source="none" target="none"/>
          <y:BendStyle smoothed="false"/>
        </y:PolyLineEdge>
      </data>
    </edge>
    <edge id="e2" source="n0" target="n4">
      <data key="d34"><![CDATA[45 Mbps DS-3]]></data>
      <data key="d36"/>
      <data key="d37">
        <y:PolyLineEdge>
          <y:Path sx="0.0" sy="0.0" tx="0.0" ty="0.0"/>
          <y:LineStyle color="#00FF00" type="line" width="4.0"/>
          <y:Arrows source="none" target="none"/>
          <y:BendStyle smoothed="false"/>
        </y:PolyLineEdge>
      </data>
    </edge>
    <edge id="e3" source="n0" target="n5">
      <data key="d34"><![CDATA[45 Mbps DS-3]]></data>
      <data key="d36"/>
      <data key="d37">
        <y:PolyLineEdge>
          <y:Path sx="0.0" sy="0.0" tx="0.0" ty="0.0"/>
          <y:LineStyle color="#00FF00" type="line" width="4.0"/>
          <y:Arrows source="none" target="none"/>
          <y:BendStyle smoothed="false"/>
        </y:PolyLineEdge>
      </data>
    </edge>
    <edge id="e4" source="n0" target="n6">
      <data key="d34"><![CDATA[45 Mbps DS-3]]></data>
      <data key="d36"/>
      <data key="d37">
        <y:PolyLineEdge>
          <y:Path sx="0.0" sy="0.0" tx="0.0" ty="0.0"/>
          <y:LineStyle color="#00FF00" type="line" width="4.0"/>
          <y:Arrows source="none" target="none"/>
          <y:BendStyle smoothed="false"/>
        </y:PolyLineEdge>
      </data>
    </edge>
    <edge id="e5" source="n1" target="n8">
      <data key="d34"><![CDATA[45 Mbps DS-3]]></data>
      <data key="d36"/>
      <data key="d37">
        <y:PolyLineEdge>
          <y:Path sx="0.0" sy="0.0" tx="0.0" ty="0.0"/>
          <y:LineStyle color="#00FF00" type="line" width="4.0"/>
          <y:Arrows source="none" target="none"/>
          <y:BendStyle smoothed="false"/>
        </y:PolyLineEdge>
      </data>
    </edge>
    <edge id="e6" source="n1" target="n2">
      <data key="d34"><![CDATA[45 Mbps DS-3]]></data>
      <data key="d36"/>
      <data key="d37">
        <y:PolyLineEdge>
          <y:Path sx="0.0" sy="0.0" tx="0.0" ty="0.0">
            <y:Point x="407.0" y="420.0"/>
          </y:Path>
          <y:LineStyle color="#00FF00" type="line" width="4.0"/>
          <y:Arrows source="none" target="none"/>
          <y:BendStyle smoothed="false"/>
        </y:PolyLineEdge>
      </data>
    </edge>
    <edge id="e7" source="n1" target="n7">
      <data key="d34"><![CDATA[45 Mbps DS-3]]></data>
      <data key="d36"/>
      <data key="d37">
        <y:PolyLineEdge>
          <y:Path sx="0.0" sy="0.0" tx="0.0" ty="0.0"/>
          <y:LineStyle color="#00FF00" type="line" width="4.0"/>
          <y:Arrows source="none" target="none"/>
          <y:BendStyle smoothed="false"/>
        </y:PolyLineEdge>
      </data>
    </edge>
    <edge id="e8" source="n2" target="n8">
      <data key="d34"><![CDATA[45 Mbps DS-3]]></data>
      <data key="d36"/>
      <data key="d37">
        <y:PolyLineEdge>
          <y:Path sx="0.0" sy="0.0" tx="0.0" ty="0.0">
            <y:Point x="765.762695312" y="710.624023438"/>
          </y:Path>
          <y:LineStyle color="#00FF00" type="line" width="4.0"/>
          <y:Arrows source="none" target="none"/>
          <y:BendStyle smoothed="false"/>
        </y:PolyLineEdge>
      </data>
    </edge>
    <edge id="e9" source="n2" target="n3">
      <data key="d34"><![CDATA[45 Mbps DS-3]]></data>
      <data key="d36"/>
      <data key="d37">
        <y:PolyLineEdge>
          <y:Path sx="0.0" sy="0.0" tx="0.0" ty="0.0"/>
          <y:LineStyle color="#00FF00" type="line" width="4.0"/>
          <y:Arrows source="none" target="none"/>
          <y:BendStyle smoothed="false"/>
        </y:PolyLineEdge>
      </data>
    </edge>
    <edge id="e10" source="n2" target="n7">
      <data key="d34"><![CDATA[45 Mbps DS-3]]></data>
      <data key="d36"/>
      <data key="d37">
        <y:PolyLineEdge>
          <y:Path sx="0.0" sy="0.0" tx="0.0" ty="0.0"/>
          <y:LineStyle color="#00FF00" type="line" width="4.0"/>
          <y:Arrows source="none" target="none"/>
          <y:BendStyle smoothed="false"/>
        </y:PolyLineEdge>
      </data>
    </edge>
    <edge id="e11" source="n3" target="n4">
      <data key="d34"><![CDATA[45 Mbps DS-3]]></data>
      <data key="d36"/>
      <data key="d37">
        <y:PolyLineEdge>
          <y:Path sx="0.0" sy="0.0" tx="0.0" ty="0.0"/>
          <y:LineStyle color="#00FF00" type="line" width="4.0"/>
          <y:Arrows source="none" target="none"/>
          <y:BendStyle smoothed="false"/>
        </y:PolyLineEdge>
      </data>
    </edge>
    <edge id="e12" source="n3" target="n5">
      <data key="d34"><![CDATA[45 Mbps DS-3]]></data>
      <data key="d36"/>
      <data key="d37">
        <y:PolyLineEdge>
          <y:Path sx="0.0" sy="0.0" tx="0.0" ty="0.0">
            <y:Point x="921.0" y="488.0"/>
          </y:Path>
          <y:LineStyle color="#00FF00" type="line" width="4.0"/>
          <y:Arrows source="none" target="none"/>
          <y:BendStyle smoothed="false"/>
        </y:PolyLineEdge>
      </data>
    </edge>
    <edge id="e13" source="n3" target="n6">
      <data key="d34"><![CDATA[45 Mbps DS-3]]></data>
      <data key="d36"/>
      <data key="d37">
        <y:PolyLineEdge>
          <y:Path sx="0.0" sy="0.0" tx="0.0" ty="0.0"/>
          <y:LineStyle color="#00FF00" type="line" width="4.0"/>
          <y:Arrows source="none" target="none"/>
          <y:BendStyle smoothed="false"/>
        </y:PolyLineEdge>
      </data>
    </edge>
    <edge id="e14" source="n4" target="n5">
      <data key="d34"><![CDATA[45 Mbps DS-3]]></data>
      <data key="d36"/>
      <data key="d37">
        <y:PolyLineEdge>
          <y:Path sx="0.0" sy="0.0" tx="0.0" ty="0.0"/>
          <y:LineStyle color="#00FF00" type="line" width="4.0"/>
          <y:Arrows source="none" target="none"/>
          <y:BendStyle smoothed="false"/>
        </y:PolyLineEdge>
      </data>
    </edge>
    <edge id="e15" source="n4" target="n6">
      <data key="d34"><![CDATA[45 Mbps DS-3]]></data>
      <data key="d36"/>
      <data key="d37">
        <y:PolyLineEdge>
          <y:Path sx="0.0" sy="0.0" tx="0.0" ty="0.0"/>
          <y:LineStyle color="#00FF00" type="line" width="4.0"/>
          <y:Arrows source="none" target="none"/>
          <y:BendStyle smoothed="false"/>
        </y:PolyLineEdge>
      </data>
    </edge>
    <edge id="e16" source="n5" target="n6">
      <data key="d34"><![CDATA[45 Mbps DS-3]]></data>
      <data key="d36"/>
      <data key="d37">
        <y:PolyLineEdge>
          <y:Path sx="0.0" sy="0.0" tx="0.0" ty="0.0"/>
          <y:LineStyle color="#00FF00" type="line" width="4.0"/>
          <y:Arrows source="none" target="none"/>
          <y:BendStyle smoothed="false"/>
        </y:PolyLineEdge>
      </data>
    </edge>
    <edge id="e17" source="n5" target="n7">
      <data key="d34"><![CDATA[45 Mbps DS-3]]></data>
      <data key="d36"/>
      <data key="d37">
        <y:PolyLineEdge>
          <y:Path sx="0.0" sy="0.0" tx="0.0" ty="0.0"/>
          <y:LineStyle color="#00FF00" type="line" width="4.0"/>
          <y:Arrows source="none" target="none"/>
          <y:BendStyle smoothed="false"/>
        </y:PolyLineEdge>
      </data>
    </edge>
    <edge id="e18" source="n6" target="n8">
      <data key="d34"><![CDATA[45 Mbps DS-3]]></data>
      <data key="d36"/>
      <data key="d37">
        <y:PolyLineEdge>
          <y:Path sx="0.0" sy="0.0" tx="0.0" ty="0.0"/>
          <y:LineStyle color="#00FF00" type="line" width="4.0"/>
          <y:Arrows source="none" target="none"/>
          <y:BendStyle smoothed="false"/>
        </y:PolyLineEdge>
      </data>
    </edge>
    <edge id="e19" source="n7" target="n8">
      <data key="d34"><![CDATA[45 Mbps DS-3]]></data>
      <data key="d36"/>
      <data key="d37">
        <y:PolyLineEdge>
          <y:Path sx="0.0" sy="0.0" tx="0.0" ty="0.0"/>
          <y:LineStyle color="#00FF00" type="line" width="4.0"/>
          <y:Arrows source="none" target="none"/>
          <y:BendStyle smoothed="false"/>
        </y:PolyLineEdge>
      </data>
    </edge>
  </graph>
  <data key="d0">
    <y:Resources/>
  </data>
</graphml>
