<?xml version="1.0" encoding="UTF-8" standalone="no"?>
<graphml xmlns="http://graphml.graphdrawing.org/xmlns" xmlns:xsi="http://www.w3.org/2001/XMLSchema-instance" xmlns:y="http://www.yworks.com/xml/graphml" xmlns:yed="http://www.yworks.com/xml/yed/3" xsi:schemaLocation="http://graphml.graphdrawing.org/xmlns http://www.yworks.com/xml/schema/graphml/1.1/ygraphml.xsd">
  <!--Created by yFiles for Java 2.8-->
  <key for="graphml" id="d0" yfiles.type="resources"/>
  <key for="port" id="d1" yfiles.type="portgraphics"/>
  <key for="port" id="d2" yfiles.type="portgeometry"/>
  <key for="port" id="d3" yfiles.type="portuserdata"/>
  <key attr.name="Internal" attr.type="boolean" for="node" id="d4"/>
  <key attr.name="geocode_append" attr.type="string" for="node" id="d5"/>
  <key attr.name="hyperedge" attr.type="boolean" for="node" id="d6"/>
  <key attr.name="type" attr.type="string" for="node" id="d7"/>
  <key attr.name="url" attr.type="string" for="node" id="d8"/>
  <key attr.name="description" attr.type="string" for="node" id="d9"/>
  <key for="node" id="d10" yfiles.type="nodegraphics"/>
  <key attr.name="Access" attr.type="boolean" for="graph" id="d11"/>
  <key attr.name="Backbone" attr.type="boolean" for="graph" id="d12"/>
  <key attr.name="Commercial" attr.type="boolean" for="graph" id="d13"/>
  <key attr.name="Creator" attr.type="string" for="graph" id="d14"/>
  <key attr.name="Customer" attr.type="boolean" for="graph" id="d15"/>
  <key attr.name="DateModifier" attr.type="string" for="graph" id="d16"/>
  <key attr.name="DateMonth" attr.type="string" for="graph" id="d17"/>
  <key attr.name="DateObtained" attr.type="string" for="graph" id="d18"/>
  <key attr.name="DateType" attr.type="string" for="graph" id="d19"/>
  <key attr.name="DateYear" attr.type="string" for="graph" id="d20"/>
  <key attr.name="Developed" attr.type="boolean" for="graph" id="d21"/>
  <key attr.name="GeoExtent" attr.type="string" for="graph" id="d22"/>
  <key attr.name="GeoLocation" attr.type="string" for="graph" id="d23"/>
  <key attr.name="IX" attr.type="boolean" for="graph" id="d24"/>
  <key attr.name="LastAccess" attr.type="string" for="graph" id="d25"/>
  <key attr.name="LastProcessed" attr.type="string" for="graph" id="d26"/>
  <key attr.name="Layer" attr.type="string" for="graph" id="d27"/>
  <key attr.name="Network" attr.type="string" for="graph" id="d28"/>
  <key attr.name="NetworkDate" attr.type="string" for="graph" id="d29"/>
  <key attr.name="Note" attr.type="string" for="graph" id="d30"/>
  <key attr.name="Provenance" attr.type="string" for="graph" id="d31"/>
  <key attr.name="Source" attr.type="string" for="graph" id="d32"/>
  <key attr.name="Testbed" attr.type="boolean" for="graph" id="d33"/>
  <key attr.name="Transit" attr.type="boolean" for="graph" id="d34"/>
  <key attr.name="Type" attr.type="string" for="graph" id="d35"/>
  <key attr.name="Version" attr.type="string" for="graph" id="d36"/>
  <key attr.name="label" attr.type="string" for="edge" id="d37"/>
  <key attr.name="url" attr.type="string" for="edge" id="d38"/>
  <key attr.name="description" attr.type="string" for="edge" id="d39"/>
  <key for="edge" id="d40" yfiles.type="edgegraphics"/>
  <graph edgedefault="directed" id="G">
    <data key="d11">false</data>
    <data key="d12">true</data>
    <data key="d13">false</data>
    <data key="d14"><![CDATA[Topology Zoo Toolset]]></data>
    <data key="d15">false</data>
    <data key="d16"><![CDATA[=]]></data>
    <data key="d17"><![CDATA[03]]></data>
    <data key="d18"><![CDATA[23/03/11]]></data>
    <data key="d19"><![CDATA[Current]]></data>
    <data key="d20"><![CDATA[2011]]></data>
    <data key="d21">false</data>
    <data key="d22"><![CDATA[Continent+]]></data>
    <data key="d23"><![CDATA[North America, Europe]]></data>
    <data key="d24">false</data>
    <data key="d25"><![CDATA[23/03/11]]></data>
    <data key="d26"><![CDATA[2011_09_01]]></data>
    <data key="d27"><![CDATA[IP]]></data>
    <data key="d28"><![CDATA[Hibernia Atlantic ]]></data>
    <data key="d29"><![CDATA[2011_03]]></data>
    <data key="d30"><![CDATA[Links unclear around Washington DC. Londonderry and Portrush have no node shown, only label. Missing Portrush node added in.]]></data>
    <data key="d31"><![CDATA[Primary]]></data>
    <data key="d32"><![CDATA[http://www.hiberniaatlantic.com/documents/HA_NetworkPCard_0110.pdf]]></data>
    <data key="d33">false</data>
    <data key="d34">true</data>
    <data key="d35"><![CDATA[COM]]></data>
    <data key="d36"><![CDATA[1.0]]></data>
    <node id="n0">
      <data key="d4">true</data>
      <data key="d5"/>
      <data key="d7"><![CDATA[Red Node]]></data>
      <data key="d9"/>
      <data key="d10">
        <y:ShapeNode>
          <y:Geometry height="15.0" width="15.0" x="141.0" y="418.0"/>
          <y:Fill color="#00FF00" transparent="false"/>
          <y:BorderStyle color="#000000" type="line" width="1.0"/>
          <y:NodeLabel alignment="center" autoSizePolicy="content" fontFamily="Dialog" fontSize="8" fontStyle="plain" hasBackgroundColor="false" hasLineColor="false" height="13.421875" modelName="internal" modelPosition="c" textColor="#000000" visible="true" width="29.9375" x="-7.46875" y="0.7890625">Seattle</y:NodeLabel>
          <y:Shape type="ellipse"/>
        </y:ShapeNode>
      </data>
    </node>
    <node id="n1">
      <data key="d4">true</data>
      <data key="d5"/>
      <data key="d7"><![CDATA[Red Node]]></data>
      <data key="d9"/>
      <data key="d10">
        <y:ShapeNode>
          <y:Geometry height="15.0" width="15.0" x="266.0" y="499.0"/>
          <y:Fill color="#00FF00" transparent="false"/>
          <y:BorderStyle color="#000000" type="line" width="1.0"/>
          <y:NodeLabel alignment="center" autoSizePolicy="content" fontFamily="Dialog" fontSize="8" fontStyle="plain" hasBackgroundColor="false" hasLineColor="false" height="13.421875" modelName="internal" modelPosition="c" textColor="#000000" visible="true" width="31.28515625" x="-8.142578125" y="0.7890625">Denver</y:NodeLabel>
          <y:Shape type="ellipse"/>
        </y:ShapeNode>
      </data>
    </node>
    <node id="n2">
      <data key="d4">true</data>
      <data key="d5"/>
      <data key="d7"><![CDATA[Red Node]]></data>
      <data key="d9"/>
      <data key="d10">
        <y:ShapeNode>
          <y:Geometry height="15.0" width="15.0" x="142.0" y="545.0"/>
          <y:Fill color="#00FF00" transparent="false"/>
          <y:BorderStyle color="#000000" type="line" width="1.0"/>
          <y:NodeLabel alignment="center" autoSizePolicy="content" fontFamily="Dialog" fontSize="8" fontStyle="plain" hasBackgroundColor="false" hasLineColor="false" height="13.421875" modelName="internal" modelPosition="c" textColor="#000000" visible="true" width="56.66796875" x="-20.833984375" y="0.7890625">San Francisco</y:NodeLabel>
          <y:Shape type="ellipse"/>
        </y:ShapeNode>
      </data>
    </node>
    <node id="n3">
      <data key="d4">true</data>
      <data key="d5"/>
      <data key="d7"><![CDATA[Red Node]]></data>
      <data key="d9"/>
      <data key="d10">
        <y:ShapeNode>
          <y:Geometry height="15.0" width="15.0" x="155.0" y="598.0"/>
          <y:Fill color="#00FF00" transparent="false"/>
          <y:BorderStyle color="#000000" type="line" width="1.0"/>
          <y:NodeLabel alignment="center" autoSizePolicy="content" fontFamily="Dialog" fontSize="8" fontStyle="plain" hasBackgroundColor="false" hasLineColor="false" height="13.421875" modelName="internal" modelPosition="c" textColor="#000000" visible="true" width="50.56640625" x="-17.783203125" y="0.7890625">Los Angeles</y:NodeLabel>
          <y:Shape type="ellipse"/>
        </y:ShapeNode>
      </data>
    </node>
    <node id="n4">
      <data key="d4">true</data>
      <data key="d5"/>
      <data key="d7"><![CDATA[Red Node]]></data>
      <data key="d9"/>
      <data key="d10">
        <y:ShapeNode>
          <y:Geometry height="15.0" width="15.0" x="171.0" y="622.0"/>
          <y:Fill color="#00FF00" transparent="false"/>
          <y:BorderStyle color="#000000" type="line" width="1.0"/>
          <y:NodeLabel alignment="center" autoSizePolicy="content" fontFamily="Dialog" fontSize="8" fontStyle="plain" hasBackgroundColor="false" hasLineColor="false" height="13.421875" modelName="internal" modelPosition="c" textColor="#000000" visible="true" width="42.88671875" x="-13.943359375" y="0.7890625">San Diego</y:NodeLabel>
          <y:Shape type="ellipse"/>
        </y:ShapeNode>
      </data>
    </node>
    <node id="n5">
      <data key="d4">true</data>
      <data key="d5"/>
      <data key="d7"><![CDATA[Red Node]]></data>
      <data key="d9"/>
      <data key="d10">
        <y:ShapeNode>
          <y:Geometry height="15.0" width="15.0" x="248.0" y="572.0"/>
          <y:Fill color="#00FF00" transparent="false"/>
          <y:BorderStyle color="#000000" type="line" width="1.0"/>
          <y:NodeLabel alignment="center" autoSizePolicy="content" fontFamily="Dialog" fontSize="8" fontStyle="plain" hasBackgroundColor="false" hasLineColor="false" height="13.421875" modelName="internal" modelPosition="c" textColor="#000000" visible="true" width="42.46484375" x="-13.732421875" y="0.7890625">Las Vegas</y:NodeLabel>
          <y:Shape type="ellipse"/>
        </y:ShapeNode>
      </data>
    </node>
    <node id="n6">
      <data key="d4">true</data>
      <data key="d5"/>
      <data key="d7"><![CDATA[Red Node]]></data>
      <data key="d9"/>
      <data key="d10">
        <y:ShapeNode>
          <y:Geometry height="15.0" width="15.0" x="305.0" y="614.0"/>
          <y:Fill color="#00FF00" transparent="false"/>
          <y:BorderStyle color="#000000" type="line" width="1.0"/>
          <y:NodeLabel alignment="center" autoSizePolicy="content" fontFamily="Dialog" fontSize="8" fontStyle="plain" hasBackgroundColor="false" hasLineColor="false" height="13.421875" modelName="internal" modelPosition="c" textColor="#000000" visible="true" width="34.94140625" x="-9.970703125" y="0.7890625">Phoenix</y:NodeLabel>
          <y:Shape type="ellipse"/>
        </y:ShapeNode>
      </data>
    </node>
    <node id="n7">
      <data key="d4">true</data>
      <data key="d5"/>
      <data key="d7"><![CDATA[Red Node]]></data>
      <data key="d9"/>
      <data key="d10">
        <y:ShapeNode>
          <y:Geometry height="15.0" width="15.0" x="390.0" y="617.0"/>
          <y:Fill color="#00FF00" transparent="false"/>
          <y:BorderStyle color="#000000" type="line" width="1.0"/>
          <y:NodeLabel alignment="center" autoSizePolicy="content" fontFamily="Dialog" fontSize="8" fontStyle="plain" hasBackgroundColor="false" hasLineColor="false" height="13.421875" modelName="internal" modelPosition="c" textColor="#000000" visible="true" width="27.53125" x="-6.265625" y="0.7890625">Dallas</y:NodeLabel>
          <y:Shape type="ellipse"/>
        </y:ShapeNode>
      </data>
    </node>
    <node id="n8">
      <data key="d4">true</data>
      <data key="d5"/>
      <data key="d7"><![CDATA[Red Node]]></data>
      <data key="d9"/>
      <data key="d10">
        <y:ShapeNode>
          <y:Geometry height="15.0" width="15.0" x="434.0" y="658.0"/>
          <y:Fill color="#00FF00" transparent="false"/>
          <y:BorderStyle color="#000000" type="line" width="1.0"/>
          <y:NodeLabel alignment="center" autoSizePolicy="content" fontFamily="Dialog" fontSize="8" fontStyle="plain" hasBackgroundColor="false" hasLineColor="false" height="13.421875" modelName="internal" modelPosition="c" textColor="#000000" visible="true" width="36.70703125" x="-10.853515625" y="0.7890625">Houston</y:NodeLabel>
          <y:Shape type="ellipse"/>
        </y:ShapeNode>
      </data>
    </node>
    <node id="n9">
      <data key="d4">true</data>
      <data key="d5"/>
      <data key="d7"><![CDATA[Red Node]]></data>
      <data key="d9"/>
      <data key="d10">
        <y:ShapeNode>
          <y:Geometry height="15.0" width="15.0" x="538.0" y="679.0"/>
          <y:Fill color="#00FF00" transparent="false"/>
          <y:BorderStyle color="#000000" type="line" width="1.0"/>
          <y:NodeLabel alignment="center" autoSizePolicy="content" fontFamily="Dialog" fontSize="8" fontStyle="plain" hasBackgroundColor="false" hasLineColor="false" height="13.421875" modelName="internal" modelPosition="c" textColor="#000000" visible="true" width="30.3984375" x="-7.69921875" y="0.7890625">Tampa</y:NodeLabel>
          <y:Shape type="ellipse"/>
        </y:ShapeNode>
      </data>
    </node>
    <node id="n10">
      <data key="d4">true</data>
      <data key="d5"/>
      <data key="d7"><![CDATA[Red Node]]></data>
      <data key="d9"/>
      <data key="d10">
        <y:ShapeNode>
          <y:Geometry height="5.0" width="5.0" x="544.0" y="607.0"/>
          <y:Fill color="#00FF00" transparent="false"/>
          <y:BorderStyle color="#000000" type="line" width="1.0"/>
          <y:NodeLabel alignment="center" autoSizePolicy="content" fontFamily="Dialog" fontSize="8" fontStyle="plain" hasBackgroundColor="false" hasLineColor="false" height="13.421875" modelName="internal" modelPosition="c" textColor="#000000" visible="true" width="31.6171875" x="-13.30859375" y="-4.2109375">Atlanta</y:NodeLabel>
          <y:Shape type="ellipse"/>
        </y:ShapeNode>
      </data>
    </node>
    <node id="n11">
      <data key="d4">true</data>
      <data key="d5"><![CDATA[Atlanta]]></data>
      <data key="d7"><![CDATA[Red Node]]></data>
      <data key="d9"/>
      <data key="d10">
        <y:ShapeNode>
          <y:Geometry height="5.0" width="5.0" x="565.0" y="585.0"/>
          <y:Fill color="#00FF00" transparent="false"/>
          <y:BorderStyle color="#000000" type="line" width="1.0"/>
          <y:NodeLabel alignment="center" autoSizePolicy="content" fontFamily="Dialog" fontSize="8" fontStyle="plain" hasBackgroundColor="false" hasLineColor="false" height="13.421875" modelName="internal" modelPosition="c" textColor="#000000" visible="true" width="39.859375" x="-17.4296875" y="-4.2109375">Charlotte</y:NodeLabel>
          <y:Shape type="ellipse"/>
        </y:ShapeNode>
      </data>
    </node>
    <node id="n12">
      <data key="d4">true</data>
      <data key="d5"/>
      <data key="d7"><![CDATA[Red Node]]></data>
      <data key="d9"/>
      <data key="d10">
        <y:ShapeNode>
          <y:Geometry height="5.0" width="5.0" x="593.0" y="583.0"/>
          <y:Fill color="#00FF00" transparent="false"/>
          <y:BorderStyle color="#000000" type="line" width="1.0"/>
          <y:NodeLabel alignment="center" autoSizePolicy="content" fontFamily="Dialog" fontSize="8" fontStyle="plain" hasBackgroundColor="false" hasLineColor="false" height="13.421875" modelName="internal" modelPosition="c" textColor="#000000" visible="true" width="32.51171875" x="-13.755859375" y="-4.2109375">Raleigh</y:NodeLabel>
          <y:Shape type="ellipse"/>
        </y:ShapeNode>
      </data>
    </node>
    <node id="n13">
      <data key="d4">true</data>
      <data key="d5"/>
      <data key="d7"><![CDATA[Red Node]]></data>
      <data key="d9"/>
      <data key="d10">
        <y:ShapeNode>
          <y:Geometry height="15.0" width="15.0" x="573.0" y="700.0"/>
          <y:Fill color="#00FF00" transparent="false"/>
          <y:BorderStyle color="#000000" type="line" width="1.0"/>
          <y:NodeLabel alignment="center" autoSizePolicy="content" fontFamily="Dialog" fontSize="8" fontStyle="plain" hasBackgroundColor="false" hasLineColor="false" height="13.421875" modelName="internal" modelPosition="c" textColor="#000000" visible="true" width="27.40234375" x="-6.201171875" y="0.7890625">Miami</y:NodeLabel>
          <y:Shape type="ellipse"/>
        </y:ShapeNode>
      </data>
    </node>
    <node id="n14">
      <data key="d4">true</data>
      <data key="d5"/>
      <data key="d7"><![CDATA[Red Node]]></data>
      <data key="d9"/>
      <data key="d10">
        <y:ShapeNode>
          <y:Geometry height="15.0" width="15.0" x="486.0" y="460.0"/>
          <y:Fill color="#00FF00" transparent="false"/>
          <y:BorderStyle color="#000000" type="line" width="1.0"/>
          <y:NodeLabel alignment="center" autoSizePolicy="content" fontFamily="Dialog" fontSize="8" fontStyle="plain" hasBackgroundColor="false" hasLineColor="false" height="13.421875" modelName="internal" modelPosition="c" textColor="#000000" visible="true" width="35.23046875" x="-10.115234375" y="0.7890625">Chicago</y:NodeLabel>
          <y:Shape type="ellipse"/>
        </y:ShapeNode>
      </data>
    </node>
    <node id="n15">
      <data key="d4">true</data>
      <data key="d5"/>
      <data key="d7"><![CDATA[Red Node]]></data>
      <data key="d9"/>
      <data key="d10">
        <y:ShapeNode>
          <y:Geometry height="15.0" width="15.0" x="561.0" y="425.0"/>
          <y:Fill color="#00FF00" transparent="false"/>
          <y:BorderStyle color="#000000" type="line" width="1.0"/>
          <y:NodeLabel alignment="center" autoSizePolicy="content" fontFamily="Dialog" fontSize="8" fontStyle="plain" hasBackgroundColor="false" hasLineColor="false" height="13.421875" modelName="internal" modelPosition="c" textColor="#000000" visible="true" width="35.03125" x="-10.015625" y="0.7890625">Toronto</y:NodeLabel>
          <y:Shape type="ellipse"/>
        </y:ShapeNode>
      </data>
    </node>
    <node id="n16">
      <data key="d4">true</data>
      <data key="d5"/>
      <data key="d7"><![CDATA[Red Node]]></data>
      <data key="d9"/>
      <data key="d10">
        <y:ShapeNode>
          <y:Geometry height="15.0" width="15.0" x="568.524291992" y="443.154937744"/>
          <y:Fill color="#00FF00" transparent="false"/>
          <y:BorderStyle color="#000000" type="line" width="1.0"/>
          <y:NodeLabel alignment="center" autoSizePolicy="content" fontFamily="Dialog" fontSize="8" fontStyle="plain" hasBackgroundColor="false" hasLineColor="false" height="13.421875" modelName="internal" modelPosition="c" textColor="#000000" visible="true" width="31.09375" x="-8.046875" y="0.7890625">Buffalo</y:NodeLabel>
          <y:Shape type="ellipse"/>
        </y:ShapeNode>
      </data>
    </node>
    <node id="n17">
      <data key="d4">true</data>
      <data key="d5"/>
      <data key="d7"><![CDATA[Red Node]]></data>
      <data key="d9"/>
      <data key="d10">
        <y:ShapeNode>
          <y:Geometry height="15.0" width="15.0" x="531.0" y="457.0"/>
          <y:Fill color="#00FF00" transparent="false"/>
          <y:BorderStyle color="#000000" type="line" width="1.0"/>
          <y:NodeLabel alignment="center" autoSizePolicy="content" fontFamily="Dialog" fontSize="8" fontStyle="plain" hasBackgroundColor="false" hasLineColor="false" height="13.421875" modelName="internal" modelPosition="c" textColor="#000000" visible="true" width="41.6328125" x="-13.31640625" y="0.7890625">Cleveland</y:NodeLabel>
          <y:Shape type="ellipse"/>
        </y:ShapeNode>
      </data>
    </node>
    <node id="n18">
      <data key="d4">true</data>
      <data key="d5"/>
      <data key="d7"><![CDATA[Red Node]]></data>
      <data key="d9"/>
      <data key="d10">
        <y:ShapeNode>
          <y:Geometry height="15.0" width="15.0" x="629.0" y="420.0"/>
          <y:Fill color="#00FF00" transparent="false"/>
          <y:BorderStyle color="#000000" type="line" width="1.0"/>
          <y:NodeLabel alignment="center" autoSizePolicy="content" fontFamily="Dialog" fontSize="8" fontStyle="plain" hasBackgroundColor="false" hasLineColor="false" height="13.421875" modelName="internal" modelPosition="c" textColor="#000000" visible="true" width="38.22265625" x="-11.611328125" y="0.7890625">Montreal</y:NodeLabel>
          <y:Shape type="ellipse"/>
        </y:ShapeNode>
      </data>
    </node>
    <node id="n19">
      <data key="d4">true</data>
      <data key="d5"/>
      <data key="d7"><![CDATA[Red Node]]></data>
      <data key="d9"/>
      <data key="d10">
        <y:ShapeNode>
          <y:Geometry height="15.0" width="15.0" x="631.0" y="453.0"/>
          <y:Fill color="#00FF00" transparent="false"/>
          <y:BorderStyle color="#000000" type="line" width="1.0"/>
          <y:NodeLabel alignment="center" autoSizePolicy="content" fontFamily="Dialog" fontSize="8" fontStyle="plain" hasBackgroundColor="false" hasLineColor="false" height="13.421875" modelName="internal" modelPosition="c" textColor="#000000" visible="true" width="30.4296875" x="-7.71484375" y="0.7890625">Albany</y:NodeLabel>
          <y:Shape type="ellipse"/>
        </y:ShapeNode>
      </data>
    </node>
    <node id="n20">
      <data key="d4">true</data>
      <data key="d5"/>
      <data key="d7"><![CDATA[Red Node]]></data>
      <data key="d9"/>
      <data key="d10">
        <y:ShapeNode>
          <y:Geometry height="15.0" width="15.0" x="631.0" y="482.0"/>
          <y:Fill color="#00FF00" transparent="false"/>
          <y:BorderStyle color="#000000" type="line" width="1.0"/>
          <y:NodeLabel alignment="center" autoSizePolicy="content" fontFamily="Dialog" fontSize="8" fontStyle="plain" hasBackgroundColor="false" hasLineColor="false" height="13.421875" modelName="internal" modelPosition="c" textColor="#000000" visible="true" width="50.609375" x="-17.8046875" y="0.7890625">White Plains</y:NodeLabel>
          <y:Shape type="ellipse"/>
        </y:ShapeNode>
      </data>
    </node>
    <node id="n21">
      <data key="d4">true</data>
      <data key="d5"/>
      <data key="d7"><![CDATA[Red Node]]></data>
      <data key="d9"/>
      <data key="d10">
        <y:ShapeNode>
          <y:Geometry height="15.0" width="15.0" x="653.0" y="488.0"/>
          <y:Fill color="#00FF00" transparent="false"/>
          <y:BorderStyle color="#000000" type="line" width="1.0"/>
          <y:NodeLabel alignment="center" autoSizePolicy="content" fontFamily="Dialog" fontSize="8" fontStyle="plain" hasBackgroundColor="false" hasLineColor="false" height="13.421875" modelName="internal" modelPosition="c" textColor="#000000" visible="true" width="39.3515625" x="-12.17578125" y="0.7890625">Stamford</y:NodeLabel>
          <y:Shape type="ellipse"/>
        </y:ShapeNode>
      </data>
    </node>
    <node id="n22">
      <data key="d4">true</data>
      <data key="d5"/>
      <data key="d7"><![CDATA[Red Node]]></data>
      <data key="d9"/>
      <data key="d10">
        <y:ShapeNode>
          <y:Geometry height="15.0" width="15.0" x="665.0" y="478.0"/>
          <y:Fill color="#00FF00" transparent="false"/>
          <y:BorderStyle color="#000000" type="line" width="1.0"/>
          <y:NodeLabel alignment="center" autoSizePolicy="content" fontFamily="Dialog" fontSize="8" fontStyle="plain" hasBackgroundColor="false" hasLineColor="false" height="13.421875" modelName="internal" modelPosition="c" textColor="#000000" visible="true" width="30.46484375" x="-7.732421875" y="0.7890625">Boston</y:NodeLabel>
          <y:Shape type="ellipse"/>
        </y:ShapeNode>
      </data>
    </node>
    <node id="n23">
      <data key="d4">true</data>
      <data key="d5"><![CDATA[Canada]]></data>
      <data key="d7"><![CDATA[Red Node]]></data>
      <data key="d9"/>
      <data key="d10">
        <y:ShapeNode>
          <y:Geometry height="15.0" width="15.0" x="667.0" y="411.0"/>
          <y:Fill color="#00FF00" transparent="false"/>
          <y:BorderStyle color="#000000" type="line" width="1.0"/>
          <y:NodeLabel alignment="center" autoSizePolicy="content" fontFamily="Dialog" fontSize="8" fontStyle="plain" hasBackgroundColor="false" hasLineColor="false" height="13.421875" modelName="internal" modelPosition="c" textColor="#000000" visible="true" width="45.46484375" x="-15.232421875" y="0.7890625">Sainte-Foy</y:NodeLabel>
          <y:Shape type="ellipse"/>
        </y:ShapeNode>
      </data>
    </node>
    <node id="n24">
      <data key="d4">true</data>
      <data key="d5"/>
      <data key="d7"><![CDATA[Red Node]]></data>
      <data key="d9"/>
      <data key="d10">
        <y:ShapeNode>
          <y:Geometry height="15.0" width="15.0" x="706.0" y="402.0"/>
          <y:Fill color="#00FF00" transparent="false"/>
          <y:BorderStyle color="#000000" type="line" width="1.0"/>
          <y:NodeLabel alignment="center" autoSizePolicy="content" fontFamily="Dialog" fontSize="8" fontStyle="plain" hasBackgroundColor="false" hasLineColor="false" height="13.421875" modelName="internal" modelPosition="c" textColor="#000000" visible="true" width="52.75390625" x="-18.876953125" y="0.7890625">Edmundston</y:NodeLabel>
          <y:Shape type="ellipse"/>
        </y:ShapeNode>
      </data>
    </node>
    <node id="n25">
      <data key="d4">true</data>
      <data key="d5"/>
      <data key="d7"><![CDATA[Red Node]]></data>
      <data key="d9"/>
      <data key="d10">
        <y:ShapeNode>
          <y:Geometry height="15.0" width="15.0" x="723.0" y="416.0"/>
          <y:Fill color="#00FF00" transparent="false"/>
          <y:BorderStyle color="#000000" type="line" width="1.0"/>
          <y:NodeLabel alignment="center" autoSizePolicy="content" fontFamily="Dialog" fontSize="8" fontStyle="plain" hasBackgroundColor="false" hasLineColor="false" height="13.421875" modelName="internal" modelPosition="c" textColor="#000000" visible="true" width="37.73828125" x="-11.369140625" y="0.7890625">Moncton</y:NodeLabel>
          <y:Shape type="ellipse"/>
        </y:ShapeNode>
      </data>
    </node>
    <node id="n26">
      <data key="d4">true</data>
      <data key="d5"><![CDATA[Canada]]></data>
      <data key="d7"><![CDATA[Red Node]]></data>
      <data key="d9"/>
      <data key="d10">
        <y:ShapeNode>
          <y:Geometry height="15.0" width="15.0" x="743.0" y="428.0"/>
          <y:Fill color="#00FF00" transparent="false"/>
          <y:BorderStyle color="#000000" type="line" width="1.0"/>
          <y:NodeLabel alignment="center" autoSizePolicy="content" fontFamily="Dialog" fontSize="8" fontStyle="plain" hasBackgroundColor="false" hasLineColor="false" height="13.421875" modelName="internal" modelPosition="c" textColor="#000000" visible="true" width="25.484375" x="-5.2421875" y="0.7890625">Truro</y:NodeLabel>
          <y:Shape type="ellipse"/>
        </y:ShapeNode>
      </data>
    </node>
    <node id="n27">
      <data key="d4">true</data>
      <data key="d5"/>
      <data key="d7"><![CDATA[Red Node]]></data>
      <data key="d9"/>
      <data key="d10">
        <y:ShapeNode>
          <y:Geometry height="15.0" width="15.0" x="746.0" y="444.0"/>
          <y:Fill color="#00FF00" transparent="false"/>
          <y:BorderStyle color="#000000" type="line" width="1.0"/>
          <y:NodeLabel alignment="center" autoSizePolicy="content" fontFamily="Dialog" fontSize="8" fontStyle="plain" hasBackgroundColor="false" hasLineColor="false" height="13.421875" modelName="internal" modelPosition="c" textColor="#000000" visible="true" width="31.1875" x="-8.09375" y="0.7890625">Halifax</y:NodeLabel>
          <y:Shape type="ellipse"/>
        </y:ShapeNode>
      </data>
    </node>
    <node id="n28">
      <data key="d4">true</data>
      <data key="d5"/>
      <data key="d7"><![CDATA[Red Node]]></data>
      <data key="d9"/>
      <data key="d10">
        <y:ShapeNode>
          <y:Geometry height="15.0" width="15.0" x="1148.02404785" y="262.096008301"/>
          <y:Fill color="#00FF00" transparent="false"/>
          <y:BorderStyle color="#000000" type="line" width="1.0"/>
          <y:NodeLabel alignment="center" autoSizePolicy="content" fontFamily="Dialog" fontSize="8" fontStyle="plain" hasBackgroundColor="false" hasLineColor="false" height="13.421875" modelName="internal" modelPosition="c" textColor="#000000" visible="true" width="29.80078125" x="-7.400390625" y="0.7890625">Belfast</y:NodeLabel>
          <y:Shape type="ellipse"/>
        </y:ShapeNode>
      </data>
    </node>
    <node id="n29">
      <data key="d4">true</data>
      <data key="d5"/>
      <data key="d7"><![CDATA[Red Node]]></data>
      <data key="d9"/>
      <data key="d10">
        <y:ShapeNode>
          <y:Geometry height="15.0" width="15.0" x="1150.0" y="280.0"/>
          <y:Fill color="#00FF00" transparent="false"/>
          <y:BorderStyle color="#000000" type="line" width="1.0"/>
          <y:NodeLabel alignment="center" autoSizePolicy="content" fontFamily="Dialog" fontSize="8" fontStyle="plain" hasBackgroundColor="false" hasLineColor="false" height="13.421875" modelName="internal" modelPosition="c" textColor="#000000" visible="true" width="29.58203125" x="-7.291015625" y="0.7890625">Dublin</y:NodeLabel>
          <y:Shape type="ellipse"/>
        </y:ShapeNode>
      </data>
    </node>
    <node id="n30">
      <data key="d4">true</data>
      <data key="d5"/>
      <data key="d7"><![CDATA[Red Node]]></data>
      <data key="d9"/>
      <data key="d10">
        <y:ShapeNode>
          <y:Geometry height="15.0" width="15.0" x="1189.0" y="279.0"/>
          <y:Fill color="#00FF00" transparent="false"/>
          <y:BorderStyle color="#000000" type="line" width="1.0"/>
          <y:NodeLabel alignment="center" autoSizePolicy="content" fontFamily="Dialog" fontSize="8" fontStyle="plain" hasBackgroundColor="false" hasLineColor="false" height="13.421875" modelName="internal" modelPosition="c" textColor="#000000" visible="true" width="42.359375" x="-13.6796875" y="0.7890625">Southport</y:NodeLabel>
          <y:Shape type="ellipse"/>
        </y:ShapeNode>
      </data>
    </node>
    <node id="n31">
      <data key="d4">true</data>
      <data key="d5"/>
      <data key="d7"><![CDATA[Red Node]]></data>
      <data key="d9"/>
      <data key="d10">
        <y:ShapeNode>
          <y:Geometry height="10.0" width="10.0" x="1187.0" y="301.0"/>
          <y:Fill color="#00FF00" transparent="false"/>
          <y:BorderStyle color="#000000" type="line" width="1.0"/>
          <y:NodeLabel alignment="center" autoSizePolicy="content" fontFamily="Dialog" fontSize="8" fontStyle="plain" hasBackgroundColor="false" hasLineColor="false" height="13.421875" modelName="internal" modelPosition="c" textColor="#000000" visible="true" width="48.59375" x="-19.296875" y="-1.7109375">Manchester</y:NodeLabel>
          <y:Shape type="ellipse"/>
        </y:ShapeNode>
      </data>
    </node>
    <node id="n32">
      <data key="d4">true</data>
      <data key="d5"/>
      <data key="d7"><![CDATA[Red Node]]></data>
      <data key="d9"/>
      <data key="d10">
        <y:ShapeNode>
          <y:Geometry height="10.0" width="10.0" x="1194.0" y="309.0"/>
          <y:Fill color="#00FF00" transparent="false"/>
          <y:BorderStyle color="#000000" type="line" width="1.0"/>
          <y:NodeLabel alignment="center" autoSizePolicy="content" fontFamily="Dialog" fontSize="8" fontStyle="plain" hasBackgroundColor="false" hasLineColor="false" height="13.421875" modelName="internal" modelPosition="c" textColor="#000000" visible="true" width="35.234375" x="-12.6171875" y="-1.7109375">Reading</y:NodeLabel>
          <y:Shape type="ellipse"/>
        </y:ShapeNode>
      </data>
    </node>
    <node id="n33">
      <data key="d4">true</data>
      <data key="d5"/>
      <data key="d7"><![CDATA[Red Node]]></data>
      <data key="d9"/>
      <data key="d10">
        <y:ShapeNode>
          <y:Geometry height="10.0" width="10.0" x="1210.0" y="311.0"/>
          <y:Fill color="#00FF00" transparent="false"/>
          <y:BorderStyle color="#000000" type="line" width="1.0"/>
          <y:NodeLabel alignment="center" autoSizePolicy="content" fontFamily="Dialog" fontSize="8" fontStyle="plain" hasBackgroundColor="false" hasLineColor="false" height="13.421875" modelName="internal" modelPosition="c" textColor="#000000" visible="true" width="33.05859375" x="-11.529296875" y="-1.7109375">London</y:NodeLabel>
          <y:Shape type="ellipse"/>
        </y:ShapeNode>
      </data>
    </node>
    <node id="n34">
      <data key="d4">true</data>
      <data key="d5"/>
      <data key="d7"><![CDATA[Red Node]]></data>
      <data key="d9"/>
      <data key="d10">
        <y:ShapeNode>
          <y:Geometry height="10.0" width="10.0" x="1220.0" y="320.0"/>
          <y:Fill color="#00FF00" transparent="false"/>
          <y:BorderStyle color="#000000" type="line" width="1.0"/>
          <y:NodeLabel alignment="center" autoSizePolicy="content" fontFamily="Dialog" fontSize="8" fontStyle="plain" hasBackgroundColor="false" hasLineColor="false" height="13.421875" modelName="internal" modelPosition="c" textColor="#000000" visible="true" width="30.17578125" x="-10.087890625" y="-1.7109375">Egham</y:NodeLabel>
          <y:Shape type="ellipse"/>
        </y:ShapeNode>
      </data>
    </node>
    <node id="n35">
      <data key="d4">true</data>
      <data key="d5"/>
      <data key="d7"><![CDATA[Red Node]]></data>
      <data key="d9"/>
      <data key="d10">
        <y:ShapeNode>
          <y:Geometry height="15.0" width="15.0" x="1236.0" y="349.0"/>
          <y:Fill color="#00FF00" transparent="false"/>
          <y:BorderStyle color="#000000" type="line" width="1.0"/>
          <y:NodeLabel alignment="center" autoSizePolicy="content" fontFamily="Dialog" fontSize="8" fontStyle="plain" hasBackgroundColor="false" hasLineColor="false" height="13.421875" modelName="internal" modelPosition="c" textColor="#000000" visible="true" width="28.8515625" x="-6.92578125" y="0.7890625">Biache</y:NodeLabel>
          <y:Shape type="ellipse"/>
        </y:ShapeNode>
      </data>
    </node>
    <node id="n36">
      <data key="d4">true</data>
      <data key="d5"/>
      <data key="d7"><![CDATA[Red Node]]></data>
      <data key="d9"/>
      <data key="d10">
        <y:ShapeNode>
          <y:Geometry height="15.0" width="15.0" x="1255.0" y="357.0"/>
          <y:Fill color="#00FF00" transparent="false"/>
          <y:BorderStyle color="#000000" type="line" width="1.0"/>
          <y:NodeLabel alignment="center" autoSizePolicy="content" fontFamily="Dialog" fontSize="8" fontStyle="plain" hasBackgroundColor="false" hasLineColor="false" height="13.421875" modelName="internal" modelPosition="c" textColor="#000000" visible="true" width="22.50390625" x="-3.751953125" y="0.7890625">Paris</y:NodeLabel>
          <y:Shape type="ellipse"/>
        </y:ShapeNode>
      </data>
    </node>
    <node id="n37">
      <data key="d4">true</data>
      <data key="d5"/>
      <data key="d7"><![CDATA[Red Node]]></data>
      <data key="d9"/>
      <data key="d10">
        <y:ShapeNode>
          <y:Geometry height="15.0" width="15.0" x="1269.0" y="328.0"/>
          <y:Fill color="#00FF00" transparent="false"/>
          <y:BorderStyle color="#000000" type="line" width="1.0"/>
          <y:NodeLabel alignment="center" autoSizePolicy="content" fontFamily="Dialog" fontSize="8" fontStyle="plain" hasBackgroundColor="false" hasLineColor="false" height="13.421875" modelName="internal" modelPosition="c" textColor="#000000" visible="true" width="35.84375" x="-10.421875" y="0.7890625">Brussels</y:NodeLabel>
          <y:Shape type="ellipse"/>
        </y:ShapeNode>
      </data>
    </node>
    <node id="n38">
      <data key="d4">true</data>
      <data key="d5"/>
      <data key="d7"><![CDATA[Red Node]]></data>
      <data key="d9"/>
      <data key="d10">
        <y:ShapeNode>
          <y:Geometry height="15.0" width="15.0" x="1297.0" y="294.0"/>
          <y:Fill color="#00FF00" transparent="false"/>
          <y:BorderStyle color="#000000" type="line" width="1.0"/>
          <y:NodeLabel alignment="center" autoSizePolicy="content" fontFamily="Dialog" fontSize="8" fontStyle="plain" hasBackgroundColor="false" hasLineColor="false" height="13.421875" modelName="internal" modelPosition="c" textColor="#000000" visible="true" width="48.7109375" x="-16.85546875" y="0.7890625">Amsterdam</y:NodeLabel>
          <y:Shape type="ellipse"/>
        </y:ShapeNode>
      </data>
    </node>
    <node id="n39">
      <data key="d4">true</data>
      <data key="d5"/>
      <data key="d7"><![CDATA[Red Node]]></data>
      <data key="d9"/>
      <data key="d10">
        <y:ShapeNode>
          <y:Geometry height="15.0" width="15.0" x="1322.0" y="313.0"/>
          <y:Fill color="#00FF00" transparent="false"/>
          <y:BorderStyle color="#000000" type="line" width="1.0"/>
          <y:NodeLabel alignment="center" autoSizePolicy="content" fontFamily="Dialog" fontSize="8" fontStyle="plain" hasBackgroundColor="false" hasLineColor="false" height="13.421875" modelName="internal" modelPosition="c" textColor="#000000" visible="true" width="46.046875" x="-15.5234375" y="0.7890625">Dusseldorf</y:NodeLabel>
          <y:Shape type="ellipse"/>
        </y:ShapeNode>
      </data>
    </node>
    <node id="n40">
      <data key="d4">true</data>
      <data key="d5"/>
      <data key="d7"><![CDATA[Red Node]]></data>
      <data key="d9"/>
      <data key="d10">
        <y:ShapeNode>
          <y:Geometry height="15.0" width="15.0" x="1332.0" y="330.0"/>
          <y:Fill color="#00FF00" transparent="false"/>
          <y:BorderStyle color="#000000" type="line" width="1.0"/>
          <y:NodeLabel alignment="center" autoSizePolicy="content" fontFamily="Dialog" fontSize="8" fontStyle="plain" hasBackgroundColor="false" hasLineColor="false" height="13.421875" modelName="internal" modelPosition="c" textColor="#000000" visible="true" width="39.79296875" x="-12.396484375" y="0.7890625">Frankfurt</y:NodeLabel>
          <y:Shape type="ellipse"/>
        </y:ShapeNode>
      </data>
    </node>
    <node id="n41">
      <data key="d4">true</data>
      <data key="d5"/>
      <data key="d7"><![CDATA[Red Node]]></data>
      <data key="d9"/>
      <data key="d10">
        <y:ShapeNode>
          <y:Geometry height="15.0" width="15.0" x="1330.0" y="353.0"/>
          <y:Fill color="#00FF00" transparent="false"/>
          <y:BorderStyle color="#000000" type="line" width="1.0"/>
          <y:NodeLabel alignment="center" autoSizePolicy="content" fontFamily="Dialog" fontSize="8" fontStyle="plain" hasBackgroundColor="false" hasLineColor="false" height="13.421875" modelName="internal" modelPosition="c" textColor="#000000" visible="true" width="44.44140625" x="-14.720703125" y="0.7890625">Mannheim</y:NodeLabel>
          <y:Shape type="ellipse"/>
        </y:ShapeNode>
      </data>
    </node>
    <node id="n42">
      <data key="d4">true</data>
      <data key="d5"/>
      <data key="d7"><![CDATA[Red Node]]></data>
      <data key="d9"/>
      <data key="d10">
        <y:ShapeNode>
          <y:Geometry height="15.0" width="15.0" x="1309.0" y="374.0"/>
          <y:Fill color="#00FF00" transparent="false"/>
          <y:BorderStyle color="#000000" type="line" width="1.0"/>
          <y:NodeLabel alignment="center" autoSizePolicy="content" fontFamily="Dialog" fontSize="8" fontStyle="plain" hasBackgroundColor="false" hasLineColor="false" height="13.421875" modelName="internal" modelPosition="c" textColor="#000000" visible="true" width="46.24609375" x="-15.623046875" y="0.7890625">Strasbourg</y:NodeLabel>
          <y:Shape type="ellipse"/>
        </y:ShapeNode>
      </data>
    </node>
    <node id="n43">
      <data key="d4">true</data>
      <data key="d5"/>
      <data key="d7"><![CDATA[Red Node]]></data>
      <data key="d9"/>
      <data key="d10">
        <y:ShapeNode>
          <y:Geometry height="15.0" width="15.0" x="608.0" y="513.0"/>
          <y:Fill color="#00FF00" transparent="false"/>
          <y:BorderStyle color="#000000" type="line" width="1.0"/>
          <y:NodeLabel alignment="center" autoSizePolicy="content" fontFamily="Dialog" fontSize="8" fontStyle="plain" hasBackgroundColor="false" hasLineColor="false" height="13.421875" modelName="internal" modelPosition="c" textColor="#000000" visible="true" width="32.8984375" x="-8.94921875" y="0.7890625">Newark</y:NodeLabel>
          <y:Shape type="ellipse"/>
        </y:ShapeNode>
      </data>
    </node>
    <node id="n44">
      <data key="d4">true</data>
      <data key="d5"/>
      <data key="d7"><![CDATA[Red Node]]></data>
      <data key="d9"/>
      <data key="d10">
        <y:ShapeNode>
          <y:Geometry height="5.0" width="5.0" x="578.293762207" y="533.31072998"/>
          <y:Fill color="#00FF00" transparent="false"/>
          <y:BorderStyle color="#000000" type="line" width="1.0"/>
          <y:NodeLabel alignment="center" autoSizePolicy="content" fontFamily="Dialog" fontSize="8" fontStyle="plain" hasBackgroundColor="false" hasLineColor="false" height="13.421875" modelName="internal" modelPosition="c" textColor="#000000" visible="true" width="36.80078125" x="-15.900390625" y="-4.2109375">Ashburn</y:NodeLabel>
          <y:Shape type="ellipse"/>
        </y:ShapeNode>
      </data>
    </node>
    <node id="n45">
      <data key="d4">true</data>
      <data key="d5"/>
      <data key="d7"><![CDATA[Red Node]]></data>
      <data key="d9"/>
      <data key="d10">
        <y:ShapeNode>
          <y:Geometry height="15.0" width="15.0" x="563.0" y="488.0"/>
          <y:Fill color="#00FF00" transparent="false"/>
          <y:BorderStyle color="#000000" type="line" width="1.0"/>
          <y:NodeLabel alignment="center" autoSizePolicy="content" fontFamily="Dialog" fontSize="8" fontStyle="plain" hasBackgroundColor="false" hasLineColor="false" height="13.421875" modelName="internal" modelPosition="c" textColor="#000000" visible="true" width="44.0234375" x="-14.51171875" y="0.7890625">Pittsburgh</y:NodeLabel>
          <y:Shape type="ellipse"/>
        </y:ShapeNode>
      </data>
    </node>
    <node id="n46">
      <data key="d4">true</data>
      <data key="d5"/>
      <data key="d7"><![CDATA[Red Node]]></data>
      <data key="d9"/>
      <data key="d10">
        <y:ShapeNode>
          <y:Geometry height="5.0" width="5.0" x="624.0" y="531.0"/>
          <y:Fill color="#00FF00" transparent="false"/>
          <y:BorderStyle color="#000000" type="line" width="1.0"/>
          <y:NodeLabel alignment="center" autoSizePolicy="content" fontFamily="Dialog" fontSize="8" fontStyle="plain" hasBackgroundColor="false" hasLineColor="false" height="13.421875" modelName="internal" modelPosition="c" textColor="#000000" visible="true" width="50.96484375" x="-22.982421875" y="-4.2109375">Philadelphia</y:NodeLabel>
          <y:Shape type="ellipse"/>
        </y:ShapeNode>
      </data>
    </node>
    <node id="n47">
      <data key="d4">true</data>
      <data key="d5"/>
      <data key="d7"><![CDATA[Red Node]]></data>
      <data key="d9"/>
      <data key="d10">
        <y:ShapeNode>
          <y:Geometry height="5.0" width="5.0" x="596.0" y="534.0"/>
          <y:Fill color="#00FF00" transparent="false"/>
          <y:BorderStyle color="#000000" type="line" width="1.0"/>
          <y:NodeLabel alignment="center" autoSizePolicy="content" fontFamily="Dialog" fontSize="8" fontStyle="plain" hasBackgroundColor="false" hasLineColor="false" height="13.421875" modelName="internal" modelPosition="c" textColor="#000000" visible="true" width="36.67578125" x="-15.837890625" y="-4.2109375">McClean</y:NodeLabel>
          <y:Shape type="ellipse"/>
        </y:ShapeNode>
      </data>
    </node>
    <node id="n48">
      <data key="d4">true</data>
      <data key="d5"/>
      <data key="d7"><![CDATA[Red Node]]></data>
      <data key="d9"/>
      <data key="d10">
        <y:ShapeNode>
          <y:Geometry height="5.0" width="5.0" x="595.0" y="552.51965332"/>
          <y:Fill color="#00FF00" transparent="false"/>
          <y:BorderStyle color="#000000" type="line" width="1.0"/>
          <y:NodeLabel alignment="center" autoSizePolicy="content" fontFamily="Dialog" fontSize="8" fontStyle="plain" hasBackgroundColor="false" hasLineColor="false" height="13.421875" modelName="internal" modelPosition="c" textColor="#000000" visible="true" width="62.0625" x="-28.53125" y="-4.2109375">Washington Dc</y:NodeLabel>
          <y:Shape type="ellipse"/>
        </y:ShapeNode>
      </data>
    </node>
    <node id="n49">
      <data key="d4">true</data>
      <data key="d5"/>
      <data key="d7"><![CDATA[Red Node]]></data>
      <data key="d9"/>
      <data key="d10">
        <y:ShapeNode>
          <y:Geometry height="5.0" width="5.0" x="611.0" y="545.0"/>
          <y:Fill color="#00FF00" transparent="false"/>
          <y:BorderStyle color="#000000" type="line" width="1.0"/>
          <y:NodeLabel alignment="center" autoSizePolicy="content" fontFamily="Dialog" fontSize="8" fontStyle="plain" hasBackgroundColor="false" hasLineColor="false" height="13.421875" modelName="internal" modelPosition="c" textColor="#000000" visible="true" width="40.75" x="-17.875" y="-4.2109375">Baltimore</y:NodeLabel>
          <y:Shape type="ellipse"/>
        </y:ShapeNode>
      </data>
    </node>
    <node id="n50">
      <data key="d4">true</data>
      <data key="d5"/>
      <data key="d7"><![CDATA[Red Node]]></data>
      <data key="d9"/>
      <data key="d10">
        <y:ShapeNode>
          <y:Geometry height="5.0" width="5.0" x="593.0" y="563.0"/>
          <y:Fill color="#00FF00" transparent="false"/>
          <y:BorderStyle color="#000000" type="line" width="1.0"/>
          <y:NodeLabel alignment="center" autoSizePolicy="content" fontFamily="Dialog" fontSize="8" fontStyle="plain" hasBackgroundColor="false" hasLineColor="false" height="13.421875" modelName="internal" modelPosition="c" textColor="#000000" visible="true" width="42.81640625" x="-18.908203125" y="-4.2109375">Richmond</y:NodeLabel>
          <y:Shape type="ellipse"/>
        </y:ShapeNode>
      </data>
    </node>
    <node id="n51">
      <data key="d4">true</data>
      <data key="d5"/>
      <data key="d7"><![CDATA[Yellow Node]]></data>
      <data key="d9"/>
      <data key="d10">
        <y:ShapeNode>
          <y:Geometry height="15.0" width="15.0" x="633.847045898" y="506.80255127"/>
          <y:Fill color="#FFCC00" transparent="false"/>
          <y:BorderStyle color="#000000" type="line" width="1.0"/>
          <y:NodeLabel alignment="center" autoSizePolicy="content" fontFamily="Dialog" fontSize="8" fontStyle="plain" hasBackgroundColor="false" hasLineColor="false" height="13.421875" modelName="internal" modelPosition="c" textColor="#000000" visible="true" width="40.91015625" x="-12.955078125" y="0.7890625">New York</y:NodeLabel>
          <y:Shape type="ellipse"/>
        </y:ShapeNode>
      </data>
    </node>
    <node id="n52">
      <data key="d4">true</data>
      <data key="d5"/>
      <data key="d6">true</data>
      <data key="d7"/>
      <data key="d9"/>
      <data key="d10">
        <y:ShapeNode>
          <y:Geometry height="13.1040000916" width="13.1040000916" x="1212.86303711" y="290.436767578"/>
          <y:Fill color="#FFCC00" transparent="false"/>
          <y:BorderStyle color="#000000" type="line" width="1.0"/>
          <y:NodeLabel alignment="center" autoSizePolicy="content" fontFamily="Dialog" fontSize="8" fontStyle="plain" hasBackgroundColor="false" hasLineColor="false" hasText="false" height="4.0" modelName="internal" modelPosition="c" textColor="#000000" visible="true" width="4.0" x="4.552000045800014" y="4.552000045800014"/>
          <y:Shape type="octagon"/>
        </y:ShapeNode>
      </data>
    </node>
    <node id="n53">
      <data key="d4">true</data>
      <data key="d5"/>
      <data key="d6">true</data>
      <data key="d7"/>
      <data key="d9"/>
      <data key="d10">
        <y:ShapeNode>
          <y:Geometry height="13.1040000916" width="13.1040000916" x="1233.56616211" y="295.329528809"/>
          <y:Fill color="#FFCC00" transparent="false"/>
          <y:BorderStyle color="#000000" type="line" width="1.0"/>
          <y:NodeLabel alignment="center" autoSizePolicy="content" fontFamily="Dialog" fontSize="8" fontStyle="plain" hasBackgroundColor="false" hasLineColor="false" hasText="false" height="4.0" modelName="internal" modelPosition="c" textColor="#000000" visible="true" width="4.0" x="4.552000045800014" y="4.552000045800014"/>
          <y:Shape type="octagon"/>
        </y:ShapeNode>
      </data>
    </node>
    <node id="n54">
      <data key="d4">true</data>
      <data key="d5"/>
      <data key="d7"><![CDATA[Red Node]]></data>
      <data key="d9"/>
      <data key="d10">
        <y:ShapeNode>
          <y:Geometry height="13.1040000916" width="13.1040000916" x="1150.33325195" y="243.823898315"/>
          <y:Fill color="#00FF00" transparent="false"/>
          <y:BorderStyle color="#000000" type="line" width="1.0"/>
          <y:NodeLabel alignment="center" autoSizePolicy="content" fontFamily="Dialog" fontSize="8" fontStyle="plain" hasBackgroundColor="false" hasLineColor="false" height="13.421875" modelName="internal" modelPosition="c" textColor="#000000" visible="true" width="36.8828125" x="-11.889406204199986" y="-0.15893745419998595">Portrush</y:NodeLabel>
          <y:Shape type="ellipse"/>
        </y:ShapeNode>
      </data>
    </node>
    <edge id="e0" source="n0" target="n1">
      <data key="d37"><![CDATA[Green Link]]></data>
      <data key="d39"/>
      <data key="d40">
        <y:PolyLineEdge>
          <y:Path sx="0.0" sy="0.0" tx="0.0" ty="0.0"/>
          <y:LineStyle color="#00FF00" type="line" width="2.0"/>
          <y:Arrows source="none" target="none"/>
          <y:BendStyle smoothed="false"/>
        </y:PolyLineEdge>
      </data>
    </edge>
    <edge id="e1" source="n0" target="n2">
      <data key="d37"><![CDATA[Green Link]]></data>
      <data key="d39"/>
      <data key="d40">
        <y:PolyLineEdge>
          <y:Path sx="0.0" sy="0.0" tx="0.0" ty="0.0"/>
          <y:LineStyle color="#00FF00" type="line" width="2.0"/>
          <y:Arrows source="none" target="none"/>
          <y:BendStyle smoothed="false"/>
        </y:PolyLineEdge>
      </data>
    </edge>
    <edge id="e2" source="n1" target="n2">
      <data key="d37"><![CDATA[Green Link]]></data>
      <data key="d39"/>
      <data key="d40">
        <y:PolyLineEdge>
          <y:Path sx="0.0" sy="0.0" tx="0.0" ty="0.0"/>
          <y:LineStyle color="#00FF00" type="line" width="2.0"/>
          <y:Arrows source="none" target="none"/>
          <y:BendStyle smoothed="false"/>
        </y:PolyLineEdge>
      </data>
    </edge>
    <edge id="e3" source="n1" target="n14">
      <data key="d37"><![CDATA[Green Link]]></data>
      <data key="d39"/>
      <data key="d40">
        <y:PolyLineEdge>
          <y:Path sx="0.0" sy="0.0" tx="0.0" ty="0.0"/>
          <y:LineStyle color="#00FF00" type="line" width="2.0"/>
          <y:Arrows source="none" target="none"/>
          <y:BendStyle smoothed="false"/>
        </y:PolyLineEdge>
      </data>
    </edge>
    <edge id="e4" source="n2" target="n3">
      <data key="d37"><![CDATA[Green Link]]></data>
      <data key="d39"/>
      <data key="d40">
        <y:PolyLineEdge>
          <y:Path sx="0.0" sy="0.0" tx="0.0" ty="0.0"/>
          <y:LineStyle color="#00FF00" type="line" width="2.0"/>
          <y:Arrows source="none" target="none"/>
          <y:BendStyle smoothed="false"/>
        </y:PolyLineEdge>
      </data>
    </edge>
    <edge id="e5" source="n3" target="n51">
      <data key="d37"><![CDATA[Green Link]]></data>
      <data key="d39"/>
      <data key="d40">
        <y:PolyLineEdge>
          <y:Path sx="0.0" sy="0.0" tx="0.0" ty="0.0">
            <y:Point x="355.550476074" y="520.780151367"/>
          </y:Path>
          <y:LineStyle color="#00FF00" type="line" width="2.0"/>
          <y:Arrows source="none" target="none"/>
          <y:BendStyle smoothed="false"/>
        </y:PolyLineEdge>
      </data>
    </edge>
    <edge id="e6" source="n3" target="n4">
      <data key="d37"><![CDATA[Green Link]]></data>
      <data key="d39"/>
      <data key="d40">
        <y:PolyLineEdge>
          <y:Path sx="0.0" sy="0.0" tx="0.0" ty="0.0"/>
          <y:LineStyle color="#00FF00" type="line" width="2.0"/>
          <y:Arrows source="none" target="none"/>
          <y:BendStyle smoothed="false"/>
        </y:PolyLineEdge>
      </data>
    </edge>
    <edge id="e7" source="n3" target="n5">
      <data key="d37"><![CDATA[Green Link]]></data>
      <data key="d39"/>
      <data key="d40">
        <y:PolyLineEdge>
          <y:Path sx="0.0" sy="0.0" tx="0.0" ty="0.0"/>
          <y:LineStyle color="#00FF00" type="line" width="2.0"/>
          <y:Arrows source="none" target="none"/>
          <y:BendStyle smoothed="false"/>
        </y:PolyLineEdge>
      </data>
    </edge>
    <edge id="e8" source="n3" target="n6">
      <data key="d37"><![CDATA[Green Link]]></data>
      <data key="d39"/>
      <data key="d40">
        <y:PolyLineEdge>
          <y:Path sx="0.0" sy="0.0" tx="0.0" ty="0.0"/>
          <y:LineStyle color="#00FF00" type="line" width="2.0"/>
          <y:Arrows source="none" target="none"/>
          <y:BendStyle smoothed="false"/>
        </y:PolyLineEdge>
      </data>
    </edge>
    <edge id="e9" source="n4" target="n6">
      <data key="d37"><![CDATA[Green Link]]></data>
      <data key="d39"/>
      <data key="d40">
        <y:PolyLineEdge>
          <y:Path sx="0.0" sy="0.0" tx="0.0" ty="0.0"/>
          <y:LineStyle color="#00FF00" type="line" width="2.0"/>
          <y:Arrows source="none" target="none"/>
          <y:BendStyle smoothed="false"/>
        </y:PolyLineEdge>
      </data>
    </edge>
    <edge id="e10" source="n6" target="n8">
      <data key="d37"><![CDATA[Green Link]]></data>
      <data key="d39"/>
      <data key="d40">
        <y:PolyLineEdge>
          <y:Path sx="0.0" sy="0.0" tx="0.0" ty="0.0"/>
          <y:LineStyle color="#00FF00" type="line" width="2.0"/>
          <y:Arrows source="none" target="none"/>
          <y:BendStyle smoothed="false"/>
        </y:PolyLineEdge>
      </data>
    </edge>
    <edge id="e11" source="n7" target="n8">
      <data key="d37"><![CDATA[Green Link]]></data>
      <data key="d39"/>
      <data key="d40">
        <y:PolyLineEdge>
          <y:Path sx="0.0" sy="0.0" tx="0.0" ty="0.0"/>
          <y:LineStyle color="#00FF00" type="line" width="2.0"/>
          <y:Arrows source="none" target="none"/>
          <y:BendStyle smoothed="false"/>
        </y:PolyLineEdge>
      </data>
    </edge>
    <edge id="e12" source="n7" target="n14">
      <data key="d37"><![CDATA[Green Link]]></data>
      <data key="d39"/>
      <data key="d40">
        <y:PolyLineEdge>
          <y:Path sx="0.0" sy="0.0" tx="0.0" ty="0.0">
            <y:Point x="390.750457764" y="552.140136719"/>
          </y:Path>
          <y:LineStyle color="#00FF00" type="line" width="2.0"/>
          <y:Arrows source="none" target="none"/>
          <y:BendStyle smoothed="false"/>
        </y:PolyLineEdge>
      </data>
    </edge>
    <edge id="e13" source="n8" target="n10">
      <data key="d37"><![CDATA[Green Link]]></data>
      <data key="d39"/>
      <data key="d40">
        <y:PolyLineEdge>
          <y:Path sx="0.0" sy="0.0" tx="0.0" ty="0.0"/>
          <y:LineStyle color="#00FF00" type="line" width="2.0"/>
          <y:Arrows source="none" target="none"/>
          <y:BendStyle smoothed="false"/>
        </y:PolyLineEdge>
      </data>
    </edge>
    <edge id="e14" source="n9" target="n10">
      <data key="d37"><![CDATA[Green Link]]></data>
      <data key="d39"/>
      <data key="d40">
        <y:PolyLineEdge>
          <y:Path sx="0.0" sy="0.0" tx="0.0" ty="0.0"/>
          <y:LineStyle color="#00FF00" type="line" width="2.0"/>
          <y:Arrows source="none" target="none"/>
          <y:BendStyle smoothed="false"/>
        </y:PolyLineEdge>
      </data>
    </edge>
    <edge id="e15" source="n9" target="n13">
      <data key="d37"><![CDATA[Green Link]]></data>
      <data key="d39"/>
      <data key="d40">
        <y:PolyLineEdge>
          <y:Path sx="0.0" sy="0.0" tx="0.0" ty="0.0"/>
          <y:LineStyle color="#00FF00" type="line" width="2.0"/>
          <y:Arrows source="none" target="none"/>
          <y:BendStyle smoothed="false"/>
        </y:PolyLineEdge>
      </data>
    </edge>
    <edge id="e16" source="n10" target="n11">
      <data key="d37"><![CDATA[Green Link]]></data>
      <data key="d39"/>
      <data key="d40">
        <y:PolyLineEdge>
          <y:Path sx="0.0" sy="0.0" tx="0.0" ty="0.0"/>
          <y:LineStyle color="#00FF00" type="line" width="2.0"/>
          <y:Arrows source="none" target="none"/>
          <y:BendStyle smoothed="false"/>
        </y:PolyLineEdge>
      </data>
    </edge>
    <edge id="e17" source="n10" target="n49">
      <data key="d37"><![CDATA[Green Link]]></data>
      <data key="d39"/>
      <data key="d40">
        <y:PolyLineEdge>
          <y:Path sx="0.0" sy="0.0" tx="0.0" ty="0.0">
            <y:Point x="579.255554199" y="604.516723633"/>
          </y:Path>
          <y:LineStyle color="#00FF00" type="line" width="2.0"/>
          <y:Arrows source="none" target="none"/>
          <y:BendStyle smoothed="false"/>
        </y:PolyLineEdge>
      </data>
    </edge>
    <edge id="e18" source="n11" target="n12">
      <data key="d37"><![CDATA[Green Link]]></data>
      <data key="d39"/>
      <data key="d40">
        <y:PolyLineEdge>
          <y:Path sx="0.0" sy="0.0" tx="0.0" ty="0.0"/>
          <y:LineStyle color="#00FF00" type="line" width="2.0"/>
          <y:Arrows source="none" target="none"/>
          <y:BendStyle smoothed="false"/>
        </y:PolyLineEdge>
      </data>
    </edge>
    <edge id="e19" source="n11" target="n13">
      <data key="d37"><![CDATA[Green Link]]></data>
      <data key="d39"/>
      <data key="d40">
        <y:PolyLineEdge>
          <y:Path sx="0.0" sy="0.0" tx="0.0" ty="0.0">
            <y:Point x="562.740478516" y="644.362609863"/>
          </y:Path>
          <y:LineStyle color="#00FF00" type="line" width="2.0"/>
          <y:Arrows source="none" target="none"/>
          <y:BendStyle smoothed="false"/>
        </y:PolyLineEdge>
      </data>
    </edge>
    <edge id="e20" source="n12" target="n49">
      <data key="d37"><![CDATA[Green Link]]></data>
      <data key="d39"/>
      <data key="d40">
        <y:PolyLineEdge>
          <y:Path sx="0.0" sy="0.0" tx="0.0" ty="0.0">
            <y:Point x="603.110656738" y="570.962280273"/>
          </y:Path>
          <y:LineStyle color="#00FF00" type="line" width="2.0"/>
          <y:Arrows source="none" target="none"/>
          <y:BendStyle smoothed="false"/>
        </y:PolyLineEdge>
      </data>
    </edge>
    <edge id="e21" source="n12" target="n50">
      <data key="d37"><![CDATA[Green Link]]></data>
      <data key="d39"/>
      <data key="d40">
        <y:PolyLineEdge>
          <y:Path sx="0.0" sy="0.0" tx="0.0" ty="0.0"/>
          <y:LineStyle color="#00FF00" type="line" width="2.0"/>
          <y:Arrows source="none" target="none"/>
          <y:BendStyle smoothed="false"/>
        </y:PolyLineEdge>
      </data>
    </edge>
    <edge id="e22" source="n14" target="n51">
      <data key="d37"><![CDATA[Green Link]]></data>
      <data key="d39"/>
      <data key="d40">
        <y:PolyLineEdge>
          <y:Path sx="0.0" sy="0.0" tx="0.0" ty="0.0">
            <y:Point x="596.032775879" y="484.454772949"/>
          </y:Path>
          <y:LineStyle color="#00FF00" type="line" width="2.0"/>
          <y:Arrows source="none" target="none"/>
          <y:BendStyle smoothed="false"/>
        </y:PolyLineEdge>
      </data>
    </edge>
    <edge id="e23" source="n14" target="n17">
      <data key="d37"><![CDATA[Green Link]]></data>
      <data key="d39"/>
      <data key="d40">
        <y:PolyLineEdge>
          <y:Path sx="0.0" sy="0.0" tx="0.0" ty="0.0"/>
          <y:LineStyle color="#00FF00" type="line" width="2.0"/>
          <y:Arrows source="none" target="none"/>
          <y:BendStyle smoothed="false"/>
        </y:PolyLineEdge>
      </data>
    </edge>
    <edge id="e24" source="n14" target="n45">
      <data key="d37"><![CDATA[Green Link]]></data>
      <data key="d39"/>
      <data key="d40">
        <y:PolyLineEdge>
          <y:Path sx="0.0" sy="0.0" tx="0.0" ty="0.0"/>
          <y:LineStyle color="#00FF00" type="line" width="2.0"/>
          <y:Arrows source="none" target="none"/>
          <y:BendStyle smoothed="false"/>
        </y:PolyLineEdge>
      </data>
    </edge>
    <edge id="e25" source="n15" target="n16">
      <data key="d37"><![CDATA[Green Link]]></data>
      <data key="d39"/>
      <data key="d40">
        <y:PolyLineEdge>
          <y:Path sx="0.0" sy="0.0" tx="0.0" ty="0.0"/>
          <y:LineStyle color="#00FF00" type="line" width="2.0"/>
          <y:Arrows source="none" target="none"/>
          <y:BendStyle smoothed="false"/>
        </y:PolyLineEdge>
      </data>
    </edge>
    <edge id="e26" source="n15" target="n18">
      <data key="d37"><![CDATA[Green Link]]></data>
      <data key="d39"/>
      <data key="d40">
        <y:PolyLineEdge>
          <y:Path sx="0.0" sy="0.0" tx="0.0" ty="0.0"/>
          <y:LineStyle color="#00FF00" type="line" width="2.0"/>
          <y:Arrows source="none" target="none"/>
          <y:BendStyle smoothed="false"/>
        </y:PolyLineEdge>
      </data>
    </edge>
    <edge id="e27" source="n16" target="n17">
      <data key="d37"><![CDATA[Green Link]]></data>
      <data key="d39"/>
      <data key="d40">
        <y:PolyLineEdge>
          <y:Path sx="0.0" sy="0.0" tx="0.0" ty="0.0"/>
          <y:LineStyle color="#00FF00" type="line" width="2.0"/>
          <y:Arrows source="none" target="none"/>
          <y:BendStyle smoothed="false"/>
        </y:PolyLineEdge>
      </data>
    </edge>
    <edge id="e28" source="n16" target="n19">
      <data key="d37"><![CDATA[Green Link]]></data>
      <data key="d39"/>
      <data key="d40">
        <y:PolyLineEdge>
          <y:Path sx="0.0" sy="0.0" tx="0.0" ty="0.0"/>
          <y:LineStyle color="#00FF00" type="line" width="2.0"/>
          <y:Arrows source="none" target="none"/>
          <y:BendStyle smoothed="false"/>
        </y:PolyLineEdge>
      </data>
    </edge>
    <edge id="e29" source="n17" target="n45">
      <data key="d37"><![CDATA[Green Link]]></data>
      <data key="d39"/>
      <data key="d40">
        <y:PolyLineEdge>
          <y:Path sx="0.0" sy="0.0" tx="0.0" ty="0.0"/>
          <y:LineStyle color="#00FF00" type="line" width="2.0"/>
          <y:Arrows source="none" target="none"/>
          <y:BendStyle smoothed="false"/>
        </y:PolyLineEdge>
      </data>
    </edge>
    <edge id="e30" source="n18" target="n23">
      <data key="d37"><![CDATA[Green Link]]></data>
      <data key="d39"/>
      <data key="d40">
        <y:PolyLineEdge>
          <y:Path sx="0.0" sy="0.0" tx="0.0" ty="0.0"/>
          <y:LineStyle color="#00FF00" type="line" width="2.0"/>
          <y:Arrows source="none" target="none"/>
          <y:BendStyle smoothed="false"/>
        </y:PolyLineEdge>
      </data>
    </edge>
    <edge id="e31" source="n18" target="n19">
      <data key="d37"><![CDATA[Green Link]]></data>
      <data key="d39"/>
      <data key="d40">
        <y:PolyLineEdge>
          <y:Path sx="0.0" sy="0.0" tx="0.0" ty="0.0"/>
          <y:LineStyle color="#00FF00" type="line" width="2.0"/>
          <y:Arrows source="none" target="none"/>
          <y:BendStyle smoothed="false"/>
        </y:PolyLineEdge>
      </data>
    </edge>
    <edge id="e32" source="n19" target="n51">
      <data key="d37"><![CDATA[Green Link]]></data>
      <data key="d39"/>
      <data key="d40">
        <y:PolyLineEdge>
          <y:Path sx="0.0" sy="0.0" tx="0.0" ty="0.0">
            <y:Point x="606.780700684" y="482.88192749"/>
          </y:Path>
          <y:LineStyle color="#00FF00" type="line" width="2.0"/>
          <y:Arrows source="none" target="none"/>
          <y:BendStyle smoothed="false"/>
        </y:PolyLineEdge>
      </data>
    </edge>
    <edge id="e33" source="n19" target="n22">
      <data key="d37"><![CDATA[Green Link]]></data>
      <data key="d39"/>
      <data key="d40">
        <y:PolyLineEdge>
          <y:Path sx="0.0" sy="0.0" tx="0.0" ty="0.0"/>
          <y:LineStyle color="#00FF00" type="line" width="2.0"/>
          <y:Arrows source="none" target="none"/>
          <y:BendStyle smoothed="false"/>
        </y:PolyLineEdge>
      </data>
    </edge>
    <edge id="e34" source="n20" target="n43">
      <data key="d37"><![CDATA[Green Link]]></data>
      <data key="d39"/>
      <data key="d40">
        <y:PolyLineEdge>
          <y:Path sx="0.0" sy="0.0" tx="0.0" ty="0.0"/>
          <y:LineStyle color="#00FF00" type="line" width="2.0"/>
          <y:Arrows source="none" target="none"/>
          <y:BendStyle smoothed="false"/>
        </y:PolyLineEdge>
      </data>
    </edge>
    <edge id="e35" source="n20" target="n21">
      <data key="d37"><![CDATA[Green Link]]></data>
      <data key="d39"/>
      <data key="d40">
        <y:PolyLineEdge>
          <y:Path sx="0.0" sy="0.0" tx="0.0" ty="0.0"/>
          <y:LineStyle color="#00FF00" type="line" width="2.0"/>
          <y:Arrows source="none" target="none"/>
          <y:BendStyle smoothed="false"/>
        </y:PolyLineEdge>
      </data>
    </edge>
    <edge id="e36" source="n21" target="n51">
      <data key="d37"><![CDATA[Green Link]]></data>
      <data key="d39"/>
      <data key="d40">
        <y:PolyLineEdge>
          <y:Path sx="0.0" sy="0.0" tx="0.0" ty="0.0"/>
          <y:LineStyle color="#00FF00" type="line" width="2.0"/>
          <y:Arrows source="none" target="none"/>
          <y:BendStyle smoothed="false"/>
        </y:PolyLineEdge>
      </data>
    </edge>
    <edge id="e37" source="n21" target="n22">
      <data key="d37"><![CDATA[Green Link]]></data>
      <data key="d39"/>
      <data key="d40">
        <y:PolyLineEdge>
          <y:Path sx="0.0" sy="0.0" tx="0.0" ty="0.0"/>
          <y:LineStyle color="#00FF00" type="line" width="2.0"/>
          <y:Arrows source="none" target="none"/>
          <y:BendStyle smoothed="false"/>
        </y:PolyLineEdge>
      </data>
    </edge>
    <edge id="e38" source="n22" target="n27">
      <data key="d37"><![CDATA[Green Link]]></data>
      <data key="d39"/>
      <data key="d40">
        <y:PolyLineEdge>
          <y:Path sx="0.0" sy="0.0" tx="0.0" ty="0.0">
            <y:Point x="730.512634277" y="478.425476074"/>
          </y:Path>
          <y:LineStyle color="#00FF00" type="line" width="2.0"/>
          <y:Arrows source="none" target="none"/>
          <y:BendStyle smoothed="false"/>
        </y:PolyLineEdge>
      </data>
    </edge>
    <edge id="e39" source="n22" target="n51">
      <data key="d37"><![CDATA[Green Link]]></data>
      <data key="d39"/>
      <data key="d40">
        <y:PolyLineEdge>
          <y:Path sx="0.0" sy="0.0" tx="0.0" ty="0.0">
            <y:Point x="671.530212402" y="499.921295166"/>
          </y:Path>
          <y:LineStyle color="#00FF00" type="line" width="2.0"/>
          <y:Arrows source="none" target="none"/>
          <y:BendStyle smoothed="false"/>
        </y:PolyLineEdge>
      </data>
    </edge>
    <edge id="e40" source="n23" target="n24">
      <data key="d37"><![CDATA[Green Link]]></data>
      <data key="d39"/>
      <data key="d40">
        <y:PolyLineEdge>
          <y:Path sx="0.0" sy="0.0" tx="0.0" ty="0.0"/>
          <y:LineStyle color="#00FF00" type="line" width="2.0"/>
          <y:Arrows source="none" target="none"/>
          <y:BendStyle smoothed="false"/>
        </y:PolyLineEdge>
      </data>
    </edge>
    <edge id="e41" source="n24" target="n25">
      <data key="d37"><![CDATA[Green Link]]></data>
      <data key="d39"/>
      <data key="d40">
        <y:PolyLineEdge>
          <y:Path sx="0.0" sy="0.0" tx="0.0" ty="0.0"/>
          <y:LineStyle color="#00FF00" type="line" width="2.0"/>
          <y:Arrows source="none" target="none"/>
          <y:BendStyle smoothed="false"/>
        </y:PolyLineEdge>
      </data>
    </edge>
    <edge id="e42" source="n25" target="n26">
      <data key="d37"><![CDATA[Green Link]]></data>
      <data key="d39"/>
      <data key="d40">
        <y:PolyLineEdge>
          <y:Path sx="0.0" sy="0.0" tx="0.0" ty="0.0"/>
          <y:LineStyle color="#00FF00" type="line" width="2.0"/>
          <y:Arrows source="none" target="none"/>
          <y:BendStyle smoothed="false"/>
        </y:PolyLineEdge>
      </data>
    </edge>
    <edge id="e43" source="n26" target="n27">
      <data key="d37"><![CDATA[Green Link]]></data>
      <data key="d39"/>
      <data key="d40">
        <y:PolyLineEdge>
          <y:Path sx="0.0" sy="0.0" tx="0.0" ty="0.0"/>
          <y:LineStyle color="#00FF00" type="line" width="2.0"/>
          <y:Arrows source="none" target="none"/>
          <y:BendStyle smoothed="false"/>
        </y:PolyLineEdge>
      </data>
    </edge>
    <edge id="e44" source="n27" target="n54">
      <data key="d37"><![CDATA[Green Link]]></data>
      <data key="d39"/>
      <data key="d40">
        <y:PolyLineEdge>
          <y:Path sx="0.0" sy="0.0" tx="0.0" ty="0.0">
            <y:Point x="876.735107422" y="416.132751465"/>
          </y:Path>
          <y:LineStyle color="#00FF00" type="line" width="2.0"/>
          <y:Arrows source="none" target="none"/>
          <y:BendStyle smoothed="false"/>
        </y:PolyLineEdge>
      </data>
    </edge>
    <edge id="e45" source="n27" target="n29">
      <data key="d37"><![CDATA[Green Link]]></data>
      <data key="d39"/>
      <data key="d40">
        <y:PolyLineEdge>
          <y:Path sx="0.0" sy="0.0" tx="0.0" ty="0.0">
            <y:Point x="1126.59106445" y="353.156768799"/>
          </y:Path>
          <y:LineStyle color="#00FF00" type="line" width="2.0"/>
          <y:Arrows source="none" target="none"/>
          <y:BendStyle smoothed="false"/>
        </y:PolyLineEdge>
      </data>
    </edge>
    <edge id="e46" source="n28" target="n29">
      <data key="d37"><![CDATA[Green Link]]></data>
      <data key="d39"/>
      <data key="d40">
        <y:PolyLineEdge>
          <y:Path sx="0.0" sy="0.0" tx="0.0" ty="0.0"/>
          <y:LineStyle color="#00FF00" type="line" width="2.0"/>
          <y:Arrows source="none" target="none"/>
          <y:BendStyle smoothed="false"/>
        </y:PolyLineEdge>
      </data>
    </edge>
    <edge id="e47" source="n28" target="n54">
      <data key="d37"><![CDATA[Green Link]]></data>
      <data key="d39"/>
      <data key="d40">
        <y:PolyLineEdge>
          <y:Path sx="0.0" sy="0.0" tx="0.0" ty="0.0"/>
          <y:LineStyle color="#00FF00" type="line" width="2.0"/>
          <y:Arrows source="none" target="none"/>
          <y:BendStyle smoothed="false"/>
        </y:PolyLineEdge>
      </data>
    </edge>
    <edge id="e48" source="n29" target="n30">
      <data key="d37"><![CDATA[Green Link]]></data>
      <data key="d39"/>
      <data key="d40">
        <y:PolyLineEdge>
          <y:Path sx="0.0" sy="0.0" tx="0.0" ty="0.0"/>
          <y:LineStyle color="#00FF00" type="line" width="2.0"/>
          <y:Arrows source="none" target="none"/>
          <y:BendStyle smoothed="false"/>
        </y:PolyLineEdge>
      </data>
    </edge>
    <edge id="e49" source="n30" target="n52">
      <data key="d37"><![CDATA[Green Link]]></data>
      <data key="d39"/>
      <data key="d40">
        <y:PolyLineEdge>
          <y:Path sx="0.0" sy="0.0" tx="0.0" ty="0.0"/>
          <y:LineStyle color="#00FF00" type="line" width="2.0"/>
          <y:Arrows source="none" target="none"/>
          <y:BendStyle smoothed="false"/>
        </y:PolyLineEdge>
      </data>
    </edge>
    <edge id="e50" source="n30" target="n54">
      <data key="d37"><![CDATA[Green Link]]></data>
      <data key="d39"/>
      <data key="d40">
        <y:PolyLineEdge>
          <y:Path sx="0.0" sy="0.0" tx="0.0" ty="0.0"/>
          <y:LineStyle color="#00FF00" type="line" width="2.0"/>
          <y:Arrows source="none" target="none"/>
          <y:BendStyle smoothed="false"/>
        </y:PolyLineEdge>
      </data>
    </edge>
    <edge id="e51" source="n30" target="n31">
      <data key="d37"><![CDATA[Green Link]]></data>
      <data key="d39"/>
      <data key="d40">
        <y:PolyLineEdge>
          <y:Path sx="0.0" sy="0.0" tx="0.0" ty="0.0"/>
          <y:LineStyle color="#00FF00" type="line" width="2.0"/>
          <y:Arrows source="none" target="none"/>
          <y:BendStyle smoothed="false"/>
        </y:PolyLineEdge>
      </data>
    </edge>
    <edge id="e52" source="n31" target="n32">
      <data key="d37"><![CDATA[Green Link]]></data>
      <data key="d39"/>
      <data key="d40">
        <y:PolyLineEdge>
          <y:Path sx="0.0" sy="0.0" tx="0.0" ty="0.0"/>
          <y:LineStyle color="#00FF00" type="line" width="2.0"/>
          <y:Arrows source="none" target="none"/>
          <y:BendStyle smoothed="false"/>
        </y:PolyLineEdge>
      </data>
    </edge>
    <edge id="e53" source="n32" target="n33">
      <data key="d37"><![CDATA[Green Link]]></data>
      <data key="d39"/>
      <data key="d40">
        <y:PolyLineEdge>
          <y:Path sx="0.0" sy="0.0" tx="0.0" ty="0.0"/>
          <y:LineStyle color="#00FF00" type="line" width="2.0"/>
          <y:Arrows source="none" target="none"/>
          <y:BendStyle smoothed="false"/>
        </y:PolyLineEdge>
      </data>
    </edge>
    <edge id="e54" source="n32" target="n34">
      <data key="d37"><![CDATA[Green Link]]></data>
      <data key="d39"/>
      <data key="d40">
        <y:PolyLineEdge>
          <y:Path sx="0.0" sy="0.0" tx="0.0" ty="0.0">
            <y:Point x="1207.77331543" y="326.223266602"/>
          </y:Path>
          <y:LineStyle color="#00FF00" type="line" width="2.0"/>
          <y:Arrows source="none" target="none"/>
          <y:BendStyle smoothed="false"/>
        </y:PolyLineEdge>
      </data>
    </edge>
    <edge id="e55" source="n33" target="n34">
      <data key="d37"><![CDATA[Green Link]]></data>
      <data key="d39"/>
      <data key="d40">
        <y:PolyLineEdge>
          <y:Path sx="0.0" sy="0.0" tx="0.0" ty="0.0"/>
          <y:LineStyle color="#00FF00" type="line" width="2.0"/>
          <y:Arrows source="none" target="none"/>
          <y:BendStyle smoothed="false"/>
        </y:PolyLineEdge>
      </data>
    </edge>
    <edge id="e56" source="n33" target="n52">
      <data key="d37"><![CDATA[Green Link]]></data>
      <data key="d39"/>
      <data key="d40">
        <y:PolyLineEdge>
          <y:Path sx="0.0" sy="0.0" tx="0.0" ty="0.0"/>
          <y:LineStyle color="#00FF00" type="line" width="2.0"/>
          <y:Arrows source="none" target="none"/>
          <y:BendStyle smoothed="false"/>
        </y:PolyLineEdge>
      </data>
    </edge>
    <edge id="e57" source="n33" target="n53">
      <data key="d37"><![CDATA[Green Link]]></data>
      <data key="d39"/>
      <data key="d40">
        <y:PolyLineEdge>
          <y:Path sx="0.0" sy="0.0" tx="0.0" ty="0.0"/>
          <y:LineStyle color="#00FF00" type="line" width="2.0"/>
          <y:Arrows source="none" target="none"/>
          <y:BendStyle smoothed="false"/>
        </y:PolyLineEdge>
      </data>
    </edge>
    <edge id="e58" source="n34" target="n35">
      <data key="d37"><![CDATA[Green Link]]></data>
      <data key="d39"/>
      <data key="d40">
        <y:PolyLineEdge>
          <y:Path sx="0.0" sy="0.0" tx="0.0" ty="0.0"/>
          <y:LineStyle color="#00FF00" type="line" width="2.0"/>
          <y:Arrows source="none" target="none"/>
          <y:BendStyle smoothed="false"/>
        </y:PolyLineEdge>
      </data>
    </edge>
    <edge id="e59" source="n35" target="n36">
      <data key="d37"><![CDATA[Green Link]]></data>
      <data key="d39"/>
      <data key="d40">
        <y:PolyLineEdge>
          <y:Path sx="0.0" sy="0.0" tx="0.0" ty="0.0"/>
          <y:LineStyle color="#00FF00" type="line" width="2.0"/>
          <y:Arrows source="none" target="none"/>
          <y:BendStyle smoothed="false"/>
        </y:PolyLineEdge>
      </data>
    </edge>
    <edge id="e60" source="n35" target="n37">
      <data key="d37"><![CDATA[Green Link]]></data>
      <data key="d39"/>
      <data key="d40">
        <y:PolyLineEdge>
          <y:Path sx="0.0" sy="0.0" tx="0.0" ty="0.0"/>
          <y:LineStyle color="#00FF00" type="line" width="2.0"/>
          <y:Arrows source="none" target="none"/>
          <y:BendStyle smoothed="false"/>
        </y:PolyLineEdge>
      </data>
    </edge>
    <edge id="e61" source="n36" target="n42">
      <data key="d37"><![CDATA[Green Link]]></data>
      <data key="d39"/>
      <data key="d40">
        <y:PolyLineEdge>
          <y:Path sx="0.0" sy="0.0" tx="0.0" ty="0.0"/>
          <y:LineStyle color="#00FF00" type="line" width="2.0"/>
          <y:Arrows source="none" target="none"/>
          <y:BendStyle smoothed="false"/>
        </y:PolyLineEdge>
      </data>
    </edge>
    <edge id="e62" source="n37" target="n38">
      <data key="d37"><![CDATA[Green Link]]></data>
      <data key="d39"/>
      <data key="d40">
        <y:PolyLineEdge>
          <y:Path sx="0.0" sy="0.0" tx="0.0" ty="0.0"/>
          <y:LineStyle color="#00FF00" type="line" width="2.0"/>
          <y:Arrows source="none" target="none"/>
          <y:BendStyle smoothed="false"/>
        </y:PolyLineEdge>
      </data>
    </edge>
    <edge id="e63" source="n38" target="n53">
      <data key="d37"><![CDATA[Green Link]]></data>
      <data key="d39"/>
      <data key="d40">
        <y:PolyLineEdge>
          <y:Path sx="0.0" sy="0.0" tx="0.0" ty="0.0"/>
          <y:LineStyle color="#00FF00" type="line" width="2.0"/>
          <y:Arrows source="none" target="none"/>
          <y:BendStyle smoothed="false"/>
        </y:PolyLineEdge>
      </data>
    </edge>
    <edge id="e64" source="n38" target="n39">
      <data key="d37"><![CDATA[Green Link]]></data>
      <data key="d39"/>
      <data key="d40">
        <y:PolyLineEdge>
          <y:Path sx="0.0" sy="0.0" tx="0.0" ty="0.0"/>
          <y:LineStyle color="#00FF00" type="line" width="2.0"/>
          <y:Arrows source="none" target="none"/>
          <y:BendStyle smoothed="false"/>
        </y:PolyLineEdge>
      </data>
    </edge>
    <edge id="e65" source="n39" target="n40">
      <data key="d37"><![CDATA[Green Link]]></data>
      <data key="d39"/>
      <data key="d40">
        <y:PolyLineEdge>
          <y:Path sx="0.0" sy="0.0" tx="0.0" ty="0.0"/>
          <y:LineStyle color="#00FF00" type="line" width="2.0"/>
          <y:Arrows source="none" target="none"/>
          <y:BendStyle smoothed="false"/>
        </y:PolyLineEdge>
      </data>
    </edge>
    <edge id="e66" source="n40" target="n41">
      <data key="d37"><![CDATA[Green Link]]></data>
      <data key="d39"/>
      <data key="d40">
        <y:PolyLineEdge>
          <y:Path sx="0.0" sy="0.0" tx="0.0" ty="0.0"/>
          <y:LineStyle color="#00FF00" type="line" width="2.0"/>
          <y:Arrows source="none" target="none"/>
          <y:BendStyle smoothed="false"/>
        </y:PolyLineEdge>
      </data>
    </edge>
    <edge id="e67" source="n41" target="n42">
      <data key="d37"><![CDATA[Green Link]]></data>
      <data key="d39"/>
      <data key="d40">
        <y:PolyLineEdge>
          <y:Path sx="0.0" sy="0.0" tx="0.0" ty="0.0"/>
          <y:LineStyle color="#00FF00" type="line" width="2.0"/>
          <y:Arrows source="none" target="none"/>
          <y:BendStyle smoothed="false"/>
        </y:PolyLineEdge>
      </data>
    </edge>
    <edge id="e68" source="n43" target="n44">
      <data key="d37"><![CDATA[Green Link]]></data>
      <data key="d39"/>
      <data key="d40">
        <y:PolyLineEdge>
          <y:Path sx="0.0" sy="0.0" tx="0.0" ty="0.0"/>
          <y:LineStyle color="#00FF00" type="line" width="2.0"/>
          <y:Arrows source="none" target="none"/>
          <y:BendStyle smoothed="false"/>
        </y:PolyLineEdge>
      </data>
    </edge>
    <edge id="e69" source="n43" target="n51">
      <data key="d37"><![CDATA[Green Link]]></data>
      <data key="d39"/>
      <data key="d40">
        <y:PolyLineEdge>
          <y:Path sx="0.0" sy="0.0" tx="0.0" ty="0.0"/>
          <y:LineStyle color="#00FF00" type="line" width="2.0"/>
          <y:Arrows source="none" target="none"/>
          <y:BendStyle smoothed="false"/>
        </y:PolyLineEdge>
      </data>
    </edge>
    <edge id="e70" source="n43" target="n46">
      <data key="d37"><![CDATA[Green Link]]></data>
      <data key="d39"/>
      <data key="d40">
        <y:PolyLineEdge>
          <y:Path sx="0.0" sy="0.0" tx="0.0" ty="0.0"/>
          <y:LineStyle color="#00FF00" type="line" width="2.0"/>
          <y:Arrows source="none" target="none"/>
          <y:BendStyle smoothed="false"/>
        </y:PolyLineEdge>
      </data>
    </edge>
    <edge id="e71" source="n44" target="n45">
      <data key="d37"><![CDATA[Green Link]]></data>
      <data key="d39"/>
      <data key="d40">
        <y:PolyLineEdge>
          <y:Path sx="0.0" sy="0.0" tx="0.0" ty="0.0"/>
          <y:LineStyle color="#00FF00" type="line" width="2.0"/>
          <y:Arrows source="none" target="none"/>
          <y:BendStyle smoothed="false"/>
        </y:PolyLineEdge>
      </data>
    </edge>
    <edge id="e72" source="n44" target="n46">
      <data key="d37"><![CDATA[Green Link]]></data>
      <data key="d39"/>
      <data key="d40">
        <y:PolyLineEdge>
          <y:Path sx="0.0" sy="0.0" tx="0.0" ty="0.0"/>
          <y:LineStyle color="#00FF00" type="line" width="2.0"/>
          <y:Arrows source="none" target="none"/>
          <y:BendStyle smoothed="false"/>
        </y:PolyLineEdge>
      </data>
    </edge>
    <edge id="e73" source="n44" target="n47">
      <data key="d37"><![CDATA[Green Link]]></data>
      <data key="d39"/>
      <data key="d40">
        <y:PolyLineEdge>
          <y:Path sx="0.0" sy="0.0" tx="0.0" ty="0.0"/>
          <y:LineStyle color="#00FF00" type="line" width="2.0"/>
          <y:Arrows source="none" target="none"/>
          <y:BendStyle smoothed="false"/>
        </y:PolyLineEdge>
      </data>
    </edge>
    <edge id="e74" source="n45" target="n49">
      <data key="d37"><![CDATA[Green Link]]></data>
      <data key="d39"/>
      <data key="d40">
        <y:PolyLineEdge>
          <y:Path sx="0.0" sy="0.0" tx="0.0" ty="0.0"/>
          <y:LineStyle color="#00FF00" type="line" width="2.0"/>
          <y:Arrows source="none" target="none"/>
          <y:BendStyle smoothed="false"/>
        </y:PolyLineEdge>
      </data>
    </edge>
    <edge id="e75" source="n46" target="n51">
      <data key="d37"><![CDATA[Green Link]]></data>
      <data key="d39"/>
      <data key="d40">
        <y:PolyLineEdge>
          <y:Path sx="0.0" sy="0.0" tx="0.0" ty="0.0"/>
          <y:LineStyle color="#00FF00" type="line" width="2.0"/>
          <y:Arrows source="none" target="none"/>
          <y:BendStyle smoothed="false"/>
        </y:PolyLineEdge>
      </data>
    </edge>
    <edge id="e76" source="n47" target="n48">
      <data key="d37"><![CDATA[Green Link]]></data>
      <data key="d39"/>
      <data key="d40">
        <y:PolyLineEdge>
          <y:Path sx="0.0" sy="0.0" tx="0.0" ty="0.0"/>
          <y:LineStyle color="#00FF00" type="line" width="2.0"/>
          <y:Arrows source="none" target="none"/>
          <y:BendStyle smoothed="false"/>
        </y:PolyLineEdge>
      </data>
    </edge>
    <edge id="e77" source="n47" target="n49">
      <data key="d37"><![CDATA[Green Link]]></data>
      <data key="d39"/>
      <data key="d40">
        <y:PolyLineEdge>
          <y:Path sx="0.0" sy="0.0" tx="0.0" ty="0.0"/>
          <y:LineStyle color="#00FF00" type="line" width="2.0"/>
          <y:Arrows source="none" target="none"/>
          <y:BendStyle smoothed="false"/>
        </y:PolyLineEdge>
      </data>
    </edge>
    <edge id="e78" source="n48" target="n49">
      <data key="d37"><![CDATA[Green Link]]></data>
      <data key="d39"/>
      <data key="d40">
        <y:PolyLineEdge>
          <y:Path sx="0.0" sy="0.0" tx="0.0" ty="0.0"/>
          <y:LineStyle color="#00FF00" type="line" width="2.0"/>
          <y:Arrows source="none" target="none"/>
          <y:BendStyle smoothed="false"/>
        </y:PolyLineEdge>
      </data>
    </edge>
    <edge id="e79" source="n48" target="n50">
      <data key="d37"><![CDATA[Green Link]]></data>
      <data key="d39"/>
      <data key="d40">
        <y:PolyLineEdge>
          <y:Path sx="0.0" sy="0.0" tx="0.0" ty="0.0"/>
          <y:LineStyle color="#00FF00" type="line" width="2.0"/>
          <y:Arrows source="none" target="none"/>
          <y:BendStyle smoothed="false"/>
        </y:PolyLineEdge>
      </data>
    </edge>
    <edge id="e80" source="n52" target="n53">
      <data key="d37"><![CDATA[Green Link]]></data>
      <data key="d39"/>
      <data key="d40">
        <y:PolyLineEdge>
          <y:Path sx="0.0" sy="0.0" tx="0.0" ty="0.0"/>
          <y:LineStyle color="#00FF00" type="line" width="2.0"/>
          <y:Arrows source="none" target="none"/>
          <y:BendStyle smoothed="false"/>
        </y:PolyLineEdge>
      </data>
    </edge>
  </graph>
  <data key="d0">
    <y:Resources/>
  </data>
</graphml>
