<?xml version="1.0" encoding="UTF-8" standalone="no"?>
<graphml xmlns="http://graphml.graphdrawing.org/xmlns" xmlns:xsi="http://www.w3.org/2001/XMLSchema-instance" xmlns:y="http://www.yworks.com/xml/graphml" xmlns:yed="http://www.yworks.com/xml/yed/3" xsi:schemaLocation="http://graphml.graphdrawing.org/xmlns http://www.yworks.com/xml/schema/graphml/1.1/ygraphml.xsd">
  <!--Created by yFiles for Java 2.8-->
  <key for="graphml" id="d0" yfiles.type="resources"/>
  <key for="port" id="d1" yfiles.type="portgraphics"/>
  <key for="port" id="d2" yfiles.type="portgeometry"/>
  <key for="port" id="d3" yfiles.type="portuserdata"/>
  <key attr.name="Internal" attr.type="boolean" for="node" id="d4"/>
  <key attr.name="geocode_name" attr.type="string" for="node" id="d5"/>
  <key attr.name="url" attr.type="string" for="node" id="d6"/>
  <key attr.name="description" attr.type="string" for="node" id="d7"/>
  <key for="node" id="d8" yfiles.type="nodegraphics"/>
  <key attr.name="Access" attr.type="boolean" for="graph" id="d9"/>
  <key attr.name="Backbone" attr.type="boolean" for="graph" id="d10"/>
  <key attr.name="Commercial" attr.type="boolean" for="graph" id="d11"/>
  <key attr.name="Creator" attr.type="string" for="graph" id="d12"/>
  <key attr.name="Customer" attr.type="boolean" for="graph" id="d13"/>
  <key attr.name="DateModifier" attr.type="string" for="graph" id="d14"/>
  <key attr.name="DateMonth" attr.type="string" for="graph" id="d15"/>
  <key attr.name="DateObtained" attr.type="string" for="graph" id="d16"/>
  <key attr.name="DateType" attr.type="string" for="graph" id="d17"/>
  <key attr.name="DateYear" attr.type="string" for="graph" id="d18"/>
  <key attr.name="Developed" attr.type="boolean" for="graph" id="d19"/>
  <key attr.name="GeoExtent" attr.type="string" for="graph" id="d20"/>
  <key attr.name="GeoLocation" attr.type="string" for="graph" id="d21"/>
  <key attr.name="IX" attr.type="boolean" for="graph" id="d22"/>
  <key attr.name="LastAccess" attr.type="string" for="graph" id="d23"/>
  <key attr.name="LastProcessed" attr.type="string" for="graph" id="d24"/>
  <key attr.name="Layer" attr.type="string" for="graph" id="d25"/>
  <key attr.name="Network" attr.type="string" for="graph" id="d26"/>
  <key attr.name="NetworkDate" attr.type="string" for="graph" id="d27"/>
  <key attr.name="Provenance" attr.type="string" for="graph" id="d28"/>
  <key attr.name="Source" attr.type="string" for="graph" id="d29"/>
  <key attr.name="Testbed" attr.type="boolean" for="graph" id="d30"/>
  <key attr.name="Transit" attr.type="boolean" for="graph" id="d31"/>
  <key attr.name="Type" attr.type="string" for="graph" id="d32"/>
  <key attr.name="Version" attr.type="string" for="graph" id="d33"/>
  <key attr.name="label" attr.type="string" for="edge" id="d34"/>
  <key attr.name="url" attr.type="string" for="edge" id="d35"/>
  <key attr.name="description" attr.type="string" for="edge" id="d36"/>
  <key for="edge" id="d37" yfiles.type="edgegraphics"/>
  <graph edgedefault="directed" id="G">
    <data key="d9">false</data>
    <data key="d10">true</data>
    <data key="d11">false</data>
    <data key="d12"><![CDATA[Topology Zoo Toolset]]></data>
    <data key="d13">true</data>
    <data key="d14"><![CDATA[=]]></data>
    <data key="d15"><![CDATA[01]]></data>
    <data key="d16"><![CDATA[2/01/11]]></data>
    <data key="d17"><![CDATA[Current]]></data>
    <data key="d18"><![CDATA[2011]]></data>
    <data key="d19">false</data>
    <data key="d20"><![CDATA[Global]]></data>
    <data key="d21"><![CDATA[Global]]></data>
    <data key="d22">false</data>
    <data key="d23"><![CDATA[2/01/11]]></data>
    <data key="d24"><![CDATA[2011_09_01]]></data>
    <data key="d25"><![CDATA[IP]]></data>
    <data key="d26"><![CDATA[Highwinds]]></data>
    <data key="d27"><![CDATA[2011_01]]></data>
    <data key="d28"><![CDATA[Primary]]></data>
    <data key="d29"><![CDATA[http://www.highwinds.com/network/network-overview.php]]></data>
    <data key="d30">false</data>
    <data key="d31">true</data>
    <data key="d32"><![CDATA[COM]]></data>
    <data key="d33"><![CDATA[1.0]]></data>
    <node id="n0">
      <data key="d4">true</data>
      <data key="d5"/>
      <data key="d7"/>
      <data key="d8">
        <y:ShapeNode>
          <y:Geometry height="10.0" width="10.0" x="118.400001526" y="195.399993896"/>
          <y:Fill color="#FFCC00" transparent="false"/>
          <y:BorderStyle color="#000000" type="line" width="1.0"/>
          <y:NodeLabel alignment="center" autoSizePolicy="content" fontFamily="Dialog" fontSize="8" fontStyle="plain" hasBackgroundColor="false" hasLineColor="false" height="13.421875" modelName="internal" modelPosition="c" textColor="#000000" visible="true" width="29.9375" x="-9.96875" y="-1.7109375">Seattle</y:NodeLabel>
          <y:Shape type="ellipse"/>
        </y:ShapeNode>
      </data>
    </node>
    <node id="n1">
      <data key="d4">true</data>
      <data key="d5"><![CDATA[San Jose, US]]></data>
      <data key="d7"/>
      <data key="d8">
        <y:ShapeNode>
          <y:Geometry height="10.0" width="10.0" x="117.599998474" y="319.399993896"/>
          <y:Fill color="#FFCC00" transparent="false"/>
          <y:BorderStyle color="#000000" type="line" width="1.0"/>
          <y:NodeLabel alignment="center" autoSizePolicy="content" fontFamily="Dialog" fontSize="8" fontStyle="plain" hasBackgroundColor="false" hasLineColor="false" height="13.421875" modelName="internal" modelPosition="c" textColor="#000000" visible="true" width="93.0234375" x="-41.51171875" y="-1.7109375">San Jose/San Francisco</y:NodeLabel>
          <y:Shape type="ellipse"/>
        </y:ShapeNode>
      </data>
    </node>
    <node id="n2">
      <data key="d4">true</data>
      <data key="d5"/>
      <data key="d7"/>
      <data key="d8">
        <y:ShapeNode>
          <y:Geometry height="10.0" width="10.0" x="148.0" y="360.200012207"/>
          <y:Fill color="#FFCC00" transparent="false"/>
          <y:BorderStyle color="#000000" type="line" width="1.0"/>
          <y:NodeLabel alignment="center" autoSizePolicy="content" fontFamily="Dialog" fontSize="8" fontStyle="plain" hasBackgroundColor="false" hasLineColor="false" height="13.421875" modelName="internal" modelPosition="c" textColor="#000000" visible="true" width="50.56640625" x="-20.283203125" y="-1.7109375">Los Angeles</y:NodeLabel>
          <y:Shape type="ellipse"/>
        </y:ShapeNode>
      </data>
    </node>
    <node id="n3">
      <data key="d4">true</data>
      <data key="d5"/>
      <data key="d7"/>
      <data key="d8">
        <y:ShapeNode>
          <y:Geometry height="10.0" width="10.0" x="216.0" y="368.200012207"/>
          <y:Fill color="#FFCC00" transparent="false"/>
          <y:BorderStyle color="#000000" type="line" width="1.0"/>
          <y:NodeLabel alignment="center" autoSizePolicy="content" fontFamily="Dialog" fontSize="8" fontStyle="plain" hasBackgroundColor="false" hasLineColor="false" height="13.421875" modelName="internal" modelPosition="c" textColor="#000000" visible="true" width="34.94140625" x="-12.470703125" y="-1.7109375">Phoenix</y:NodeLabel>
          <y:Shape type="ellipse"/>
        </y:ShapeNode>
      </data>
    </node>
    <node id="n4">
      <data key="d4">true</data>
      <data key="d5"/>
      <data key="d7"/>
      <data key="d8">
        <y:ShapeNode>
          <y:Geometry height="10.0" width="10.0" x="370.208007812" y="380.903991699"/>
          <y:Fill color="#FFCC00" transparent="false"/>
          <y:BorderStyle color="#000000" type="line" width="1.0"/>
          <y:NodeLabel alignment="center" autoSizePolicy="content" fontFamily="Dialog" fontSize="8" fontStyle="plain" hasBackgroundColor="false" hasLineColor="false" height="13.421875" modelName="internal" modelPosition="c" textColor="#000000" visible="true" width="27.53125" x="-8.765625" y="-1.7109375">Dallas</y:NodeLabel>
          <y:Shape type="ellipse"/>
        </y:ShapeNode>
      </data>
    </node>
    <node id="n5">
      <data key="d4">true</data>
      <data key="d5"/>
      <data key="d7"/>
      <data key="d8">
        <y:ShapeNode>
          <y:Geometry height="10.0" width="10.0" x="472.0" y="261.799987793"/>
          <y:Fill color="#FFCC00" transparent="false"/>
          <y:BorderStyle color="#000000" type="line" width="1.0"/>
          <y:NodeLabel alignment="center" autoSizePolicy="content" fontFamily="Dialog" fontSize="8" fontStyle="plain" hasBackgroundColor="false" hasLineColor="false" height="13.421875" modelName="internal" modelPosition="c" textColor="#000000" visible="true" width="35.23046875" x="-12.615234375" y="-1.7109375">Chicago</y:NodeLabel>
          <y:Shape type="ellipse"/>
        </y:ShapeNode>
      </data>
    </node>
    <node id="n6">
      <data key="d4">true</data>
      <data key="d5"/>
      <data key="d7"/>
      <data key="d8">
        <y:ShapeNode>
          <y:Geometry height="10.0" width="10.0" x="553.599975586" y="242.600006104"/>
          <y:Fill color="#FFCC00" transparent="false"/>
          <y:BorderStyle color="#000000" type="line" width="1.0"/>
          <y:NodeLabel alignment="center" autoSizePolicy="content" fontFamily="Dialog" fontSize="8" fontStyle="plain" hasBackgroundColor="false" hasLineColor="false" height="13.421875" modelName="internal" modelPosition="c" textColor="#000000" visible="true" width="35.03125" x="-12.515625" y="-1.7109375">Toronto</y:NodeLabel>
          <y:Shape type="ellipse"/>
        </y:ShapeNode>
      </data>
    </node>
    <node id="n7">
      <data key="d4">true</data>
      <data key="d5"/>
      <data key="d7"/>
      <data key="d8">
        <y:ShapeNode>
          <y:Geometry height="10.0" width="10.0" x="572.799987793" y="309.0"/>
          <y:Fill color="#FFCC00" transparent="false"/>
          <y:BorderStyle color="#000000" type="line" width="1.0"/>
          <y:NodeLabel alignment="center" autoSizePolicy="content" fontFamily="Dialog" fontSize="8" fontStyle="plain" hasBackgroundColor="false" hasLineColor="false" height="13.421875" modelName="internal" modelPosition="c" textColor="#000000" visible="true" width="36.80078125" x="-13.400390625" y="-1.7109375">Ashburn</y:NodeLabel>
          <y:Shape type="ellipse"/>
        </y:ShapeNode>
      </data>
    </node>
    <node id="n8">
      <data key="d4">true</data>
      <data key="d5"/>
      <data key="d7"/>
      <data key="d8">
        <y:ShapeNode>
          <y:Geometry height="10.0" width="10.0" x="615.200012207" y="279.399993896"/>
          <y:Fill color="#FFCC00" transparent="false"/>
          <y:BorderStyle color="#000000" type="line" width="1.0"/>
          <y:NodeLabel alignment="center" autoSizePolicy="content" fontFamily="Dialog" fontSize="8" fontStyle="plain" hasBackgroundColor="false" hasLineColor="false" height="13.421875" modelName="internal" modelPosition="c" textColor="#000000" visible="true" width="40.91015625" x="-15.455078125" y="-1.7109375">New York</y:NodeLabel>
          <y:Shape type="ellipse"/>
        </y:ShapeNode>
      </data>
    </node>
    <node id="n9">
      <data key="d4">true</data>
      <data key="d5"/>
      <data key="d7"/>
      <data key="d8">
        <y:ShapeNode>
          <y:Geometry height="10.0" width="10.0" x="506.399993896" y="357.0"/>
          <y:Fill color="#FFCC00" transparent="false"/>
          <y:BorderStyle color="#000000" type="line" width="1.0"/>
          <y:NodeLabel alignment="center" autoSizePolicy="content" fontFamily="Dialog" fontSize="8" fontStyle="plain" hasBackgroundColor="false" hasLineColor="false" height="13.421875" modelName="internal" modelPosition="c" textColor="#000000" visible="true" width="31.6171875" x="-10.80859375" y="-1.7109375">Atlanta</y:NodeLabel>
          <y:Shape type="ellipse"/>
        </y:ShapeNode>
      </data>
    </node>
    <node id="n10">
      <data key="d4">true</data>
      <data key="d5"/>
      <data key="d7"/>
      <data key="d8">
        <y:ShapeNode>
          <y:Geometry height="10.0" width="10.0" x="540.799987793" y="452.200012207"/>
          <y:Fill color="#FFCC00" transparent="false"/>
          <y:BorderStyle color="#000000" type="line" width="1.0"/>
          <y:NodeLabel alignment="center" autoSizePolicy="content" fontFamily="Dialog" fontSize="8" fontStyle="plain" hasBackgroundColor="false" hasLineColor="false" height="13.421875" modelName="internal" modelPosition="c" textColor="#000000" visible="true" width="27.40234375" x="-8.701171875" y="-1.7109375">Miami</y:NodeLabel>
          <y:Shape type="ellipse"/>
        </y:ShapeNode>
      </data>
    </node>
    <node id="n11">
      <data key="d4">true</data>
      <data key="d5"/>
      <data key="d7"/>
      <data key="d8">
        <y:ShapeNode>
          <y:Geometry height="10.0" width="10.0" x="854.400024414" y="658.599975586"/>
          <y:Fill color="#FFCC00" transparent="false"/>
          <y:BorderStyle color="#000000" type="line" width="1.0"/>
          <y:NodeLabel alignment="center" autoSizePolicy="content" fontFamily="Dialog" fontSize="8" fontStyle="plain" hasBackgroundColor="false" hasLineColor="false" height="13.421875" modelName="internal" modelPosition="c" textColor="#000000" visible="true" width="41.203125" x="-15.6015625" y="-1.7109375">Sao Paulo</y:NodeLabel>
          <y:Shape type="ellipse"/>
        </y:ShapeNode>
      </data>
    </node>
    <node id="n12">
      <data key="d4">true</data>
      <data key="d5"/>
      <data key="d7"/>
      <data key="d8">
        <y:ShapeNode>
          <y:Geometry height="10.0" width="10.0" x="888.799987793" y="649.799987793"/>
          <y:Fill color="#FFCC00" transparent="false"/>
          <y:BorderStyle color="#000000" type="line" width="1.0"/>
          <y:NodeLabel alignment="center" autoSizePolicy="content" fontFamily="Dialog" fontSize="8" fontStyle="plain" hasBackgroundColor="false" hasLineColor="false" height="13.421875" modelName="internal" modelPosition="c" textColor="#000000" visible="true" width="58.625" x="-24.3125" y="-1.7109375">Rio De Janeiro</y:NodeLabel>
          <y:Shape type="ellipse"/>
        </y:ShapeNode>
      </data>
    </node>
    <node id="n13">
      <data key="d4">true</data>
      <data key="d5"/>
      <data key="d7"/>
      <data key="d8">
        <y:ShapeNode>
          <y:Geometry height="10.0" width="10.0" x="856.799987793" y="257.799987793"/>
          <y:Fill color="#FFCC00" transparent="false"/>
          <y:BorderStyle color="#000000" type="line" width="1.0"/>
          <y:NodeLabel alignment="center" autoSizePolicy="content" fontFamily="Dialog" fontSize="8" fontStyle="plain" hasBackgroundColor="false" hasLineColor="false" height="13.421875" modelName="internal" modelPosition="c" textColor="#000000" visible="true" width="22.50390625" x="-6.251953125" y="-1.7109375">Paris</y:NodeLabel>
          <y:Shape type="ellipse"/>
        </y:ShapeNode>
      </data>
    </node>
    <node id="n14">
      <data key="d4">true</data>
      <data key="d5"/>
      <data key="d7"/>
      <data key="d8">
        <y:ShapeNode>
          <y:Geometry height="10.0" width="10.0" x="830.400024414" y="213.0"/>
          <y:Fill color="#FFCC00" transparent="false"/>
          <y:BorderStyle color="#000000" type="line" width="1.0"/>
          <y:NodeLabel alignment="center" autoSizePolicy="content" fontFamily="Dialog" fontSize="8" fontStyle="plain" hasBackgroundColor="false" hasLineColor="false" height="13.421875" modelName="internal" modelPosition="c" textColor="#000000" visible="true" width="33.05859375" x="-11.529296875" y="-1.7109375">London</y:NodeLabel>
          <y:Shape type="ellipse"/>
        </y:ShapeNode>
      </data>
    </node>
    <node id="n15">
      <data key="d4">true</data>
      <data key="d5"/>
      <data key="d7"/>
      <data key="d8">
        <y:ShapeNode>
          <y:Geometry height="10.0" width="10.0" x="880.0" y="225.0"/>
          <y:Fill color="#FFCC00" transparent="false"/>
          <y:BorderStyle color="#000000" type="line" width="1.0"/>
          <y:NodeLabel alignment="center" autoSizePolicy="content" fontFamily="Dialog" fontSize="8" fontStyle="plain" hasBackgroundColor="false" hasLineColor="false" height="13.421875" modelName="internal" modelPosition="c" textColor="#000000" visible="true" width="35.84375" x="-12.921875" y="-1.7109375">Brussels</y:NodeLabel>
          <y:Shape type="ellipse"/>
        </y:ShapeNode>
      </data>
    </node>
    <node id="n16">
      <data key="d4">true</data>
      <data key="d5"/>
      <data key="d7"/>
      <data key="d8">
        <y:ShapeNode>
          <y:Geometry height="10.0" width="10.0" x="896.0" y="190.600006104"/>
          <y:Fill color="#FFCC00" transparent="false"/>
          <y:BorderStyle color="#000000" type="line" width="1.0"/>
          <y:NodeLabel alignment="center" autoSizePolicy="content" fontFamily="Dialog" fontSize="8" fontStyle="plain" hasBackgroundColor="false" hasLineColor="false" height="13.421875" modelName="internal" modelPosition="c" textColor="#000000" visible="true" width="48.7109375" x="-19.35546875" y="-1.7109375">Amsterdam</y:NodeLabel>
          <y:Shape type="ellipse"/>
        </y:ShapeNode>
      </data>
    </node>
    <node id="n17">
      <data key="d4">true</data>
      <data key="d5"/>
      <data key="d7"/>
      <data key="d8">
        <y:ShapeNode>
          <y:Geometry height="10.0" width="10.0" x="914.400024414" y="221.0"/>
          <y:Fill color="#FFCC00" transparent="false"/>
          <y:BorderStyle color="#000000" type="line" width="1.0"/>
          <y:NodeLabel alignment="center" autoSizePolicy="content" fontFamily="Dialog" fontSize="8" fontStyle="plain" hasBackgroundColor="false" hasLineColor="false" height="13.421875" modelName="internal" modelPosition="c" textColor="#000000" visible="true" width="39.79296875" x="-14.896484375" y="-1.7109375">Frankfurt</y:NodeLabel>
          <y:Shape type="ellipse"/>
        </y:ShapeNode>
      </data>
    </node>
    <edge id="e0" source="n0" target="n1">
      <data key="d34"/>
      <data key="d36"/>
      <data key="d37">
        <y:PolyLineEdge>
          <y:Path sx="0.0" sy="0.0" tx="0.0" ty="0.0">
            <y:Point x="102.891677856" y="248.266860962"/>
          </y:Path>
          <y:LineStyle color="#00FF00" type="line" width="1.0"/>
          <y:Arrows source="none" target="none"/>
          <y:BendStyle smoothed="false"/>
        </y:PolyLineEdge>
      </data>
    </edge>
    <edge id="e1" source="n0" target="n5">
      <data key="d34"/>
      <data key="d36"/>
      <data key="d37">
        <y:PolyLineEdge>
          <y:Path sx="0.0" sy="0.0" tx="0.0" ty="0.0">
            <y:Point x="349.061279297" y="206.48765564"/>
          </y:Path>
          <y:LineStyle color="#00FF00" type="line" width="1.0"/>
          <y:Arrows source="none" target="none"/>
          <y:BendStyle smoothed="false"/>
        </y:PolyLineEdge>
      </data>
    </edge>
    <edge id="e2" source="n1" target="n2">
      <data key="d34"/>
      <data key="d36"/>
      <data key="d37">
        <y:PolyLineEdge>
          <y:Path sx="0.0" sy="0.0" tx="0.0" ty="0.0"/>
          <y:LineStyle color="#00FF00" type="line" width="1.0"/>
          <y:Arrows source="none" target="none"/>
          <y:BendStyle smoothed="false"/>
        </y:PolyLineEdge>
      </data>
    </edge>
    <edge id="e3" source="n1" target="n2">
      <data key="d34"/>
      <data key="d36"/>
      <data key="d37">
        <y:PolyLineEdge>
          <y:Path sx="0.0" sy="0.0" tx="0.0" ty="0.0">
            <y:Point x="148.357269287" y="342.065246582"/>
          </y:Path>
          <y:LineStyle color="#00FF00" type="line" width="1.0"/>
          <y:Arrows source="none" target="none"/>
          <y:BendStyle smoothed="false"/>
        </y:PolyLineEdge>
      </data>
    </edge>
    <edge id="e4" source="n1" target="n2">
      <data key="d34"/>
      <data key="d36"/>
      <data key="d37">
        <y:PolyLineEdge>
          <y:Path sx="0.0" sy="0.0" tx="0.0" ty="0.0">
            <y:Point x="133.611679077" y="351.076446533"/>
          </y:Path>
          <y:LineStyle color="#00FF00" type="line" width="1.0"/>
          <y:Arrows source="none" target="none"/>
          <y:BendStyle smoothed="false"/>
        </y:PolyLineEdge>
      </data>
    </edge>
    <edge id="e5" source="n1" target="n5">
      <data key="d34"/>
      <data key="d36"/>
      <data key="d37">
        <y:PolyLineEdge>
          <y:Path sx="0.0" sy="0.0" tx="0.0" ty="0.0">
            <y:Point x="391.659667969" y="252.772460938"/>
          </y:Path>
          <y:LineStyle color="#00FF00" type="line" width="1.0"/>
          <y:Arrows source="none" target="none"/>
          <y:BendStyle smoothed="false"/>
        </y:PolyLineEdge>
      </data>
    </edge>
    <edge id="e6" source="n1" target="n5">
      <data key="d34"/>
      <data key="d36"/>
      <data key="d37">
        <y:PolyLineEdge>
          <y:Path sx="0.0" sy="0.0" tx="0.0" ty="0.0">
            <y:Point x="183.992477417" y="297.828460693"/>
          </y:Path>
          <y:LineStyle color="#00FF00" type="line" width="1.0"/>
          <y:Arrows source="none" target="none"/>
          <y:BendStyle smoothed="false"/>
        </y:PolyLineEdge>
      </data>
    </edge>
    <edge id="e7" source="n1" target="n7">
      <data key="d34"/>
      <data key="d36"/>
      <data key="d37">
        <y:PolyLineEdge>
          <y:Path sx="0.0" sy="0.0" tx="0.0" ty="0.0">
            <y:Point x="504.709289551" y="292.913269043"/>
          </y:Path>
          <y:LineStyle color="#00FF00" type="line" width="1.0"/>
          <y:Arrows source="none" target="none"/>
          <y:BendStyle smoothed="false"/>
        </y:PolyLineEdge>
      </data>
    </edge>
    <edge id="e8" source="n2" target="n3">
      <data key="d34"/>
      <data key="d36"/>
      <data key="d37">
        <y:PolyLineEdge>
          <y:Path sx="0.0" sy="0.0" tx="0.0" ty="0.0">
            <y:Point x="190.136474609" y="358.039642334"/>
          </y:Path>
          <y:LineStyle color="#00FF00" type="line" width="1.0"/>
          <y:Arrows source="none" target="none"/>
          <y:BendStyle smoothed="false"/>
        </y:PolyLineEdge>
      </data>
    </edge>
    <edge id="e9" source="n2" target="n3">
      <data key="d34"/>
      <data key="d36"/>
      <data key="d37">
        <y:PolyLineEdge>
          <y:Path sx="0.0" sy="0.0" tx="0.0" ty="0.0">
            <y:Point x="182.3540802" y="371.146850586"/>
          </y:Path>
          <y:LineStyle color="#00FF00" type="line" width="1.0"/>
          <y:Arrows source="none" target="none"/>
          <y:BendStyle smoothed="false"/>
        </y:PolyLineEdge>
      </data>
    </edge>
    <edge id="e10" source="n2" target="n3">
      <data key="d34"/>
      <data key="d36"/>
      <data key="d37">
        <y:PolyLineEdge>
          <y:Path sx="0.0" sy="0.0" tx="0.0" ty="0.0"/>
          <y:LineStyle color="#00FF00" type="line" width="1.0"/>
          <y:Arrows source="none" target="none"/>
          <y:BendStyle smoothed="false"/>
        </y:PolyLineEdge>
      </data>
    </edge>
    <edge id="e11" source="n2" target="n4">
      <data key="d34"/>
      <data key="d36"/>
      <data key="d37">
        <y:PolyLineEdge>
          <y:Path sx="0.0" sy="0.0" tx="0.0" ty="0.0">
            <y:Point x="183.582870483" y="386.711669922"/>
          </y:Path>
          <y:LineStyle color="#00FF00" type="line" width="1.0"/>
          <y:Arrows source="none" target="none"/>
          <y:BendStyle smoothed="false"/>
        </y:PolyLineEdge>
      </data>
    </edge>
    <edge id="e12" source="n2" target="n5">
      <data key="d34"/>
      <data key="d36"/>
      <data key="d37">
        <y:PolyLineEdge>
          <y:Path sx="0.0" sy="0.0" tx="0.0" ty="0.0">
            <y:Point x="287.211669922" y="303.562866211"/>
          </y:Path>
          <y:LineStyle color="#00FF00" type="line" width="1.0"/>
          <y:Arrows source="none" target="none"/>
          <y:BendStyle smoothed="false"/>
        </y:PolyLineEdge>
      </data>
    </edge>
    <edge id="e13" source="n3" target="n9">
      <data key="d34"/>
      <data key="d36"/>
      <data key="d37">
        <y:PolyLineEdge>
          <y:Path sx="0.0" sy="0.0" tx="0.0" ty="0.0">
            <y:Point x="478.085266113" y="356.810852051"/>
          </y:Path>
          <y:LineStyle color="#00FF00" type="line" width="1.0"/>
          <y:Arrows source="none" target="none"/>
          <y:BendStyle smoothed="false"/>
        </y:PolyLineEdge>
      </data>
    </edge>
    <edge id="e14" source="n3" target="n4">
      <data key="d34"/>
      <data key="d36"/>
      <data key="d37">
        <y:PolyLineEdge>
          <y:Path sx="0.0" sy="0.0" tx="0.0" ty="0.0">
            <y:Point x="345.784484863" y="373.60446167"/>
          </y:Path>
          <y:LineStyle color="#00FF00" type="line" width="1.0"/>
          <y:Arrows source="none" target="none"/>
          <y:BendStyle smoothed="false"/>
        </y:PolyLineEdge>
      </data>
    </edge>
    <edge id="e15" source="n3" target="n4">
      <data key="d34"/>
      <data key="d36"/>
      <data key="d37">
        <y:PolyLineEdge>
          <y:Path sx="0.0" sy="0.0" tx="0.0" ty="0.0">
            <y:Point x="329.400482178" y="383.434844971"/>
          </y:Path>
          <y:LineStyle color="#00FF00" type="line" width="1.0"/>
          <y:Arrows source="none" target="none"/>
          <y:BendStyle smoothed="false"/>
        </y:PolyLineEdge>
      </data>
    </edge>
    <edge id="e16" source="n4" target="n7">
      <data key="d34"/>
      <data key="d36"/>
      <data key="d37">
        <y:PolyLineEdge>
          <y:Path sx="0.0" sy="0.0" tx="0.0" ty="0.0">
            <y:Point x="509.214874268" y="319.127655029"/>
          </y:Path>
          <y:LineStyle color="#00FF00" type="line" width="1.0"/>
          <y:Arrows source="none" target="none"/>
          <y:BendStyle smoothed="false"/>
        </y:PolyLineEdge>
      </data>
    </edge>
    <edge id="e17" source="n4" target="n7">
      <data key="d34"/>
      <data key="d36"/>
      <data key="d37">
        <y:PolyLineEdge>
          <y:Path sx="0.0" sy="0.0" tx="0.0" ty="0.0">
            <y:Point x="455.147674561" y="355.582061768"/>
          </y:Path>
          <y:LineStyle color="#00FF00" type="line" width="1.0"/>
          <y:Arrows source="none" target="none"/>
          <y:BendStyle smoothed="false"/>
        </y:PolyLineEdge>
      </data>
    </edge>
    <edge id="e18" source="n4" target="n10">
      <data key="d34"/>
      <data key="d36"/>
      <data key="d37">
        <y:PolyLineEdge>
          <y:Path sx="0.0" sy="0.0" tx="0.0" ty="0.0">
            <y:Point x="472.835998535" y="402.452514648"/>
          </y:Path>
          <y:LineStyle color="#00FF00" type="line" width="1.0"/>
          <y:Arrows source="none" target="none"/>
          <y:BendStyle smoothed="false"/>
        </y:PolyLineEdge>
      </data>
    </edge>
    <edge id="e19" source="n4" target="n5">
      <data key="d34"/>
      <data key="d36"/>
      <data key="d37">
        <y:PolyLineEdge>
          <y:Path sx="0.0" sy="0.0" tx="0.0" ty="0.0">
            <y:Point x="412.958862305" y="308.887664795"/>
          </y:Path>
          <y:LineStyle color="#00FF00" type="line" width="1.0"/>
          <y:Arrows source="none" target="none"/>
          <y:BendStyle smoothed="false"/>
        </y:PolyLineEdge>
      </data>
    </edge>
    <edge id="e20" source="n5" target="n6">
      <data key="d34"/>
      <data key="d36"/>
      <data key="d37">
        <y:PolyLineEdge>
          <y:Path sx="0.0" sy="0.0" tx="0.0" ty="0.0">
            <y:Point x="494.339996338" y="248.540176392"/>
          </y:Path>
          <y:LineStyle color="#00FF00" type="line" width="1.0"/>
          <y:Arrows source="none" target="none"/>
          <y:BendStyle smoothed="false"/>
        </y:PolyLineEdge>
      </data>
    </edge>
    <edge id="e21" source="n5" target="n7">
      <data key="d34"/>
      <data key="d36"/>
      <data key="d37">
        <y:PolyLineEdge>
          <y:Path sx="0.0" sy="0.0" tx="0.0" ty="0.0">
            <y:Point x="530.514099121" y="285.130859375"/>
          </y:Path>
          <y:LineStyle color="#00FF00" type="line" width="1.0"/>
          <y:Arrows source="none" target="none"/>
          <y:BendStyle smoothed="false"/>
        </y:PolyLineEdge>
      </data>
    </edge>
    <edge id="e22" source="n5" target="n7">
      <data key="d34"/>
      <data key="d36"/>
      <data key="d37">
        <y:PolyLineEdge>
          <y:Path sx="0.0" sy="0.0" tx="0.0" ty="0.0">
            <y:Point x="509.624481201" y="286.769256592"/>
          </y:Path>
          <y:LineStyle color="#00FF00" type="line" width="1.0"/>
          <y:Arrows source="none" target="none"/>
          <y:BendStyle smoothed="false"/>
        </y:PolyLineEdge>
      </data>
    </edge>
    <edge id="e23" source="n5" target="n8">
      <data key="d34"/>
      <data key="d36"/>
      <data key="d37">
        <y:PolyLineEdge>
          <y:Path sx="0.0" sy="0.0" tx="0.0" ty="0.0">
            <y:Point x="576.389282227" y="265.879669189"/>
          </y:Path>
          <y:LineStyle color="#00FF00" type="line" width="1.0"/>
          <y:Arrows source="none" target="none"/>
          <y:BendStyle smoothed="false"/>
        </y:PolyLineEdge>
      </data>
    </edge>
    <edge id="e24" source="n5" target="n8">
      <data key="d34"/>
      <data key="d36"/>
      <data key="d37">
        <y:PolyLineEdge>
          <y:Path sx="0.0" sy="0.0" tx="0.0" ty="0.0">
            <y:Point x="562.053283691" y="279.396453857"/>
          </y:Path>
          <y:LineStyle color="#00FF00" type="line" width="1.0"/>
          <y:Arrows source="none" target="none"/>
          <y:BendStyle smoothed="false"/>
        </y:PolyLineEdge>
      </data>
    </edge>
    <edge id="e25" source="n5" target="n9">
      <data key="d34"/>
      <data key="d36"/>
      <data key="d37">
        <y:PolyLineEdge>
          <y:Path sx="0.0" sy="0.0" tx="0.0" ty="0.0"/>
          <y:LineStyle color="#00FF00" type="line" width="1.0"/>
          <y:Arrows source="none" target="none"/>
          <y:BendStyle smoothed="false"/>
        </y:PolyLineEdge>
      </data>
    </edge>
    <edge id="e26" source="n6" target="n8">
      <data key="d34"/>
      <data key="d36"/>
      <data key="d37">
        <y:PolyLineEdge>
          <y:Path sx="0.0" sy="0.0" tx="0.0" ty="0.0">
            <y:Point x="609.683349609" y="261.975067139"/>
          </y:Path>
          <y:LineStyle color="#00FF00" type="line" width="1.0"/>
          <y:Arrows source="none" target="none"/>
          <y:BendStyle smoothed="false"/>
        </y:PolyLineEdge>
      </data>
    </edge>
    <edge id="e27" source="n7" target="n8">
      <data key="d34"/>
      <data key="d36"/>
      <data key="d37">
        <y:PolyLineEdge>
          <y:Path sx="0.0" sy="0.0" tx="0.0" ty="0.0"/>
          <y:LineStyle color="#00FF00" type="line" width="1.0"/>
          <y:Arrows source="none" target="none"/>
          <y:BendStyle smoothed="false"/>
        </y:PolyLineEdge>
      </data>
    </edge>
    <edge id="e28" source="n7" target="n8">
      <data key="d34"/>
      <data key="d36"/>
      <data key="d37">
        <y:PolyLineEdge>
          <y:Path sx="0.0" sy="0.0" tx="0.0" ty="0.0">
            <y:Point x="597.278869629" y="295.780456543"/>
          </y:Path>
          <y:LineStyle color="#00FF00" type="line" width="1.0"/>
          <y:Arrows source="none" target="none"/>
          <y:BendStyle smoothed="false"/>
        </y:PolyLineEdge>
      </data>
    </edge>
    <edge id="e29" source="n7" target="n8">
      <data key="d34"/>
      <data key="d36"/>
      <data key="d37">
        <y:PolyLineEdge>
          <y:Path sx="0.0" sy="0.0" tx="0.0" ty="0.0">
            <y:Point x="593.954711914" y="286.878753662"/>
          </y:Path>
          <y:LineStyle color="#00FF00" type="line" width="1.0"/>
          <y:Arrows source="none" target="none"/>
          <y:BendStyle smoothed="false"/>
        </y:PolyLineEdge>
      </data>
    </edge>
    <edge id="e30" source="n7" target="n8">
      <data key="d34"/>
      <data key="d36"/>
      <data key="d37">
        <y:PolyLineEdge>
          <y:Path sx="0.0" sy="0.0" tx="0.0" ty="0.0">
            <y:Point x="604.651672363" y="295.370849609"/>
          </y:Path>
          <y:LineStyle color="#00FF00" type="line" width="1.0"/>
          <y:Arrows source="none" target="none"/>
          <y:BendStyle smoothed="false"/>
        </y:PolyLineEdge>
      </data>
    </edge>
    <edge id="e31" source="n7" target="n9">
      <data key="d34"/>
      <data key="d36"/>
      <data key="d37">
        <y:PolyLineEdge>
          <y:Path sx="0.0" sy="0.0" tx="0.0" ty="0.0"/>
          <y:LineStyle color="#00FF00" type="line" width="1.0"/>
          <y:Arrows source="none" target="none"/>
          <y:BendStyle smoothed="false"/>
        </y:PolyLineEdge>
      </data>
    </edge>
    <edge id="e32" source="n7" target="n9">
      <data key="d34"/>
      <data key="d36"/>
      <data key="d37">
        <y:PolyLineEdge>
          <y:Path sx="0.0" sy="0.0" tx="0.0" ty="0.0">
            <y:Point x="549.355651855" y="341.655670166"/>
          </y:Path>
          <y:LineStyle color="#00FF00" type="line" width="1.0"/>
          <y:Arrows source="none" target="none"/>
          <y:BendStyle smoothed="false"/>
        </y:PolyLineEdge>
      </data>
    </edge>
    <edge id="e33" source="n7" target="n9">
      <data key="d34"/>
      <data key="d36"/>
      <data key="d37">
        <y:PolyLineEdge>
          <y:Path sx="0.0" sy="0.0" tx="0.0" ty="0.0">
            <y:Point x="528.875671387" y="334.282867432"/>
          </y:Path>
          <y:LineStyle color="#00FF00" type="line" width="1.0"/>
          <y:Arrows source="none" target="none"/>
          <y:BendStyle smoothed="false"/>
        </y:PolyLineEdge>
      </data>
    </edge>
    <edge id="e34" source="n7" target="n16">
      <data key="d34"/>
      <data key="d36"/>
      <data key="d37">
        <y:PolyLineEdge>
          <y:Path sx="0.0" sy="0.0" tx="0.0" ty="0.0">
            <y:Point x="802.488464355" y="245.399658203"/>
          </y:Path>
          <y:LineStyle color="#00FF00" type="line" width="1.0"/>
          <y:Arrows source="none" target="none"/>
          <y:BendStyle smoothed="false"/>
        </y:PolyLineEdge>
      </data>
    </edge>
    <edge id="e35" source="n7" target="n16">
      <data key="d34"/>
      <data key="d36"/>
      <data key="d37">
        <y:PolyLineEdge>
          <y:Path sx="0.0" sy="0.0" tx="0.0" ty="0.0">
            <y:Point x="711.96685791" y="289.226867676"/>
          </y:Path>
          <y:LineStyle color="#00FF00" type="line" width="1.0"/>
          <y:Arrows source="none" target="none"/>
          <y:BendStyle smoothed="false"/>
        </y:PolyLineEdge>
      </data>
    </edge>
    <edge id="e36" source="n8" target="n14">
      <data key="d34"/>
      <data key="d36"/>
      <data key="d37">
        <y:PolyLineEdge>
          <y:Path sx="0.0" sy="0.0" tx="0.0" ty="0.0">
            <y:Point x="775.045288086" y="203.620452881"/>
          </y:Path>
          <y:LineStyle color="#00FF00" type="line" width="1.0"/>
          <y:Arrows source="none" target="none"/>
          <y:BendStyle smoothed="false"/>
        </y:PolyLineEdge>
      </data>
    </edge>
    <edge id="e37" source="n8" target="n14">
      <data key="d34"/>
      <data key="d36"/>
      <data key="d37">
        <y:PolyLineEdge>
          <y:Path sx="0.0" sy="0.0" tx="0.0" ty="0.0">
            <y:Point x="707.461303711" y="231.473251343"/>
          </y:Path>
          <y:LineStyle color="#00FF00" type="line" width="1.0"/>
          <y:Arrows source="none" target="none"/>
          <y:BendStyle smoothed="false"/>
        </y:PolyLineEdge>
      </data>
    </edge>
    <edge id="e38" source="n9" target="n10">
      <data key="d34"/>
      <data key="d36"/>
      <data key="d37">
        <y:PolyLineEdge>
          <y:Path sx="0.0" sy="0.0" tx="0.0" ty="0.0">
            <y:Point x="510.596008301" y="397.332489014"/>
          </y:Path>
          <y:LineStyle color="#00FF00" type="line" width="1.0"/>
          <y:Arrows source="none" target="none"/>
          <y:BendStyle smoothed="false"/>
        </y:PolyLineEdge>
      </data>
    </edge>
    <edge id="e39" source="n9" target="n10">
      <data key="d34"/>
      <data key="d36"/>
      <data key="d37">
        <y:PolyLineEdge>
          <y:Path sx="0.0" sy="0.0" tx="0.0" ty="0.0">
            <y:Point x="544.515991211" y="408.212493896"/>
          </y:Path>
          <y:LineStyle color="#00FF00" type="line" width="1.0"/>
          <y:Arrows source="none" target="none"/>
          <y:BendStyle smoothed="false"/>
        </y:PolyLineEdge>
      </data>
    </edge>
    <edge id="e40" source="n10" target="n12">
      <data key="d34"/>
      <data key="d36"/>
      <data key="d37">
        <y:PolyLineEdge>
          <y:Path sx="0.0" sy="0.0" tx="0.0" ty="0.0">
            <y:Point x="851.07598877" y="605.972473145"/>
          </y:Path>
          <y:LineStyle color="#00FF00" type="line" width="1.0"/>
          <y:Arrows source="none" target="none"/>
          <y:BendStyle smoothed="false"/>
        </y:PolyLineEdge>
      </data>
    </edge>
    <edge id="e41" source="n10" target="n12">
      <data key="d34"/>
      <data key="d36"/>
      <data key="d37">
        <y:PolyLineEdge>
          <y:Path sx="0.0" sy="0.0" tx="0.0" ty="0.0">
            <y:Point x="623.875976562" y="530.452514648"/>
          </y:Path>
          <y:LineStyle color="#00FF00" type="line" width="1.0"/>
          <y:Arrows source="none" target="none"/>
          <y:BendStyle smoothed="false"/>
        </y:PolyLineEdge>
      </data>
    </edge>
    <edge id="e42" source="n11" target="n12">
      <data key="d34"/>
      <data key="d36"/>
      <data key="d37">
        <y:PolyLineEdge>
          <y:Path sx="0.0" sy="0.0" tx="0.0" ty="0.0"/>
          <y:LineStyle color="#00FF00" type="line" width="1.0"/>
          <y:Arrows source="none" target="none"/>
          <y:BendStyle smoothed="false"/>
        </y:PolyLineEdge>
      </data>
    </edge>
    <edge id="e43" source="n13" target="n17">
      <data key="d34"/>
      <data key="d36"/>
      <data key="d37">
        <y:PolyLineEdge>
          <y:Path sx="0.0" sy="0.0" tx="0.0" ty="0.0">
            <y:Point x="925.368469238" y="231.473251343"/>
          </y:Path>
          <y:LineStyle color="#00FF00" type="line" width="1.0"/>
          <y:Arrows source="none" target="none"/>
          <y:BendStyle smoothed="false"/>
        </y:PolyLineEdge>
      </data>
    </edge>
    <edge id="e44" source="n13" target="n14">
      <data key="d34"/>
      <data key="d36"/>
      <data key="d37">
        <y:PolyLineEdge>
          <y:Path sx="0.0" sy="0.0" tx="0.0" ty="0.0">
            <y:Point x="829.112487793" y="224.100448608"/>
          </y:Path>
          <y:LineStyle color="#00FF00" type="line" width="1.0"/>
          <y:Arrows source="none" target="none"/>
          <y:BendStyle smoothed="false"/>
        </y:PolyLineEdge>
      </data>
    </edge>
    <edge id="e45" source="n13" target="n15">
      <data key="d34"/>
      <data key="d36"/>
      <data key="d37">
        <y:PolyLineEdge>
          <y:Path sx="0.0" sy="0.0" tx="0.0" ty="0.0"/>
          <y:LineStyle color="#00FF00" type="line" width="1.0"/>
          <y:Arrows source="none" target="none"/>
          <y:BendStyle smoothed="false"/>
        </y:PolyLineEdge>
      </data>
    </edge>
    <edge id="e46" source="n14" target="n16">
      <data key="d34"/>
      <data key="d36"/>
      <data key="d37">
        <y:PolyLineEdge>
          <y:Path sx="0.0" sy="0.0" tx="0.0" ty="0.0">
            <y:Point x="856.965270996" y="198.70526123"/>
          </y:Path>
          <y:LineStyle color="#00FF00" type="line" width="1.0"/>
          <y:Arrows source="none" target="none"/>
          <y:BendStyle smoothed="false"/>
        </y:PolyLineEdge>
      </data>
    </edge>
    <edge id="e47" source="n14" target="n16">
      <data key="d34"/>
      <data key="d36"/>
      <data key="d37">
        <y:PolyLineEdge>
          <y:Path sx="0.0" sy="0.0" tx="0.0" ty="0.0">
            <y:Point x="858.60369873" y="186.007659912"/>
          </y:Path>
          <y:LineStyle color="#00FF00" type="line" width="1.0"/>
          <y:Arrows source="none" target="none"/>
          <y:BendStyle smoothed="false"/>
        </y:PolyLineEdge>
      </data>
    </edge>
    <edge id="e48" source="n14" target="n16">
      <data key="d34"/>
      <data key="d36"/>
      <data key="d37">
        <y:PolyLineEdge>
          <y:Path sx="0.0" sy="0.0" tx="0.0" ty="0.0">
            <y:Point x="857.784484863" y="208.53565979"/>
          </y:Path>
          <y:LineStyle color="#00FF00" type="line" width="1.0"/>
          <y:Arrows source="none" target="none"/>
          <y:BendStyle smoothed="false"/>
        </y:PolyLineEdge>
      </data>
    </edge>
    <edge id="e49" source="n15" target="n16">
      <data key="d34"/>
      <data key="d36"/>
      <data key="d37">
        <y:PolyLineEdge>
          <y:Path sx="0.0" sy="0.0" tx="0.0" ty="0.0"/>
          <y:LineStyle color="#00FF00" type="line" width="1.0"/>
          <y:Arrows source="none" target="none"/>
          <y:BendStyle smoothed="false"/>
        </y:PolyLineEdge>
      </data>
    </edge>
    <edge id="e50" source="n16" target="n17">
      <data key="d34"/>
      <data key="d36"/>
      <data key="d37">
        <y:PolyLineEdge>
          <y:Path sx="0.0" sy="0.0" tx="0.0" ty="0.0"/>
          <y:LineStyle color="#00FF00" type="line" width="1.0"/>
          <y:Arrows source="none" target="none"/>
          <y:BendStyle smoothed="false"/>
        </y:PolyLineEdge>
      </data>
    </edge>
    <edge id="e51" source="n16" target="n17">
      <data key="d34"/>
      <data key="d36"/>
      <data key="d37">
        <y:PolyLineEdge>
          <y:Path sx="0.0" sy="0.0" tx="0.0" ty="0.0">
            <y:Point x="915.128479004" y="199.934051514"/>
          </y:Path>
          <y:LineStyle color="#00FF00" type="line" width="1.0"/>
          <y:Arrows source="none" target="none"/>
          <y:BendStyle smoothed="false"/>
        </y:PolyLineEdge>
      </data>
    </edge>
    <edge id="e52" source="n16" target="n17">
      <data key="d34"/>
      <data key="d36"/>
      <data key="d37">
        <y:PolyLineEdge>
          <y:Path sx="0.0" sy="0.0" tx="0.0" ty="0.0">
            <y:Point x="900.382873535" y="212.222061157"/>
          </y:Path>
          <y:LineStyle color="#00FF00" type="line" width="1.0"/>
          <y:Arrows source="none" target="none"/>
          <y:BendStyle smoothed="false"/>
        </y:PolyLineEdge>
      </data>
    </edge>
  </graph>
  <data key="d0">
    <y:Resources/>
  </data>
</graphml>
