<?xml version="1.0" encoding="UTF-8" standalone="no"?>
<graphml xmlns="http://graphml.graphdrawing.org/xmlns" xmlns:xsi="http://www.w3.org/2001/XMLSchema-instance" xmlns:y="http://www.yworks.com/xml/graphml" xmlns:yed="http://www.yworks.com/xml/yed/3" xsi:schemaLocation="http://graphml.graphdrawing.org/xmlns http://www.yworks.com/xml/schema/graphml/1.1/ygraphml.xsd">
  <!--Created by yFiles for Java 2.8-->
  <key for="graphml" id="d0" yfiles.type="resources"/>
  <key for="port" id="d1" yfiles.type="portgraphics"/>
  <key for="port" id="d2" yfiles.type="portgeometry"/>
  <key for="port" id="d3" yfiles.type="portuserdata"/>
  <key attr.name="Internal" attr.type="boolean" for="node" id="d4"/>
  <key attr.name="geocode_append" attr.type="string" for="node" id="d5"/>
  <key attr.name="geocode_extent" attr.type="string" for="node" id="d6"/>
  <key attr.name="geocode_name" attr.type="string" for="node" id="d7"/>
  <key attr.name="type" attr.type="string" for="node" id="d8"/>
  <key attr.name="url" attr.type="string" for="node" id="d9"/>
  <key attr.name="description" attr.type="string" for="node" id="d10"/>
  <key for="node" id="d11" yfiles.type="nodegraphics"/>
  <key attr.name="Access" attr.type="boolean" for="graph" id="d12"/>
  <key attr.name="Backbone" attr.type="boolean" for="graph" id="d13"/>
  <key attr.name="Commercial" attr.type="boolean" for="graph" id="d14"/>
  <key attr.name="Creator" attr.type="string" for="graph" id="d15"/>
  <key attr.name="Customer" attr.type="boolean" for="graph" id="d16"/>
  <key attr.name="DateModifier" attr.type="string" for="graph" id="d17"/>
  <key attr.name="DateMonth" attr.type="string" for="graph" id="d18"/>
  <key attr.name="DateObtained" attr.type="string" for="graph" id="d19"/>
  <key attr.name="DateType" attr.type="string" for="graph" id="d20"/>
  <key attr.name="DateYear" attr.type="string" for="graph" id="d21"/>
  <key attr.name="Developed" attr.type="boolean" for="graph" id="d22"/>
  <key attr.name="GeoExtent" attr.type="string" for="graph" id="d23"/>
  <key attr.name="GeoLocation" attr.type="string" for="graph" id="d24"/>
  <key attr.name="IX" attr.type="boolean" for="graph" id="d25"/>
  <key attr.name="LastAccess" attr.type="string" for="graph" id="d26"/>
  <key attr.name="LastProcessed" attr.type="string" for="graph" id="d27"/>
  <key attr.name="Layer" attr.type="string" for="graph" id="d28"/>
  <key attr.name="Network" attr.type="string" for="graph" id="d29"/>
  <key attr.name="NetworkDate" attr.type="string" for="graph" id="d30"/>
  <key attr.name="Provenance" attr.type="string" for="graph" id="d31"/>
  <key attr.name="Source" attr.type="string" for="graph" id="d32"/>
  <key attr.name="Testbed" attr.type="boolean" for="graph" id="d33"/>
  <key attr.name="Transit" attr.type="boolean" for="graph" id="d34"/>
  <key attr.name="Type" attr.type="string" for="graph" id="d35"/>
  <key attr.name="Version" attr.type="string" for="graph" id="d36"/>
  <key attr.name="label" attr.type="string" for="edge" id="d37"/>
  <key attr.name="url" attr.type="string" for="edge" id="d38"/>
  <key attr.name="description" attr.type="string" for="edge" id="d39"/>
  <key for="edge" id="d40" yfiles.type="edgegraphics"/>
  <graph edgedefault="directed" id="G">
    <data key="d12">false</data>
    <data key="d13">true</data>
    <data key="d14">false</data>
    <data key="d15"><![CDATA[Topology Zoo Toolset]]></data>
    <data key="d16">true</data>
    <data key="d17"><![CDATA[=]]></data>
    <data key="d18"><![CDATA[08]]></data>
    <data key="d19"><![CDATA[26/10/10]]></data>
    <data key="d20"><![CDATA[Current]]></data>
    <data key="d21"><![CDATA[2010]]></data>
    <data key="d22">true</data>
    <data key="d23"><![CDATA[Region]]></data>
    <data key="d24"><![CDATA[Tennessee, USA]]></data>
    <data key="d25">false</data>
    <data key="d26"><![CDATA[3/08/10]]></data>
    <data key="d27"><![CDATA[2011_09_01]]></data>
    <data key="d28"><![CDATA[IP]]></data>
    <data key="d29"><![CDATA[IRIS Networks ]]></data>
    <data key="d30"><![CDATA[2010_08]]></data>
    <data key="d31"><![CDATA[Primary]]></data>
    <data key="d32"><![CDATA[http://www.iristransport.com/network.php]]></data>
    <data key="d33">false</data>
    <data key="d34">true</data>
    <data key="d35"><![CDATA[COM]]></data>
    <data key="d36"><![CDATA[1.0]]></data>
    <node id="n0">
      <data key="d4">true</data>
      <data key="d5"/>
      <data key="d6"><![CDATA[KY]]></data>
      <data key="d7"/>
      <data key="d8"><![CDATA[Large Node]]></data>
      <data key="d10"/>
      <data key="d11">
        <y:ShapeNode>
          <y:Geometry height="10.0" width="10.0" x="223.63999939" y="204.720001221"/>
          <y:Fill color="#00FF00" transparent="false"/>
          <y:BorderStyle color="#000000" type="line" width="1.0"/>
          <y:NodeLabel alignment="center" autoSizePolicy="content" fontFamily="Dialog" fontSize="8" fontStyle="plain" hasBackgroundColor="false" hasLineColor="false" height="13.421875" modelName="internal" modelPosition="c" textColor="#000000" visible="true" width="36.3203125" x="-13.16015625" y="-1.7109375">Paducah</y:NodeLabel>
          <y:Shape type="ellipse"/>
        </y:ShapeNode>
      </data>
    </node>
    <node id="n1">
      <data key="d4">true</data>
      <data key="d5"/>
      <data key="d6"><![CDATA[KY]]></data>
      <data key="d7"/>
      <data key="d8"><![CDATA[Node]]></data>
      <data key="d10"/>
      <data key="d11">
        <y:ShapeNode>
          <y:Geometry height="10.0" width="10.0" x="209.559997559" y="252.080001831"/>
          <y:Fill color="#FFCC00" transparent="false"/>
          <y:BorderStyle color="#000000" type="line" width="1.0"/>
          <y:NodeLabel alignment="center" autoSizePolicy="content" fontFamily="Dialog" fontSize="8" fontStyle="plain" hasBackgroundColor="false" hasLineColor="false" height="13.421875" modelName="internal" modelPosition="c" textColor="#000000" visible="true" width="36.546875" x="-13.2734375" y="-1.7109375">Mayfield</y:NodeLabel>
          <y:Shape type="ellipse"/>
        </y:ShapeNode>
      </data>
    </node>
    <node id="n2">
      <data key="d4">true</data>
      <data key="d5"/>
      <data key="d6"/>
      <data key="d7"/>
      <data key="d8"><![CDATA[Node]]></data>
      <data key="d10"/>
      <data key="d11">
        <y:ShapeNode>
          <y:Geometry height="10.0" width="10.0" x="144.919998169" y="300.079986572"/>
          <y:Fill color="#FFCC00" transparent="false"/>
          <y:BorderStyle color="#000000" type="line" width="1.0"/>
          <y:NodeLabel alignment="center" autoSizePolicy="content" fontFamily="Dialog" fontSize="8" fontStyle="plain" hasBackgroundColor="false" hasLineColor="false" height="13.421875" modelName="internal" modelPosition="c" textColor="#000000" visible="true" width="44.25" x="-17.125" y="-1.7109375">Union City</y:NodeLabel>
          <y:Shape type="ellipse"/>
        </y:ShapeNode>
      </data>
    </node>
    <node id="n3">
      <data key="d4">true</data>
      <data key="d5"/>
      <data key="d6"/>
      <data key="d7"/>
      <data key="d8"><![CDATA[Node]]></data>
      <data key="d10"/>
      <data key="d11">
        <y:ShapeNode>
          <y:Geometry height="10.0" width="10.0" x="191.0" y="300.079986572"/>
          <y:Fill color="#FFCC00" transparent="false"/>
          <y:BorderStyle color="#000000" type="line" width="1.0"/>
          <y:NodeLabel alignment="center" autoSizePolicy="content" fontFamily="Dialog" fontSize="8" fontStyle="plain" hasBackgroundColor="false" hasLineColor="false" height="13.421875" modelName="internal" modelPosition="c" textColor="#000000" visible="true" width="28.8515625" x="-9.42578125" y="-1.7109375">Martin</y:NodeLabel>
          <y:Shape type="ellipse"/>
        </y:ShapeNode>
      </data>
    </node>
    <node id="n4">
      <data key="d4">true</data>
      <data key="d5"/>
      <data key="d6"/>
      <data key="d7"/>
      <data key="d8"><![CDATA[Node]]></data>
      <data key="d10"/>
      <data key="d11">
        <y:ShapeNode>
          <y:Geometry height="10.0" width="10.0" x="214.039993286" y="314.799987793"/>
          <y:Fill color="#FFCC00" transparent="false"/>
          <y:BorderStyle color="#000000" type="line" width="1.0"/>
          <y:NodeLabel alignment="center" autoSizePolicy="content" fontFamily="Dialog" fontSize="8" fontStyle="plain" hasBackgroundColor="false" hasLineColor="false" height="13.421875" modelName="internal" modelPosition="c" textColor="#000000" visible="true" width="40.98828125" x="-15.494140625" y="-1.7109375">McKenzie</y:NodeLabel>
          <y:Shape type="ellipse"/>
        </y:ShapeNode>
      </data>
    </node>
    <node id="n5">
      <data key="d4">true</data>
      <data key="d5"/>
      <data key="d6"/>
      <data key="d7"/>
      <data key="d8"><![CDATA[Node]]></data>
      <data key="d10"/>
      <data key="d11">
        <y:ShapeNode>
          <y:Geometry height="10.0" width="10.0" x="240.279998779" y="297.519989014"/>
          <y:Fill color="#FFCC00" transparent="false"/>
          <y:BorderStyle color="#000000" type="line" width="1.0"/>
          <y:NodeLabel alignment="center" autoSizePolicy="content" fontFamily="Dialog" fontSize="8" fontStyle="plain" hasBackgroundColor="false" hasLineColor="false" height="13.421875" modelName="internal" modelPosition="c" textColor="#000000" visible="true" width="22.50390625" x="-6.251953125" y="-1.7109375">Paris</y:NodeLabel>
          <y:Shape type="ellipse"/>
        </y:ShapeNode>
      </data>
    </node>
    <node id="n6">
      <data key="d4">true</data>
      <data key="d5"/>
      <data key="d6"><![CDATA[KY]]></data>
      <data key="d7"/>
      <data key="d8"><![CDATA[Node]]></data>
      <data key="d10"/>
      <data key="d11">
        <y:ShapeNode>
          <y:Geometry height="10.0" width="10.0" x="256.920013428" y="234.800003052"/>
          <y:Fill color="#FFCC00" transparent="false"/>
          <y:BorderStyle color="#000000" type="line" width="1.0"/>
          <y:NodeLabel alignment="center" autoSizePolicy="content" fontFamily="Dialog" fontSize="8" fontStyle="plain" hasBackgroundColor="false" hasLineColor="false" height="13.421875" modelName="internal" modelPosition="c" textColor="#000000" visible="true" width="31.0" x="-10.5" y="-1.7109375">Murray</y:NodeLabel>
          <y:Shape type="ellipse"/>
        </y:ShapeNode>
      </data>
    </node>
    <node id="n7">
      <data key="d4">true</data>
      <data key="d5"><![CDATA[ Simpson County KY]]></data>
      <data key="d6"/>
      <data key="d7"/>
      <data key="d8"><![CDATA[Node]]></data>
      <data key="d10"/>
      <data key="d11">
        <y:ShapeNode>
          <y:Geometry height="10.0" width="10.0" x="347.799987793" y="243.632003784"/>
          <y:Fill color="#FFCC00" transparent="false"/>
          <y:BorderStyle color="#000000" type="line" width="1.0"/>
          <y:NodeLabel alignment="center" autoSizePolicy="content" fontFamily="Dialog" fontSize="8" fontStyle="plain" hasBackgroundColor="false" hasLineColor="false" height="13.421875" modelName="internal" modelPosition="c" textColor="#000000" visible="true" width="35.2109375" x="-12.60546875" y="-1.7109375">Franklin</y:NodeLabel>
          <y:Shape type="ellipse"/>
        </y:ShapeNode>
      </data>
    </node>
    <node id="n8">
      <data key="d4">true</data>
      <data key="d5"/>
      <data key="d6"><![CDATA[KY]]></data>
      <data key="d7"/>
      <data key="d8"><![CDATA[Node]]></data>
      <data key="d10"/>
      <data key="d11">
        <y:ShapeNode>
          <y:Geometry height="10.0" width="10.0" x="380.440002441" y="212.399993896"/>
          <y:Fill color="#FFCC00" transparent="false"/>
          <y:BorderStyle color="#000000" type="line" width="1.0"/>
          <y:NodeLabel alignment="center" autoSizePolicy="content" fontFamily="Dialog" fontSize="8" fontStyle="plain" hasBackgroundColor="false" hasLineColor="false" height="13.421875" modelName="internal" modelPosition="c" textColor="#000000" visible="true" width="59.72265625" x="-24.861328125" y="-1.7109375">Bowling Green</y:NodeLabel>
          <y:Shape type="ellipse"/>
        </y:ShapeNode>
      </data>
    </node>
    <node id="n9">
      <data key="d4">true</data>
      <data key="d5"/>
      <data key="d6"><![CDATA[KY]]></data>
      <data key="d7"/>
      <data key="d8"><![CDATA[Node]]></data>
      <data key="d10"/>
      <data key="d11">
        <y:ShapeNode>
          <y:Geometry height="10.0" width="10.0" x="432.279998779" y="212.399993896"/>
          <y:Fill color="#FFCC00" transparent="false"/>
          <y:BorderStyle color="#000000" type="line" width="1.0"/>
          <y:NodeLabel alignment="center" autoSizePolicy="content" fontFamily="Dialog" fontSize="8" fontStyle="plain" hasBackgroundColor="false" hasLineColor="false" height="13.421875" modelName="internal" modelPosition="c" textColor="#000000" visible="true" width="36.65625" x="-13.328125" y="-1.7109375">Glasgow</y:NodeLabel>
          <y:Shape type="ellipse"/>
        </y:ShapeNode>
      </data>
    </node>
    <node id="n10">
      <data key="d4">true</data>
      <data key="d5"/>
      <data key="d6"><![CDATA[KY]]></data>
      <data key="d7"/>
      <data key="d8"><![CDATA[Node]]></data>
      <data key="d10"/>
      <data key="d11">
        <y:ShapeNode>
          <y:Geometry height="10.0" width="10.0" x="396.440002441" y="238.63999939"/>
          <y:Fill color="#FFCC00" transparent="false"/>
          <y:BorderStyle color="#000000" type="line" width="1.0"/>
          <y:NodeLabel alignment="center" autoSizePolicy="content" fontFamily="Dialog" fontSize="8" fontStyle="plain" hasBackgroundColor="false" hasLineColor="false" height="13.421875" modelName="internal" modelPosition="c" textColor="#000000" visible="true" width="42.91796875" x="-16.458984375" y="-1.7109375">Scottsville</y:NodeLabel>
          <y:Shape type="ellipse"/>
        </y:ShapeNode>
      </data>
    </node>
    <node id="n11">
      <data key="d4">true</data>
      <data key="d5"/>
      <data key="d6"/>
      <data key="d7"/>
      <data key="d8"><![CDATA[Node]]></data>
      <data key="d10"/>
      <data key="d11">
        <y:ShapeNode>
          <y:Geometry height="10.0" width="10.0" x="409.239990234" y="273.839996338"/>
          <y:Fill color="#FFCC00" transparent="false"/>
          <y:BorderStyle color="#000000" type="line" width="1.0"/>
          <y:NodeLabel alignment="center" autoSizePolicy="content" fontFamily="Dialog" fontSize="8" fontStyle="plain" hasBackgroundColor="false" hasLineColor="false" height="13.421875" modelName="internal" modelPosition="c" textColor="#000000" visible="true" width="39.12109375" x="-14.560546875" y="-1.7109375">Lafayette</y:NodeLabel>
          <y:Shape type="ellipse"/>
        </y:ShapeNode>
      </data>
    </node>
    <node id="n12">
      <data key="d4">true</data>
      <data key="d5"/>
      <data key="d6"/>
      <data key="d7"/>
      <data key="d8"><![CDATA[Node]]></data>
      <data key="d10"/>
      <data key="d11">
        <y:ShapeNode>
          <y:Geometry height="10.0" width="10.0" x="486.040008545" y="288.559997559"/>
          <y:Fill color="#FFCC00" transparent="false"/>
          <y:BorderStyle color="#000000" type="line" width="1.0"/>
          <y:NodeLabel alignment="center" autoSizePolicy="content" fontFamily="Dialog" fontSize="8" fontStyle="plain" hasBackgroundColor="false" hasLineColor="false" height="13.421875" modelName="internal" modelPosition="c" textColor="#000000" visible="true" width="48.1484375" x="-19.07421875" y="-1.7109375">Gainesboro</y:NodeLabel>
          <y:Shape type="ellipse"/>
        </y:ShapeNode>
      </data>
    </node>
    <node id="n13">
      <data key="d4">true</data>
      <data key="d5"/>
      <data key="d6"/>
      <data key="d7"/>
      <data key="d8"><![CDATA[Node]]></data>
      <data key="d10"/>
      <data key="d11">
        <y:ShapeNode>
          <y:Geometry height="10.0" width="10.0" x="572.440002441" y="302.0"/>
          <y:Fill color="#FFCC00" transparent="false"/>
          <y:BorderStyle color="#000000" type="line" width="1.0"/>
          <y:NodeLabel alignment="center" autoSizePolicy="content" fontFamily="Dialog" fontSize="8" fontStyle="plain" hasBackgroundColor="false" hasLineColor="false" height="13.421875" modelName="internal" modelPosition="c" textColor="#000000" visible="true" width="39.7890625" x="-14.89453125" y="-1.7109375">Wartburg</y:NodeLabel>
          <y:Shape type="ellipse"/>
        </y:ShapeNode>
      </data>
    </node>
    <node id="n14">
      <data key="d4">true</data>
      <data key="d5"/>
      <data key="d6"/>
      <data key="d7"/>
      <data key="d8"><![CDATA[Large Node]]></data>
      <data key="d10"/>
      <data key="d11">
        <y:ShapeNode>
          <y:Geometry height="10.0" width="10.0" x="601.239990234" y="322.480010986"/>
          <y:Fill color="#00FF00" transparent="false"/>
          <y:BorderStyle color="#000000" type="line" width="1.0"/>
          <y:NodeLabel alignment="center" autoSizePolicy="content" fontFamily="Dialog" fontSize="8" fontStyle="plain" hasBackgroundColor="false" hasLineColor="false" height="13.421875" modelName="internal" modelPosition="c" textColor="#000000" visible="true" width="39.54296875" x="-14.771484375" y="-1.7109375">Knoxville</y:NodeLabel>
          <y:Shape type="ellipse"/>
        </y:ShapeNode>
      </data>
    </node>
    <node id="n15">
      <data key="d4">true</data>
      <data key="d5"/>
      <data key="d6"/>
      <data key="d7"/>
      <data key="d8"><![CDATA[Node]]></data>
      <data key="d10"/>
      <data key="d11">
        <y:ShapeNode>
          <y:Geometry height="10.0" width="10.0" x="651.159973145" y="321.839996338"/>
          <y:Fill color="#FFCC00" transparent="false"/>
          <y:BorderStyle color="#000000" type="line" width="1.0"/>
          <y:NodeLabel alignment="center" autoSizePolicy="content" fontFamily="Dialog" fontSize="8" fontStyle="plain" hasBackgroundColor="false" hasLineColor="false" height="13.421875" modelName="internal" modelPosition="c" textColor="#000000" visible="true" width="47.77734375" x="-18.888671875" y="-1.7109375">Morristown</y:NodeLabel>
          <y:Shape type="ellipse"/>
        </y:ShapeNode>
      </data>
    </node>
    <node id="n16">
      <data key="d4">true</data>
      <data key="d5"/>
      <data key="d6"/>
      <data key="d7"><![CDATA[Greeneville]]></data>
      <data key="d8"><![CDATA[Node]]></data>
      <data key="d10"/>
      <data key="d11">
        <y:ShapeNode>
          <y:Geometry height="10.0" width="10.0" x="703.0" y="316.720001221"/>
          <y:Fill color="#FFCC00" transparent="false"/>
          <y:BorderStyle color="#000000" type="line" width="1.0"/>
          <y:NodeLabel alignment="center" autoSizePolicy="content" fontFamily="Dialog" fontSize="8" fontStyle="plain" hasBackgroundColor="false" hasLineColor="false" height="13.421875" modelName="internal" modelPosition="c" textColor="#000000" visible="true" width="42.46875" x="-16.234375" y="-1.7109375">Greenville</y:NodeLabel>
          <y:Shape type="ellipse"/>
        </y:ShapeNode>
      </data>
    </node>
    <node id="n17">
      <data key="d4">true</data>
      <data key="d5"/>
      <data key="d6"/>
      <data key="d7"/>
      <data key="d8"><![CDATA[Large Node]]></data>
      <data key="d10"/>
      <data key="d11">
        <y:ShapeNode>
          <y:Geometry height="10.0" width="10.0" x="717.08001709" y="292.399993896"/>
          <y:Fill color="#00FF00" transparent="false"/>
          <y:BorderStyle color="#000000" type="line" width="1.0"/>
          <y:NodeLabel alignment="center" autoSizePolicy="content" fontFamily="Dialog" fontSize="8" fontStyle="plain" hasBackgroundColor="false" hasLineColor="false" height="13.421875" modelName="internal" modelPosition="c" textColor="#000000" visible="true" width="52.83984375" x="-21.419921875" y="-1.7109375">Johnson City</y:NodeLabel>
          <y:Shape type="ellipse"/>
        </y:ShapeNode>
      </data>
    </node>
    <node id="n18">
      <data key="d4">true</data>
      <data key="d5"/>
      <data key="d6"><![CDATA[VA]]></data>
      <data key="d7"/>
      <data key="d8"><![CDATA[Node]]></data>
      <data key="d10"/>
      <data key="d11">
        <y:ShapeNode>
          <y:Geometry height="10.0" width="10.0" x="724.760009766" y="233.520004272"/>
          <y:Fill color="#FFCC00" transparent="false"/>
          <y:BorderStyle color="#000000" type="line" width="1.0"/>
          <y:NodeLabel alignment="center" autoSizePolicy="content" fontFamily="Dialog" fontSize="8" fontStyle="plain" hasBackgroundColor="false" hasLineColor="false" height="13.421875" modelName="internal" modelPosition="c" textColor="#000000" visible="true" width="53.38671875" x="-21.693359375" y="-1.7109375">Scott County</y:NodeLabel>
          <y:Shape type="ellipse"/>
        </y:ShapeNode>
      </data>
    </node>
    <node id="n19">
      <data key="d4">true</data>
      <data key="d5"/>
      <data key="d6"/>
      <data key="d7"/>
      <data key="d8"><![CDATA[Node]]></data>
      <data key="d10"/>
      <data key="d11">
        <y:ShapeNode>
          <y:Geometry height="10.0" width="10.0" x="533.400024414" y="324.399993896"/>
          <y:Fill color="#FFCC00" transparent="false"/>
          <y:BorderStyle color="#000000" type="line" width="1.0"/>
          <y:NodeLabel alignment="center" autoSizePolicy="content" fontFamily="Dialog" fontSize="8" fontStyle="plain" hasBackgroundColor="false" hasLineColor="false" height="13.421875" modelName="internal" modelPosition="c" textColor="#000000" visible="true" width="41.4140625" x="-15.70703125" y="-1.7109375">Crossville</y:NodeLabel>
          <y:Shape type="ellipse"/>
        </y:ShapeNode>
      </data>
    </node>
    <node id="n20">
      <data key="d4">true</data>
      <data key="d5"/>
      <data key="d6"/>
      <data key="d7"/>
      <data key="d8"><![CDATA[Node]]></data>
      <data key="d10"/>
      <data key="d11">
        <y:ShapeNode>
          <y:Geometry height="10.0" width="10.0" x="464.279998779" y="328.880004883"/>
          <y:Fill color="#FFCC00" transparent="false"/>
          <y:BorderStyle color="#000000" type="line" width="1.0"/>
          <y:NodeLabel alignment="center" autoSizePolicy="content" fontFamily="Dialog" fontSize="8" fontStyle="plain" hasBackgroundColor="false" hasLineColor="false" height="13.421875" modelName="internal" modelPosition="c" textColor="#000000" visible="true" width="41.58203125" x="-15.791015625" y="-1.7109375">Smithville</y:NodeLabel>
          <y:Shape type="ellipse"/>
        </y:ShapeNode>
      </data>
    </node>
    <node id="n21">
      <data key="d4">true</data>
      <data key="d5"/>
      <data key="d6"/>
      <data key="d7"/>
      <data key="d8"><![CDATA[Node]]></data>
      <data key="d10"/>
      <data key="d11">
        <y:ShapeNode>
          <y:Geometry height="10.0" width="10.0" x="420.119995117" y="317.359985352"/>
          <y:Fill color="#FFCC00" transparent="false"/>
          <y:BorderStyle color="#000000" type="line" width="1.0"/>
          <y:NodeLabel alignment="center" autoSizePolicy="content" fontFamily="Dialog" fontSize="8" fontStyle="plain" hasBackgroundColor="false" hasLineColor="false" height="13.421875" modelName="internal" modelPosition="c" textColor="#000000" visible="true" width="35.94140625" x="-12.970703125" y="-1.7109375">Mt Juliet</y:NodeLabel>
          <y:Shape type="ellipse"/>
        </y:ShapeNode>
      </data>
    </node>
    <node id="n22">
      <data key="d4">true</data>
      <data key="d5"/>
      <data key="d6"/>
      <data key="d7"/>
      <data key="d8"><![CDATA[Node]]></data>
      <data key="d10"/>
      <data key="d11">
        <y:ShapeNode>
          <y:Geometry height="10.0" width="10.0" x="407.320007324" y="340.399993896"/>
          <y:Fill color="#FFCC00" transparent="false"/>
          <y:BorderStyle color="#000000" type="line" width="1.0"/>
          <y:NodeLabel alignment="center" autoSizePolicy="content" fontFamily="Dialog" fontSize="8" fontStyle="plain" hasBackgroundColor="false" hasLineColor="false" height="13.421875" modelName="internal" modelPosition="c" textColor="#000000" visible="true" width="32.61328125" x="-11.306640625" y="-1.7109375">Smyrna</y:NodeLabel>
          <y:Shape type="ellipse"/>
        </y:ShapeNode>
      </data>
    </node>
    <node id="n23">
      <data key="d4">true</data>
      <data key="d5"/>
      <data key="d6"/>
      <data key="d7"/>
      <data key="d8"><![CDATA[Large Node]]></data>
      <data key="d10"/>
      <data key="d11">
        <y:ShapeNode>
          <y:Geometry height="10.0" width="10.0" x="354.839996338" y="314.160003662"/>
          <y:Fill color="#00FF00" transparent="false"/>
          <y:BorderStyle color="#000000" type="line" width="1.0"/>
          <y:NodeLabel alignment="center" autoSizePolicy="content" fontFamily="Dialog" fontSize="8" fontStyle="plain" hasBackgroundColor="false" hasLineColor="false" height="13.421875" modelName="internal" modelPosition="c" textColor="#000000" visible="true" width="38.90625" x="-14.453125" y="-1.7109375">Nashville</y:NodeLabel>
          <y:Shape type="ellipse"/>
        </y:ShapeNode>
      </data>
    </node>
    <node id="n24">
      <data key="d4">true</data>
      <data key="d5"/>
      <data key="d6"/>
      <data key="d7"/>
      <data key="d8"><![CDATA[Node]]></data>
      <data key="d10"/>
      <data key="d11">
        <y:ShapeNode>
          <y:Geometry height="10.0" width="10.0" x="306.200012207" y="318.640014648"/>
          <y:Fill color="#FFCC00" transparent="false"/>
          <y:BorderStyle color="#000000" type="line" width="1.0"/>
          <y:NodeLabel alignment="center" autoSizePolicy="content" fontFamily="Dialog" fontSize="8" fontStyle="plain" hasBackgroundColor="false" hasLineColor="false" height="13.421875" modelName="internal" modelPosition="c" textColor="#000000" visible="true" width="69.88671875" x="-29.943359375" y="-1.7109375">New Johnsonville</y:NodeLabel>
          <y:Shape type="ellipse"/>
        </y:ShapeNode>
      </data>
    </node>
    <node id="n25">
      <data key="d4">true</data>
      <data key="d5"/>
      <data key="d6"/>
      <data key="d7"/>
      <data key="d8"><![CDATA[Node]]></data>
      <data key="d10"/>
      <data key="d11">
        <y:ShapeNode>
          <y:Geometry height="10.0" width="10.0" x="283.480010986" y="309.679992676"/>
          <y:Fill color="#FFCC00" transparent="false"/>
          <y:BorderStyle color="#000000" type="line" width="1.0"/>
          <y:NodeLabel alignment="center" autoSizePolicy="content" fontFamily="Dialog" fontSize="8" fontStyle="plain" hasBackgroundColor="false" hasLineColor="false" height="13.421875" modelName="internal" modelPosition="c" textColor="#000000" visible="true" width="35.87890625" x="-12.939453125" y="-1.7109375">Camden</y:NodeLabel>
          <y:Shape type="ellipse"/>
        </y:ShapeNode>
      </data>
    </node>
    <node id="n26">
      <data key="d4">true</data>
      <data key="d5"/>
      <data key="d6"/>
      <data key="d7"/>
      <data key="d8"><![CDATA[Node]]></data>
      <data key="d10"/>
      <data key="d11">
        <y:ShapeNode>
          <y:Geometry height="10.0" width="10.0" x="260.760009766" y="334.0"/>
          <y:Fill color="#FFCC00" transparent="false"/>
          <y:BorderStyle color="#000000" type="line" width="1.0"/>
          <y:NodeLabel alignment="center" autoSizePolicy="content" fontFamily="Dialog" fontSize="8" fontStyle="plain" hasBackgroundColor="false" hasLineColor="false" height="13.421875" modelName="internal" modelPosition="c" textColor="#000000" visible="true" width="38.265625" x="-14.1328125" y="-1.7109375">Bruceton</y:NodeLabel>
          <y:Shape type="ellipse"/>
        </y:ShapeNode>
      </data>
    </node>
    <node id="n27">
      <data key="d4">true</data>
      <data key="d5"/>
      <data key="d6"/>
      <data key="d7"/>
      <data key="d8"><![CDATA[Node]]></data>
      <data key="d10"/>
      <data key="d11">
        <y:ShapeNode>
          <y:Geometry height="10.0" width="10.0" x="197.080001831" y="355.119995117"/>
          <y:Fill color="#FFCC00" transparent="false"/>
          <y:BorderStyle color="#000000" type="line" width="1.0"/>
          <y:NodeLabel alignment="center" autoSizePolicy="content" fontFamily="Dialog" fontSize="8" fontStyle="plain" hasBackgroundColor="false" hasLineColor="false" height="13.421875" modelName="internal" modelPosition="c" textColor="#000000" visible="true" width="34.625" x="-12.3125" y="-1.7109375">Trenton</y:NodeLabel>
          <y:Shape type="ellipse"/>
        </y:ShapeNode>
      </data>
    </node>
    <node id="n28">
      <data key="d4">true</data>
      <data key="d5"/>
      <data key="d6"/>
      <data key="d7"/>
      <data key="d8"><![CDATA[Node]]></data>
      <data key="d10"/>
      <data key="d11">
        <y:ShapeNode>
          <y:Geometry height="10.0" width="10.0" x="252.440002441" y="364.079986572"/>
          <y:Fill color="#FFCC00" transparent="false"/>
          <y:BorderStyle color="#000000" type="line" width="1.0"/>
          <y:NodeLabel alignment="center" autoSizePolicy="content" fontFamily="Dialog" fontSize="8" fontStyle="plain" hasBackgroundColor="false" hasLineColor="false" height="13.421875" modelName="internal" modelPosition="c" textColor="#000000" visible="true" width="25.8359375" x="-7.91796875" y="-1.7109375">Yuma</y:NodeLabel>
          <y:Shape type="ellipse"/>
        </y:ShapeNode>
      </data>
    </node>
    <node id="n29">
      <data key="d4">true</data>
      <data key="d5"/>
      <data key="d6"/>
      <data key="d7"/>
      <data key="d8"><![CDATA[Node]]></data>
      <data key="d10"/>
      <data key="d11">
        <y:ShapeNode>
          <y:Geometry height="10.0" width="10.0" x="324.760009766" y="376.880004883"/>
          <y:Fill color="#FFCC00" transparent="false"/>
          <y:BorderStyle color="#000000" type="line" width="1.0"/>
          <y:NodeLabel alignment="center" autoSizePolicy="content" fontFamily="Dialog" fontSize="8" fontStyle="plain" hasBackgroundColor="false" hasLineColor="false" height="13.421875" modelName="internal" modelPosition="c" textColor="#000000" visible="true" width="40.9609375" x="-15.48046875" y="-1.7109375">Columbia</y:NodeLabel>
          <y:Shape type="ellipse"/>
        </y:ShapeNode>
      </data>
    </node>
    <node id="n30">
      <data key="d4">true</data>
      <data key="d5"/>
      <data key="d6"/>
      <data key="d7"/>
      <data key="d8"><![CDATA[Node]]></data>
      <data key="d10"/>
      <data key="d11">
        <y:ShapeNode>
          <y:Geometry height="10.0" width="10.0" x="372.119995117" y="378.799987793"/>
          <y:Fill color="#FFCC00" transparent="false"/>
          <y:BorderStyle color="#000000" type="line" width="1.0"/>
          <y:NodeLabel alignment="center" autoSizePolicy="content" fontFamily="Dialog" fontSize="8" fontStyle="plain" hasBackgroundColor="false" hasLineColor="false" height="13.421875" modelName="internal" modelPosition="c" textColor="#000000" visible="true" width="46.0703125" x="-18.03515625" y="-1.7109375">Chapel Hill</y:NodeLabel>
          <y:Shape type="ellipse"/>
        </y:ShapeNode>
      </data>
    </node>
    <node id="n31">
      <data key="d4">true</data>
      <data key="d5"/>
      <data key="d6"/>
      <data key="d7"/>
      <data key="d8"><![CDATA[Large Node]]></data>
      <data key="d10"/>
      <data key="d11">
        <y:ShapeNode>
          <y:Geometry height="10.0" width="10.0" x="484.760009766" y="421.040008545"/>
          <y:Fill color="#00FF00" transparent="false"/>
          <y:BorderStyle color="#000000" type="line" width="1.0"/>
          <y:NodeLabel alignment="center" autoSizePolicy="content" fontFamily="Dialog" fontSize="8" fontStyle="plain" hasBackgroundColor="false" hasLineColor="false" height="13.421875" modelName="internal" modelPosition="c" textColor="#000000" visible="true" width="53.51953125" x="-21.759765625" y="-1.7109375">Chattanooga</y:NodeLabel>
          <y:Shape type="ellipse"/>
        </y:ShapeNode>
      </data>
    </node>
    <node id="n32">
      <data key="d4">true</data>
      <data key="d5"/>
      <data key="d6"/>
      <data key="d7"/>
      <data key="d8"><![CDATA[Node]]></data>
      <data key="d10"/>
      <data key="d11">
        <y:ShapeNode>
          <y:Geometry height="10.0" width="10.0" x="495.640014648" y="391.600006104"/>
          <y:Fill color="#FFCC00" transparent="false"/>
          <y:BorderStyle color="#000000" type="line" width="1.0"/>
          <y:NodeLabel alignment="center" autoSizePolicy="content" fontFamily="Dialog" fontSize="8" fontStyle="plain" hasBackgroundColor="false" hasLineColor="false" height="13.421875" modelName="internal" modelPosition="c" textColor="#000000" visible="true" width="31.6875" x="-10.84375" y="-1.7109375">Dunlap</y:NodeLabel>
          <y:Shape type="ellipse"/>
        </y:ShapeNode>
      </data>
    </node>
    <node id="n33">
      <data key="d4">true</data>
      <data key="d5"/>
      <data key="d6"/>
      <data key="d7"/>
      <data key="d8"><![CDATA[Node]]></data>
      <data key="d10"/>
      <data key="d11">
        <y:ShapeNode>
          <y:Geometry height="10.0" width="10.0" x="495.640014648" y="360.239990234"/>
          <y:Fill color="#FFCC00" transparent="false"/>
          <y:BorderStyle color="#000000" type="line" width="1.0"/>
          <y:NodeLabel alignment="center" autoSizePolicy="content" fontFamily="Dialog" fontSize="8" fontStyle="plain" hasBackgroundColor="false" hasLineColor="false" height="13.421875" modelName="internal" modelPosition="c" textColor="#000000" visible="true" width="34.59375" x="-12.296875" y="-1.7109375">Spencer</y:NodeLabel>
          <y:Shape type="ellipse"/>
        </y:ShapeNode>
      </data>
    </node>
    <node id="n34">
      <data key="d4">true</data>
      <data key="d5"/>
      <data key="d6"/>
      <data key="d7"/>
      <data key="d8"><![CDATA[Node]]></data>
      <data key="d10"/>
      <data key="d11">
        <y:ShapeNode>
          <y:Geometry height="10.0" width="10.0" x="495.640014648" y="337.200012207"/>
          <y:Fill color="#FFCC00" transparent="false"/>
          <y:BorderStyle color="#000000" type="line" width="1.0"/>
          <y:NodeLabel alignment="center" autoSizePolicy="content" fontFamily="Dialog" fontSize="8" fontStyle="plain" hasBackgroundColor="false" hasLineColor="false" height="13.421875" modelName="internal" modelPosition="c" textColor="#000000" visible="true" width="49.65625" x="-19.828125" y="-1.7109375">McMinnville</y:NodeLabel>
          <y:Shape type="ellipse"/>
        </y:ShapeNode>
      </data>
    </node>
    <node id="n35">
      <data key="d4">true</data>
      <data key="d5"/>
      <data key="d6"><![CDATA[GA]]></data>
      <data key="d7"/>
      <data key="d8"><![CDATA[Node]]></data>
      <data key="d10"/>
      <data key="d11">
        <y:ShapeNode>
          <y:Geometry height="10.0" width="10.0" x="537.880004883" y="463.920013428"/>
          <y:Fill color="#FFCC00" transparent="false"/>
          <y:BorderStyle color="#000000" type="line" width="1.0"/>
          <y:NodeLabel alignment="center" autoSizePolicy="content" fontFamily="Dialog" fontSize="8" fontStyle="plain" hasBackgroundColor="false" hasLineColor="false" height="13.421875" modelName="internal" modelPosition="c" textColor="#000000" visible="true" width="38.57421875" x="-14.287109375" y="-1.7109375">Ringgold</y:NodeLabel>
          <y:Shape type="ellipse"/>
        </y:ShapeNode>
      </data>
    </node>
    <node id="n36">
      <data key="d4">true</data>
      <data key="d5"/>
      <data key="d6"><![CDATA[GA]]></data>
      <data key="d7"/>
      <data key="d8"><![CDATA[Node]]></data>
      <data key="d10"/>
      <data key="d11">
        <y:ShapeNode>
          <y:Geometry height="10.0" width="10.0" x="525.719970703" y="482.480010986"/>
          <y:Fill color="#FFCC00" transparent="false"/>
          <y:BorderStyle color="#000000" type="line" width="1.0"/>
          <y:NodeLabel alignment="center" autoSizePolicy="content" fontFamily="Dialog" fontSize="8" fontStyle="plain" hasBackgroundColor="false" hasLineColor="false" height="13.421875" modelName="internal" modelPosition="c" textColor="#000000" visible="true" width="56.26171875" x="-23.130859375" y="-1.7109375">Chickamauga</y:NodeLabel>
          <y:Shape type="ellipse"/>
        </y:ShapeNode>
      </data>
    </node>
    <node id="n37">
      <data key="d4">true</data>
      <data key="d5"/>
      <data key="d6"><![CDATA[GA]]></data>
      <data key="d7"/>
      <data key="d8"><![CDATA[Node]]></data>
      <data key="d10"/>
      <data key="d11">
        <y:ShapeNode>
          <y:Geometry height="10.0" width="10.0" x="492.440002441" y="471.600006104"/>
          <y:Fill color="#FFCC00" transparent="false"/>
          <y:BorderStyle color="#000000" type="line" width="1.0"/>
          <y:NodeLabel alignment="center" autoSizePolicy="content" fontFamily="Dialog" fontSize="8" fontStyle="plain" hasBackgroundColor="false" hasLineColor="false" height="13.421875" modelName="internal" modelPosition="c" textColor="#000000" visible="true" width="34.625" x="-12.3125" y="-1.7109375">Trenton</y:NodeLabel>
          <y:Shape type="ellipse"/>
        </y:ShapeNode>
      </data>
    </node>
    <node id="n38">
      <data key="d4">true</data>
      <data key="d5"/>
      <data key="d6"><![CDATA[AL]]></data>
      <data key="d7"/>
      <data key="d8"><![CDATA[Node]]></data>
      <data key="d10"/>
      <data key="d11">
        <y:ShapeNode>
          <y:Geometry height="10.0" width="10.0" x="474.519989014" y="498.480010986"/>
          <y:Fill color="#FFCC00" transparent="false"/>
          <y:BorderStyle color="#000000" type="line" width="1.0"/>
          <y:NodeLabel alignment="center" autoSizePolicy="content" fontFamily="Dialog" fontSize="8" fontStyle="plain" hasBackgroundColor="false" hasLineColor="false" height="13.421875" modelName="internal" modelPosition="c" textColor="#000000" visible="true" width="40.3671875" x="-15.18359375" y="-1.7109375">Rainsville</y:NodeLabel>
          <y:Shape type="ellipse"/>
        </y:ShapeNode>
      </data>
    </node>
    <node id="n39">
      <data key="d4">true</data>
      <data key="d5"/>
      <data key="d6"><![CDATA[AL]]></data>
      <data key="d7"/>
      <data key="d8"><![CDATA[Node]]></data>
      <data key="d10"/>
      <data key="d11">
        <y:ShapeNode>
          <y:Geometry height="10.0" width="10.0" x="441.880004883" y="482.480010986"/>
          <y:Fill color="#FFCC00" transparent="false"/>
          <y:BorderStyle color="#000000" type="line" width="1.0"/>
          <y:NodeLabel alignment="center" autoSizePolicy="content" fontFamily="Dialog" fontSize="8" fontStyle="plain" hasBackgroundColor="false" hasLineColor="false" height="13.421875" modelName="internal" modelPosition="c" textColor="#000000" visible="true" width="45.51953125" x="-17.759765625" y="-1.7109375">Scottsboro</y:NodeLabel>
          <y:Shape type="ellipse"/>
        </y:ShapeNode>
      </data>
    </node>
    <node id="n40">
      <data key="d4">true</data>
      <data key="d5"/>
      <data key="d6"><![CDATA[AL]]></data>
      <data key="d7"/>
      <data key="d8"><![CDATA[Node]]></data>
      <data key="d10"/>
      <data key="d11">
        <y:ShapeNode>
          <y:Geometry height="10.0" width="10.0" x="428.440002441" y="499.119995117"/>
          <y:Fill color="#FFCC00" transparent="false"/>
          <y:BorderStyle color="#000000" type="line" width="1.0"/>
          <y:NodeLabel alignment="center" autoSizePolicy="content" fontFamily="Dialog" fontSize="8" fontStyle="plain" hasBackgroundColor="false" hasLineColor="false" height="13.421875" modelName="internal" modelPosition="c" textColor="#000000" visible="true" width="43.34765625" x="-16.673828125" y="-1.7109375">New Hope</y:NodeLabel>
          <y:Shape type="ellipse"/>
        </y:ShapeNode>
      </data>
    </node>
    <node id="n41">
      <data key="d4">true</data>
      <data key="d5"/>
      <data key="d6"><![CDATA[AL]]></data>
      <data key="d7"/>
      <data key="d8"><![CDATA[Large Node]]></data>
      <data key="d10"/>
      <data key="d11">
        <y:ShapeNode>
          <y:Geometry height="10.0" width="10.0" x="386.200012207" y="478.0"/>
          <y:Fill color="#00FF00" transparent="false"/>
          <y:BorderStyle color="#000000" type="line" width="1.0"/>
          <y:NodeLabel alignment="center" autoSizePolicy="content" fontFamily="Dialog" fontSize="8" fontStyle="plain" hasBackgroundColor="false" hasLineColor="false" height="13.421875" modelName="internal" modelPosition="c" textColor="#000000" visible="true" width="42.4140625" x="-16.20703125" y="-1.7109375">Huntsville</y:NodeLabel>
          <y:Shape type="ellipse"/>
        </y:ShapeNode>
      </data>
    </node>
    <node id="n42">
      <data key="d4">true</data>
      <data key="d5"/>
      <data key="d6"/>
      <data key="d7"/>
      <data key="d8"><![CDATA[Node]]></data>
      <data key="d10"/>
      <data key="d11">
        <y:ShapeNode>
          <y:Geometry height="10.0" width="10.0" x="356.760009766" y="449.200012207"/>
          <y:Fill color="#FFCC00" transparent="false"/>
          <y:BorderStyle color="#000000" type="line" width="1.0"/>
          <y:NodeLabel alignment="center" autoSizePolicy="content" fontFamily="Dialog" fontSize="8" fontStyle="plain" hasBackgroundColor="false" hasLineColor="false" height="13.421875" modelName="internal" modelPosition="c" textColor="#000000" visible="true" width="37.94140625" x="-13.970703125" y="-1.7109375">Ardmore</y:NodeLabel>
          <y:Shape type="ellipse"/>
        </y:ShapeNode>
      </data>
    </node>
    <node id="n43">
      <data key="d4">true</data>
      <data key="d5"/>
      <data key="d6"/>
      <data key="d7"/>
      <data key="d8"><![CDATA[Node]]></data>
      <data key="d10"/>
      <data key="d11">
        <y:ShapeNode>
          <y:Geometry height="10.0" width="10.0" x="320.920013428" y="412.720001221"/>
          <y:Fill color="#FFCC00" transparent="false"/>
          <y:BorderStyle color="#000000" type="line" width="1.0"/>
          <y:NodeLabel alignment="center" autoSizePolicy="content" fontFamily="Dialog" fontSize="8" fontStyle="plain" hasBackgroundColor="false" hasLineColor="false" height="13.421875" modelName="internal" modelPosition="c" textColor="#000000" visible="true" width="31.18359375" x="-10.591796875" y="-1.7109375">Pulaski</y:NodeLabel>
          <y:Shape type="ellipse"/>
        </y:ShapeNode>
      </data>
    </node>
    <node id="n44">
      <data key="d4">true</data>
      <data key="d5"/>
      <data key="d6"/>
      <data key="d7"/>
      <data key="d8"><![CDATA[Node]]></data>
      <data key="d10"/>
      <data key="d11">
        <y:ShapeNode>
          <y:Geometry height="10.0" width="10.0" x="298.519989014" y="437.679992676"/>
          <y:Fill color="#FFCC00" transparent="false"/>
          <y:BorderStyle color="#000000" type="line" width="1.0"/>
          <y:NodeLabel alignment="center" autoSizePolicy="content" fontFamily="Dialog" fontSize="8" fontStyle="plain" hasBackgroundColor="false" hasLineColor="false" height="13.421875" modelName="internal" modelPosition="c" textColor="#000000" visible="true" width="31.80859375" x="-10.904296875" y="-1.7109375">Loretto</y:NodeLabel>
          <y:Shape type="ellipse"/>
        </y:ShapeNode>
      </data>
    </node>
    <node id="n45">
      <data key="d4">true</data>
      <data key="d5"/>
      <data key="d6"/>
      <data key="d7"/>
      <data key="d8"><![CDATA[Node]]></data>
      <data key="d10"/>
      <data key="d11">
        <y:ShapeNode>
          <y:Geometry height="10.0" width="10.0" x="265.880004883" y="422.320007324"/>
          <y:Fill color="#FFCC00" transparent="false"/>
          <y:BorderStyle color="#000000" type="line" width="1.0"/>
          <y:NodeLabel alignment="center" autoSizePolicy="content" fontFamily="Dialog" fontSize="8" fontStyle="plain" hasBackgroundColor="false" hasLineColor="false" height="13.421875" modelName="internal" modelPosition="c" textColor="#000000" visible="true" width="51.078125" x="-20.5390625" y="-1.7109375">Waynesboro</y:NodeLabel>
          <y:Shape type="ellipse"/>
        </y:ShapeNode>
      </data>
    </node>
    <node id="n46">
      <data key="d4">true</data>
      <data key="d5"/>
      <data key="d6"/>
      <data key="d7"/>
      <data key="d8"><![CDATA[Node]]></data>
      <data key="d10"/>
      <data key="d11">
        <y:ShapeNode>
          <y:Geometry height="10.0" width="10.0" x="241.559997559" y="406.320007324"/>
          <y:Fill color="#FFCC00" transparent="false"/>
          <y:BorderStyle color="#000000" type="line" width="1.0"/>
          <y:NodeLabel alignment="center" autoSizePolicy="content" fontFamily="Dialog" fontSize="8" fontStyle="plain" hasBackgroundColor="false" hasLineColor="false" height="13.421875" modelName="internal" modelPosition="c" textColor="#000000" visible="true" width="46.0234375" x="-18.01171875" y="-1.7109375">Henderson</y:NodeLabel>
          <y:Shape type="ellipse"/>
        </y:ShapeNode>
      </data>
    </node>
    <node id="n47">
      <data key="d4">true</data>
      <data key="d5"/>
      <data key="d6"/>
      <data key="d7"/>
      <data key="d8"><![CDATA[Large Node]]></data>
      <data key="d10"/>
      <data key="d11">
        <y:ShapeNode>
          <y:Geometry height="10.0" width="10.0" x="208.919998169" y="384.559997559"/>
          <y:Fill color="#00FF00" transparent="false"/>
          <y:BorderStyle color="#000000" type="line" width="1.0"/>
          <y:NodeLabel alignment="center" autoSizePolicy="content" fontFamily="Dialog" fontSize="8" fontStyle="plain" hasBackgroundColor="false" hasLineColor="false" height="13.421875" modelName="internal" modelPosition="c" textColor="#000000" visible="true" width="33.63671875" x="-11.818359375" y="-1.7109375">Jackson</y:NodeLabel>
          <y:Shape type="ellipse"/>
        </y:ShapeNode>
      </data>
    </node>
    <node id="n48">
      <data key="d4">true</data>
      <data key="d5"/>
      <data key="d6"/>
      <data key="d7"/>
      <data key="d8"><![CDATA[Node]]></data>
      <data key="d10"/>
      <data key="d11">
        <y:ShapeNode>
          <y:Geometry height="10.0" width="10.0" x="103.959999084" y="388.284301758"/>
          <y:Fill color="#FFCC00" transparent="false"/>
          <y:BorderStyle color="#000000" type="line" width="1.0"/>
          <y:NodeLabel alignment="center" autoSizePolicy="content" fontFamily="Dialog" fontSize="8" fontStyle="plain" hasBackgroundColor="false" hasLineColor="false" height="13.421875" modelName="internal" modelPosition="c" textColor="#000000" visible="true" width="42.96484375" x="-16.482421875" y="-1.7109375">Millington</y:NodeLabel>
          <y:Shape type="ellipse"/>
        </y:ShapeNode>
      </data>
    </node>
    <node id="n49">
      <data key="d4">true</data>
      <data key="d5"/>
      <data key="d6"/>
      <data key="d7"/>
      <data key="d8"><![CDATA[Node]]></data>
      <data key="d10"/>
      <data key="d11">
        <y:ShapeNode>
          <y:Geometry height="10.0" width="10.0" x="151.320007324" y="393.519989014"/>
          <y:Fill color="#FFCC00" transparent="false"/>
          <y:BorderStyle color="#000000" type="line" width="1.0"/>
          <y:NodeLabel alignment="center" autoSizePolicy="content" fontFamily="Dialog" fontSize="8" fontStyle="plain" hasBackgroundColor="false" hasLineColor="false" height="13.421875" modelName="internal" modelPosition="c" textColor="#000000" visible="true" width="47.53125" x="-18.765625" y="-1.7109375">Brownsville</y:NodeLabel>
          <y:Shape type="ellipse"/>
        </y:ShapeNode>
      </data>
    </node>
    <node id="n50">
      <data key="d4">true</data>
      <data key="d5"/>
      <data key="d6"/>
      <data key="d7"/>
      <data key="d8"><![CDATA[Large Node]]></data>
      <data key="d10"/>
      <data key="d11">
        <y:ShapeNode>
          <y:Geometry height="10.0" width="10.0" x="93.7200012207" y="426.160003662"/>
          <y:Fill color="#00FF00" transparent="false"/>
          <y:BorderStyle color="#000000" type="line" width="1.0"/>
          <y:NodeLabel alignment="center" autoSizePolicy="content" fontFamily="Dialog" fontSize="8" fontStyle="plain" hasBackgroundColor="false" hasLineColor="false" height="13.421875" modelName="internal" modelPosition="c" textColor="#000000" visible="true" width="39.20703125" x="-14.603515625" y="-1.7109375">Memphis</y:NodeLabel>
          <y:Shape type="ellipse"/>
        </y:ShapeNode>
      </data>
    </node>
    <edge id="e0" source="n0" target="n1">
      <data key="d37"><![CDATA[Iris Network]]></data>
      <data key="d39"/>
      <data key="d40">
        <y:PolyLineEdge>
          <y:Path sx="0.0" sy="0.0" tx="0.0" ty="0.0"/>
          <y:LineStyle color="#808080" type="line" width="1.0"/>
          <y:Arrows source="none" target="none"/>
          <y:BendStyle smoothed="false"/>
        </y:PolyLineEdge>
      </data>
    </edge>
    <edge id="e1" source="n0" target="n6">
      <data key="d37"><![CDATA[Iris Network]]></data>
      <data key="d39"/>
      <data key="d40">
        <y:PolyLineEdge>
          <y:Path sx="0.0" sy="0.0" tx="0.0" ty="0.0"/>
          <y:LineStyle color="#808080" type="line" width="1.0"/>
          <y:Arrows source="none" target="none"/>
          <y:BendStyle smoothed="false"/>
        </y:PolyLineEdge>
      </data>
    </edge>
    <edge id="e2" source="n1" target="n2">
      <data key="d37"><![CDATA[Iris Network]]></data>
      <data key="d39"/>
      <data key="d40">
        <y:PolyLineEdge>
          <y:Path sx="0.0" sy="0.0" tx="0.0" ty="0.0"/>
          <y:LineStyle color="#808080" type="line" width="1.0"/>
          <y:Arrows source="none" target="none"/>
          <y:BendStyle smoothed="false"/>
        </y:PolyLineEdge>
      </data>
    </edge>
    <edge id="e3" source="n2" target="n3">
      <data key="d37"><![CDATA[Iris Network]]></data>
      <data key="d39"/>
      <data key="d40">
        <y:PolyLineEdge>
          <y:Path sx="0.0" sy="0.0" tx="0.0" ty="0.0"/>
          <y:LineStyle color="#808080" type="line" width="1.0"/>
          <y:Arrows source="none" target="none"/>
          <y:BendStyle smoothed="false"/>
        </y:PolyLineEdge>
      </data>
    </edge>
    <edge id="e4" source="n2" target="n27">
      <data key="d37"><![CDATA[Iris Network]]></data>
      <data key="d39"/>
      <data key="d40">
        <y:PolyLineEdge>
          <y:Path sx="0.0" sy="0.0" tx="0.0" ty="0.0"/>
          <y:LineStyle color="#808080" type="line" width="1.0"/>
          <y:Arrows source="none" target="none"/>
          <y:BendStyle smoothed="false"/>
        </y:PolyLineEdge>
      </data>
    </edge>
    <edge id="e5" source="n3" target="n4">
      <data key="d37"><![CDATA[Iris Network]]></data>
      <data key="d39"/>
      <data key="d40">
        <y:PolyLineEdge>
          <y:Path sx="0.0" sy="0.0" tx="0.0" ty="0.0"/>
          <y:LineStyle color="#808080" type="line" width="1.0"/>
          <y:Arrows source="none" target="none"/>
          <y:BendStyle smoothed="false"/>
        </y:PolyLineEdge>
      </data>
    </edge>
    <edge id="e6" source="n4" target="n28">
      <data key="d37"><![CDATA[Iris Network]]></data>
      <data key="d39"/>
      <data key="d40">
        <y:PolyLineEdge>
          <y:Path sx="0.0" sy="0.0" tx="0.0" ty="0.0"/>
          <y:LineStyle color="#808080" type="line" width="1.0"/>
          <y:Arrows source="none" target="none"/>
          <y:BendStyle smoothed="false"/>
        </y:PolyLineEdge>
      </data>
    </edge>
    <edge id="e7" source="n4" target="n5">
      <data key="d37"><![CDATA[Iris Network]]></data>
      <data key="d39"/>
      <data key="d40">
        <y:PolyLineEdge>
          <y:Path sx="0.0" sy="0.0" tx="0.0" ty="0.0"/>
          <y:LineStyle color="#808080" type="line" width="1.0"/>
          <y:Arrows source="none" target="none"/>
          <y:BendStyle smoothed="false"/>
        </y:PolyLineEdge>
      </data>
    </edge>
    <edge id="e8" source="n5" target="n25">
      <data key="d37"><![CDATA[Iris Future Network]]></data>
      <data key="d39"/>
      <data key="d40">
        <y:PolyLineEdge>
          <y:Path sx="0.0" sy="0.0" tx="0.0" ty="0.0"/>
          <y:LineStyle color="#808080" type="line" width="1.0"/>
          <y:Arrows source="none" target="none"/>
          <y:BendStyle smoothed="false"/>
        </y:PolyLineEdge>
      </data>
    </edge>
    <edge id="e9" source="n5" target="n6">
      <data key="d37"><![CDATA[Iris Network]]></data>
      <data key="d39"/>
      <data key="d40">
        <y:PolyLineEdge>
          <y:Path sx="0.0" sy="0.0" tx="0.0" ty="0.0"/>
          <y:LineStyle color="#808080" type="line" width="1.0"/>
          <y:Arrows source="none" target="none"/>
          <y:BendStyle smoothed="false"/>
        </y:PolyLineEdge>
      </data>
    </edge>
    <edge id="e10" source="n7" target="n8">
      <data key="d37"><![CDATA[Iris Future Network]]></data>
      <data key="d39"/>
      <data key="d40">
        <y:PolyLineEdge>
          <y:Path sx="0.0" sy="0.0" tx="0.0" ty="0.0"/>
          <y:LineStyle color="#808080" type="line" width="1.0"/>
          <y:Arrows source="none" target="none"/>
          <y:BendStyle smoothed="false"/>
        </y:PolyLineEdge>
      </data>
    </edge>
    <edge id="e11" source="n7" target="n10">
      <data key="d37"><![CDATA[Iris Future Network]]></data>
      <data key="d39"/>
      <data key="d40">
        <y:PolyLineEdge>
          <y:Path sx="0.0" sy="0.0" tx="0.0" ty="0.0"/>
          <y:LineStyle color="#808080" type="line" width="1.0"/>
          <y:Arrows source="none" target="none"/>
          <y:BendStyle smoothed="false"/>
        </y:PolyLineEdge>
      </data>
    </edge>
    <edge id="e12" source="n8" target="n10">
      <data key="d37"><![CDATA[Iris Future Network]]></data>
      <data key="d39"/>
      <data key="d40">
        <y:PolyLineEdge>
          <y:Path sx="0.0" sy="0.0" tx="0.0" ty="0.0"/>
          <y:LineStyle color="#808080" type="line" width="1.0"/>
          <y:Arrows source="none" target="none"/>
          <y:BendStyle smoothed="false"/>
        </y:PolyLineEdge>
      </data>
    </edge>
    <edge id="e13" source="n9" target="n10">
      <data key="d37"><![CDATA[Iris Future Network]]></data>
      <data key="d39"/>
      <data key="d40">
        <y:PolyLineEdge>
          <y:Path sx="0.0" sy="0.0" tx="0.0" ty="0.0"/>
          <y:LineStyle color="#808080" type="line" width="1.0"/>
          <y:Arrows source="none" target="none"/>
          <y:BendStyle smoothed="false"/>
        </y:PolyLineEdge>
      </data>
    </edge>
    <edge id="e14" source="n10" target="n11">
      <data key="d37"><![CDATA[Iris Future Network]]></data>
      <data key="d39"/>
      <data key="d40">
        <y:PolyLineEdge>
          <y:Path sx="0.0" sy="0.0" tx="0.0" ty="0.0">
            <y:Point x="419.283843994" y="244.591491699"/>
          </y:Path>
          <y:LineStyle color="#808080" type="line" width="1.0"/>
          <y:Arrows source="none" target="none"/>
          <y:BendStyle smoothed="false"/>
        </y:PolyLineEdge>
      </data>
    </edge>
    <edge id="e15" source="n11" target="n12">
      <data key="d37"><![CDATA[Iris Network]]></data>
      <data key="d39"/>
      <data key="d40">
        <y:PolyLineEdge>
          <y:Path sx="0.0" sy="0.0" tx="0.0" ty="0.0"/>
          <y:LineStyle color="#808080" type="line" width="1.0"/>
          <y:Arrows source="none" target="none"/>
          <y:BendStyle smoothed="false"/>
        </y:PolyLineEdge>
      </data>
    </edge>
    <edge id="e16" source="n12" target="n13">
      <data key="d37"><![CDATA[Iris Network]]></data>
      <data key="d39"/>
      <data key="d40">
        <y:PolyLineEdge>
          <y:Path sx="0.0" sy="0.0" tx="0.0" ty="0.0"/>
          <y:LineStyle color="#808080" type="line" width="1.0"/>
          <y:Arrows source="none" target="none"/>
          <y:BendStyle smoothed="false"/>
        </y:PolyLineEdge>
      </data>
    </edge>
    <edge id="e17" source="n12" target="n19">
      <data key="d37"><![CDATA[Iris Network]]></data>
      <data key="d39"/>
      <data key="d40">
        <y:PolyLineEdge>
          <y:Path sx="0.0" sy="0.0" tx="0.0" ty="0.0"/>
          <y:LineStyle color="#808080" type="line" width="1.0"/>
          <y:Arrows source="none" target="none"/>
          <y:BendStyle smoothed="false"/>
        </y:PolyLineEdge>
      </data>
    </edge>
    <edge id="e18" source="n12" target="n20">
      <data key="d37"><![CDATA[Iris Network]]></data>
      <data key="d39"/>
      <data key="d40">
        <y:PolyLineEdge>
          <y:Path sx="0.0" sy="0.0" tx="0.0" ty="0.0"/>
          <y:LineStyle color="#808080" type="line" width="1.0"/>
          <y:Arrows source="none" target="none"/>
          <y:BendStyle smoothed="false"/>
        </y:PolyLineEdge>
      </data>
    </edge>
    <edge id="e19" source="n12" target="n21">
      <data key="d37"><![CDATA[Iris Network]]></data>
      <data key="d39"/>
      <data key="d40">
        <y:PolyLineEdge>
          <y:Path sx="0.0" sy="0.0" tx="0.0" ty="0.0"/>
          <y:LineStyle color="#808080" type="line" width="1.0"/>
          <y:Arrows source="none" target="none"/>
          <y:BendStyle smoothed="false"/>
        </y:PolyLineEdge>
      </data>
    </edge>
    <edge id="e20" source="n12" target="n23">
      <data key="d37"><![CDATA[Iris Network]]></data>
      <data key="d39"/>
      <data key="d40">
        <y:PolyLineEdge>
          <y:Path sx="0.0" sy="0.0" tx="0.0" ty="0.0"/>
          <y:LineStyle color="#808080" type="line" width="1.0"/>
          <y:Arrows source="none" target="none"/>
          <y:BendStyle smoothed="false"/>
        </y:PolyLineEdge>
      </data>
    </edge>
    <edge id="e21" source="n13" target="n14">
      <data key="d37"><![CDATA[Iris Network]]></data>
      <data key="d39"/>
      <data key="d40">
        <y:PolyLineEdge>
          <y:Path sx="0.0" sy="0.0" tx="0.0" ty="0.0"/>
          <y:LineStyle color="#808080" type="line" width="1.0"/>
          <y:Arrows source="none" target="none"/>
          <y:BendStyle smoothed="false"/>
        </y:PolyLineEdge>
      </data>
    </edge>
    <edge id="e22" source="n14" target="n17">
      <data key="d37"><![CDATA[Iris Network]]></data>
      <data key="d39"/>
      <data key="d40">
        <y:PolyLineEdge>
          <y:Path sx="0.0" sy="0.0" tx="0.0" ty="0.0"/>
          <y:LineStyle color="#808080" type="line" width="1.0"/>
          <y:Arrows source="none" target="none"/>
          <y:BendStyle smoothed="false"/>
        </y:PolyLineEdge>
      </data>
    </edge>
    <edge id="e23" source="n14" target="n15">
      <data key="d37"><![CDATA[Iris Future Network]]></data>
      <data key="d39"/>
      <data key="d40">
        <y:PolyLineEdge>
          <y:Path sx="0.0" sy="0.0" tx="0.0" ty="0.0"/>
          <y:LineStyle color="#808080" type="line" width="1.0"/>
          <y:Arrows source="none" target="none"/>
          <y:BendStyle smoothed="false"/>
        </y:PolyLineEdge>
      </data>
    </edge>
    <edge id="e24" source="n14" target="n31">
      <data key="d37"><![CDATA[Iris Network]]></data>
      <data key="d39"/>
      <data key="d40">
        <y:PolyLineEdge>
          <y:Path sx="0.0" sy="0.0" tx="0.0" ty="0.0"/>
          <y:LineStyle color="#808080" type="line" width="1.0"/>
          <y:Arrows source="none" target="none"/>
          <y:BendStyle smoothed="false"/>
        </y:PolyLineEdge>
      </data>
    </edge>
    <edge id="e25" source="n15" target="n16">
      <data key="d37"><![CDATA[Iris Future Network]]></data>
      <data key="d39"/>
      <data key="d40">
        <y:PolyLineEdge>
          <y:Path sx="0.0" sy="0.0" tx="0.0" ty="0.0"/>
          <y:LineStyle color="#808080" type="line" width="1.0"/>
          <y:Arrows source="none" target="none"/>
          <y:BendStyle smoothed="false"/>
        </y:PolyLineEdge>
      </data>
    </edge>
    <edge id="e26" source="n16" target="n17">
      <data key="d37"><![CDATA[Iris Future Network]]></data>
      <data key="d39"/>
      <data key="d40">
        <y:PolyLineEdge>
          <y:Path sx="0.0" sy="0.0" tx="0.0" ty="0.0"/>
          <y:LineStyle color="#808080" type="line" width="1.0"/>
          <y:Arrows source="none" target="none"/>
          <y:BendStyle smoothed="false"/>
        </y:PolyLineEdge>
      </data>
    </edge>
    <edge id="e27" source="n17" target="n18">
      <data key="d37"><![CDATA[Iris Network]]></data>
      <data key="d39"/>
      <data key="d40">
        <y:PolyLineEdge>
          <y:Path sx="0.0" sy="0.0" tx="0.0" ty="0.0"/>
          <y:LineStyle color="#808080" type="line" width="1.0"/>
          <y:Arrows source="none" target="none"/>
          <y:BendStyle smoothed="false"/>
        </y:PolyLineEdge>
      </data>
    </edge>
    <edge id="e28" source="n19" target="n34">
      <data key="d37"><![CDATA[Iris Network]]></data>
      <data key="d39"/>
      <data key="d40">
        <y:PolyLineEdge>
          <y:Path sx="0.0" sy="0.0" tx="0.0" ty="0.0"/>
          <y:LineStyle color="#808080" type="line" width="1.0"/>
          <y:Arrows source="none" target="none"/>
          <y:BendStyle smoothed="false"/>
        </y:PolyLineEdge>
      </data>
    </edge>
    <edge id="e29" source="n20" target="n33">
      <data key="d37"><![CDATA[Iris Network]]></data>
      <data key="d39"/>
      <data key="d40">
        <y:PolyLineEdge>
          <y:Path sx="0.0" sy="0.0" tx="0.0" ty="0.0"/>
          <y:LineStyle color="#808080" type="line" width="1.0"/>
          <y:Arrows source="none" target="none"/>
          <y:BendStyle smoothed="false"/>
        </y:PolyLineEdge>
      </data>
    </edge>
    <edge id="e30" source="n21" target="n22">
      <data key="d37"><![CDATA[Iris Network]]></data>
      <data key="d39"/>
      <data key="d40">
        <y:PolyLineEdge>
          <y:Path sx="0.0" sy="0.0" tx="0.0" ty="0.0"/>
          <y:LineStyle color="#808080" type="line" width="1.0"/>
          <y:Arrows source="none" target="none"/>
          <y:BendStyle smoothed="false"/>
        </y:PolyLineEdge>
      </data>
    </edge>
    <edge id="e31" source="n22" target="n30">
      <data key="d37"><![CDATA[Iris Network]]></data>
      <data key="d39"/>
      <data key="d40">
        <y:PolyLineEdge>
          <y:Path sx="0.0" sy="0.0" tx="0.0" ty="0.0"/>
          <y:LineStyle color="#808080" type="line" width="1.0"/>
          <y:Arrows source="none" target="none"/>
          <y:BendStyle smoothed="false"/>
        </y:PolyLineEdge>
      </data>
    </edge>
    <edge id="e32" source="n23" target="n28">
      <data key="d37"><![CDATA[Iris Network]]></data>
      <data key="d39"/>
      <data key="d40">
        <y:PolyLineEdge>
          <y:Path sx="0.0" sy="0.0" tx="0.0" ty="0.0"/>
          <y:LineStyle color="#808080" type="line" width="1.0"/>
          <y:Arrows source="none" target="none"/>
          <y:BendStyle smoothed="false"/>
        </y:PolyLineEdge>
      </data>
    </edge>
    <edge id="e33" source="n23" target="n29">
      <data key="d37"><![CDATA[Iris Future Network]]></data>
      <data key="d39"/>
      <data key="d40">
        <y:PolyLineEdge>
          <y:Path sx="0.0" sy="0.0" tx="0.0" ty="0.0"/>
          <y:LineStyle color="#808080" type="line" width="1.0"/>
          <y:Arrows source="none" target="none"/>
          <y:BendStyle smoothed="false"/>
        </y:PolyLineEdge>
      </data>
    </edge>
    <edge id="e34" source="n23" target="n30">
      <data key="d37"><![CDATA[Iris Network]]></data>
      <data key="d39"/>
      <data key="d40">
        <y:PolyLineEdge>
          <y:Path sx="0.0" sy="0.0" tx="0.0" ty="0.0"/>
          <y:LineStyle color="#808080" type="line" width="1.0"/>
          <y:Arrows source="none" target="none"/>
          <y:BendStyle smoothed="false"/>
        </y:PolyLineEdge>
      </data>
    </edge>
    <edge id="e35" source="n24" target="n25">
      <data key="d37"><![CDATA[Iris Future Network]]></data>
      <data key="d39"/>
      <data key="d40">
        <y:PolyLineEdge>
          <y:Path sx="0.0" sy="0.0" tx="0.0" ty="0.0"/>
          <y:LineStyle color="#808080" type="line" width="1.0"/>
          <y:Arrows source="none" target="none"/>
          <y:BendStyle smoothed="false"/>
        </y:PolyLineEdge>
      </data>
    </edge>
    <edge id="e36" source="n25" target="n26">
      <data key="d37"><![CDATA[Iris Future Network]]></data>
      <data key="d39"/>
      <data key="d40">
        <y:PolyLineEdge>
          <y:Path sx="0.0" sy="0.0" tx="0.0" ty="0.0"/>
          <y:LineStyle color="#808080" type="line" width="1.0"/>
          <y:Arrows source="none" target="none"/>
          <y:BendStyle smoothed="false"/>
        </y:PolyLineEdge>
      </data>
    </edge>
    <edge id="e37" source="n26" target="n28">
      <data key="d37"><![CDATA[Iris Future Network]]></data>
      <data key="d39"/>
      <data key="d40">
        <y:PolyLineEdge>
          <y:Path sx="0.0" sy="0.0" tx="0.0" ty="0.0"/>
          <y:LineStyle color="#808080" type="line" width="1.0"/>
          <y:Arrows source="none" target="none"/>
          <y:BendStyle smoothed="false"/>
        </y:PolyLineEdge>
      </data>
    </edge>
    <edge id="e38" source="n27" target="n47">
      <data key="d37"><![CDATA[Iris Network]]></data>
      <data key="d39"/>
      <data key="d40">
        <y:PolyLineEdge>
          <y:Path sx="0.0" sy="0.0" tx="0.0" ty="0.0"/>
          <y:LineStyle color="#808080" type="line" width="1.0"/>
          <y:Arrows source="none" target="none"/>
          <y:BendStyle smoothed="false"/>
        </y:PolyLineEdge>
      </data>
    </edge>
    <edge id="e39" source="n28" target="n47">
      <data key="d37"><![CDATA[Iris Network]]></data>
      <data key="d39"/>
      <data key="d40">
        <y:PolyLineEdge>
          <y:Path sx="0.0" sy="0.0" tx="0.0" ty="0.0"/>
          <y:LineStyle color="#808080" type="line" width="1.0"/>
          <y:Arrows source="none" target="none"/>
          <y:BendStyle smoothed="false"/>
        </y:PolyLineEdge>
      </data>
    </edge>
    <edge id="e40" source="n29" target="n41">
      <data key="d37"><![CDATA[Iris Future Network]]></data>
      <data key="d39"/>
      <data key="d40">
        <y:PolyLineEdge>
          <y:Path sx="0.0" sy="0.0" tx="0.0" ty="0.0"/>
          <y:LineStyle color="#808080" type="line" width="1.0"/>
          <y:Arrows source="none" target="none"/>
          <y:BendStyle smoothed="false"/>
        </y:PolyLineEdge>
      </data>
    </edge>
    <edge id="e41" source="n30" target="n33">
      <data key="d37"><![CDATA[Iris Network]]></data>
      <data key="d39"/>
      <data key="d40">
        <y:PolyLineEdge>
          <y:Path sx="0.0" sy="0.0" tx="0.0" ty="0.0"/>
          <y:LineStyle color="#808080" type="line" width="1.0"/>
          <y:Arrows source="none" target="none"/>
          <y:BendStyle smoothed="false"/>
        </y:PolyLineEdge>
      </data>
    </edge>
    <edge id="e42" source="n30" target="n42">
      <data key="d37"><![CDATA[Iris Network]]></data>
      <data key="d39"/>
      <data key="d40">
        <y:PolyLineEdge>
          <y:Path sx="0.0" sy="0.0" tx="0.0" ty="0.0"/>
          <y:LineStyle color="#808080" type="line" width="1.0"/>
          <y:Arrows source="none" target="none"/>
          <y:BendStyle smoothed="false"/>
        </y:PolyLineEdge>
      </data>
    </edge>
    <edge id="e43" source="n31" target="n32">
      <data key="d37"><![CDATA[Iris Network]]></data>
      <data key="d39"/>
      <data key="d40">
        <y:PolyLineEdge>
          <y:Path sx="0.0" sy="0.0" tx="0.0" ty="0.0"/>
          <y:LineStyle color="#808080" type="line" width="1.0"/>
          <y:Arrows source="none" target="none"/>
          <y:BendStyle smoothed="false"/>
        </y:PolyLineEdge>
      </data>
    </edge>
    <edge id="e44" source="n31" target="n41">
      <data key="d37"><![CDATA[Iris Network]]></data>
      <data key="d39"/>
      <data key="d40">
        <y:PolyLineEdge>
          <y:Path sx="0.0" sy="0.0" tx="0.0" ty="0.0"/>
          <y:LineStyle color="#808080" type="line" width="1.0"/>
          <y:Arrows source="none" target="none"/>
          <y:BendStyle smoothed="false"/>
        </y:PolyLineEdge>
      </data>
    </edge>
    <edge id="e45" source="n31" target="n35">
      <data key="d37"><![CDATA[Iris Network]]></data>
      <data key="d39"/>
      <data key="d40">
        <y:PolyLineEdge>
          <y:Path sx="0.0" sy="0.0" tx="0.0" ty="0.0"/>
          <y:LineStyle color="#808080" type="line" width="1.0"/>
          <y:Arrows source="none" target="none"/>
          <y:BendStyle smoothed="false"/>
        </y:PolyLineEdge>
      </data>
    </edge>
    <edge id="e46" source="n32" target="n33">
      <data key="d37"><![CDATA[Iris Network]]></data>
      <data key="d39"/>
      <data key="d40">
        <y:PolyLineEdge>
          <y:Path sx="0.0" sy="0.0" tx="0.0" ty="0.0"/>
          <y:LineStyle color="#808080" type="line" width="1.0"/>
          <y:Arrows source="none" target="none"/>
          <y:BendStyle smoothed="false"/>
        </y:PolyLineEdge>
      </data>
    </edge>
    <edge id="e47" source="n33" target="n34">
      <data key="d37"><![CDATA[Iris Network]]></data>
      <data key="d39"/>
      <data key="d40">
        <y:PolyLineEdge>
          <y:Path sx="0.0" sy="0.0" tx="0.0" ty="0.0"/>
          <y:LineStyle color="#808080" type="line" width="1.0"/>
          <y:Arrows source="none" target="none"/>
          <y:BendStyle smoothed="false"/>
        </y:PolyLineEdge>
      </data>
    </edge>
    <edge id="e48" source="n35" target="n36">
      <data key="d37"><![CDATA[Iris Network]]></data>
      <data key="d39"/>
      <data key="d40">
        <y:PolyLineEdge>
          <y:Path sx="0.0" sy="0.0" tx="0.0" ty="0.0"/>
          <y:LineStyle color="#808080" type="line" width="1.0"/>
          <y:Arrows source="none" target="none"/>
          <y:BendStyle smoothed="false"/>
        </y:PolyLineEdge>
      </data>
    </edge>
    <edge id="e49" source="n36" target="n37">
      <data key="d37"><![CDATA[Iris Network]]></data>
      <data key="d39"/>
      <data key="d40">
        <y:PolyLineEdge>
          <y:Path sx="0.0" sy="0.0" tx="0.0" ty="0.0"/>
          <y:LineStyle color="#808080" type="line" width="1.0"/>
          <y:Arrows source="none" target="none"/>
          <y:BendStyle smoothed="false"/>
        </y:PolyLineEdge>
      </data>
    </edge>
    <edge id="e50" source="n37" target="n38">
      <data key="d37"><![CDATA[Iris Network]]></data>
      <data key="d39"/>
      <data key="d40">
        <y:PolyLineEdge>
          <y:Path sx="0.0" sy="0.0" tx="0.0" ty="0.0"/>
          <y:LineStyle color="#808080" type="line" width="1.0"/>
          <y:Arrows source="none" target="none"/>
          <y:BendStyle smoothed="false"/>
        </y:PolyLineEdge>
      </data>
    </edge>
    <edge id="e51" source="n38" target="n39">
      <data key="d37"><![CDATA[Iris Network]]></data>
      <data key="d39"/>
      <data key="d40">
        <y:PolyLineEdge>
          <y:Path sx="0.0" sy="0.0" tx="0.0" ty="0.0"/>
          <y:LineStyle color="#808080" type="line" width="1.0"/>
          <y:Arrows source="none" target="none"/>
          <y:BendStyle smoothed="false"/>
        </y:PolyLineEdge>
      </data>
    </edge>
    <edge id="e52" source="n39" target="n40">
      <data key="d37"><![CDATA[Iris Network]]></data>
      <data key="d39"/>
      <data key="d40">
        <y:PolyLineEdge>
          <y:Path sx="0.0" sy="0.0" tx="0.0" ty="0.0"/>
          <y:LineStyle color="#808080" type="line" width="1.0"/>
          <y:Arrows source="none" target="none"/>
          <y:BendStyle smoothed="false"/>
        </y:PolyLineEdge>
      </data>
    </edge>
    <edge id="e53" source="n40" target="n41">
      <data key="d37"><![CDATA[Iris Network]]></data>
      <data key="d39"/>
      <data key="d40">
        <y:PolyLineEdge>
          <y:Path sx="0.0" sy="0.0" tx="0.0" ty="0.0"/>
          <y:LineStyle color="#808080" type="line" width="1.0"/>
          <y:Arrows source="none" target="none"/>
          <y:BendStyle smoothed="false"/>
        </y:PolyLineEdge>
      </data>
    </edge>
    <edge id="e54" source="n41" target="n42">
      <data key="d37"><![CDATA[Iris Network]]></data>
      <data key="d39"/>
      <data key="d40">
        <y:PolyLineEdge>
          <y:Path sx="0.0" sy="0.0" tx="0.0" ty="0.0"/>
          <y:LineStyle color="#808080" type="line" width="1.0"/>
          <y:Arrows source="none" target="none"/>
          <y:BendStyle smoothed="false"/>
        </y:PolyLineEdge>
      </data>
    </edge>
    <edge id="e55" source="n41" target="n44">
      <data key="d37"><![CDATA[Iris Network]]></data>
      <data key="d39"/>
      <data key="d40">
        <y:PolyLineEdge>
          <y:Path sx="0.0" sy="0.0" tx="0.0" ty="0.0"/>
          <y:LineStyle color="#808080" type="line" width="1.0"/>
          <y:Arrows source="none" target="none"/>
          <y:BendStyle smoothed="false"/>
        </y:PolyLineEdge>
      </data>
    </edge>
    <edge id="e56" source="n42" target="n43">
      <data key="d37"><![CDATA[Iris Network]]></data>
      <data key="d39"/>
      <data key="d40">
        <y:PolyLineEdge>
          <y:Path sx="0.0" sy="0.0" tx="0.0" ty="0.0"/>
          <y:LineStyle color="#808080" type="line" width="1.0"/>
          <y:Arrows source="none" target="none"/>
          <y:BendStyle smoothed="false"/>
        </y:PolyLineEdge>
      </data>
    </edge>
    <edge id="e57" source="n43" target="n44">
      <data key="d37"><![CDATA[Iris Network]]></data>
      <data key="d39"/>
      <data key="d40">
        <y:PolyLineEdge>
          <y:Path sx="0.0" sy="0.0" tx="0.0" ty="0.0"/>
          <y:LineStyle color="#808080" type="line" width="1.0"/>
          <y:Arrows source="none" target="none"/>
          <y:BendStyle smoothed="false"/>
        </y:PolyLineEdge>
      </data>
    </edge>
    <edge id="e58" source="n44" target="n45">
      <data key="d37"><![CDATA[Iris Network]]></data>
      <data key="d39"/>
      <data key="d40">
        <y:PolyLineEdge>
          <y:Path sx="0.0" sy="0.0" tx="0.0" ty="0.0"/>
          <y:LineStyle color="#808080" type="line" width="1.0"/>
          <y:Arrows source="none" target="none"/>
          <y:BendStyle smoothed="false"/>
        </y:PolyLineEdge>
      </data>
    </edge>
    <edge id="e59" source="n45" target="n46">
      <data key="d37"><![CDATA[Iris Network]]></data>
      <data key="d39"/>
      <data key="d40">
        <y:PolyLineEdge>
          <y:Path sx="0.0" sy="0.0" tx="0.0" ty="0.0"/>
          <y:LineStyle color="#808080" type="line" width="1.0"/>
          <y:Arrows source="none" target="none"/>
          <y:BendStyle smoothed="false"/>
        </y:PolyLineEdge>
      </data>
    </edge>
    <edge id="e60" source="n46" target="n47">
      <data key="d37"><![CDATA[Iris Network]]></data>
      <data key="d39"/>
      <data key="d40">
        <y:PolyLineEdge>
          <y:Path sx="0.0" sy="0.0" tx="0.0" ty="0.0"/>
          <y:LineStyle color="#808080" type="line" width="1.0"/>
          <y:Arrows source="none" target="none"/>
          <y:BendStyle smoothed="false"/>
        </y:PolyLineEdge>
      </data>
    </edge>
    <edge id="e61" source="n47" target="n50">
      <data key="d37"><![CDATA[Iris Network]]></data>
      <data key="d39"/>
      <data key="d40">
        <y:PolyLineEdge>
          <y:Path sx="0.0" sy="0.0" tx="0.0" ty="0.0"/>
          <y:LineStyle color="#808080" type="line" width="1.0"/>
          <y:Arrows source="none" target="none"/>
          <y:BendStyle smoothed="false"/>
        </y:PolyLineEdge>
      </data>
    </edge>
    <edge id="e62" source="n48" target="n49">
      <data key="d37"><![CDATA[Iris Network]]></data>
      <data key="d39"/>
      <data key="d40">
        <y:PolyLineEdge>
          <y:Path sx="0.0" sy="0.0" tx="0.0" ty="0.0"/>
          <y:LineStyle color="#808080" type="line" width="1.0"/>
          <y:Arrows source="none" target="none"/>
          <y:BendStyle smoothed="false"/>
        </y:PolyLineEdge>
      </data>
    </edge>
    <edge id="e63" source="n48" target="n50">
      <data key="d37"><![CDATA[Iris Network]]></data>
      <data key="d39"/>
      <data key="d40">
        <y:PolyLineEdge>
          <y:Path sx="0.0" sy="0.0" tx="0.0" ty="0.0"/>
          <y:LineStyle color="#808080" type="line" width="1.0"/>
          <y:Arrows source="none" target="none"/>
          <y:BendStyle smoothed="false"/>
        </y:PolyLineEdge>
      </data>
    </edge>
  </graph>
  <data key="d0">
    <y:Resources/>
  </data>
</graphml>
