<?xml version="1.0" encoding="UTF-8" standalone="no"?>
<graphml xmlns="http://graphml.graphdrawing.org/xmlns" xmlns:xsi="http://www.w3.org/2001/XMLSchema-instance" xmlns:y="http://www.yworks.com/xml/graphml" xmlns:yed="http://www.yworks.com/xml/yed/3" xsi:schemaLocation="http://graphml.graphdrawing.org/xmlns http://www.yworks.com/xml/schema/graphml/1.1/ygraphml.xsd">
  <!--Created by yFiles for Java 2.8-->
  <key for="graphml" id="d0" yfiles.type="resources"/>
  <key for="port" id="d1" yfiles.type="portgraphics"/>
  <key for="port" id="d2" yfiles.type="portgeometry"/>
  <key for="port" id="d3" yfiles.type="portuserdata"/>
  <key attr.name="Internal" attr.type="boolean" for="node" id="d4"/>
  <key attr.name="geocode_id" attr.type="string" for="node" id="d5"/>
  <key attr.name="geocode_name" attr.type="string" for="node" id="d6"/>
  <key attr.name="hyperedge" attr.type="boolean" for="node" id="d7"/>
  <key attr.name="url" attr.type="string" for="node" id="d8"/>
  <key attr.name="description" attr.type="string" for="node" id="d9"/>
  <key for="node" id="d10" yfiles.type="nodegraphics"/>
  <key attr.name="Access" attr.type="boolean" for="graph" id="d11"/>
  <key attr.name="Backbone" attr.type="boolean" for="graph" id="d12"/>
  <key attr.name="Commercial" attr.type="boolean" for="graph" id="d13"/>
  <key attr.name="Creator" attr.type="string" for="graph" id="d14"/>
  <key attr.name="Customer" attr.type="boolean" for="graph" id="d15"/>
  <key attr.name="DateModifier" attr.type="string" for="graph" id="d16"/>
  <key attr.name="DateMonth" attr.type="int" for="graph" id="d17"/>
  <key attr.name="DateObtained" attr.type="string" for="graph" id="d18"/>
  <key attr.name="DateType" attr.type="string" for="graph" id="d19"/>
  <key attr.name="DateYear" attr.type="string" for="graph" id="d20"/>
  <key attr.name="Developed" attr.type="boolean" for="graph" id="d21"/>
  <key attr.name="GeoExtent" attr.type="string" for="graph" id="d22"/>
  <key attr.name="GeoLocation" attr.type="string" for="graph" id="d23"/>
  <key attr.name="IX" attr.type="boolean" for="graph" id="d24"/>
  <key attr.name="LastAccess" attr.type="string" for="graph" id="d25"/>
  <key attr.name="LastProcessed" attr.type="string" for="graph" id="d26"/>
  <key attr.name="Layer" attr.type="string" for="graph" id="d27"/>
  <key attr.name="Network" attr.type="string" for="graph" id="d28"/>
  <key attr.name="NetworkDate" attr.type="string" for="graph" id="d29"/>
  <key attr.name="Note" attr.type="string" for="graph" id="d30"/>
  <key attr.name="Provenance" attr.type="string" for="graph" id="d31"/>
  <key attr.name="Source" attr.type="string" for="graph" id="d32"/>
  <key attr.name="Testbed" attr.type="boolean" for="graph" id="d33"/>
  <key attr.name="Transit" attr.type="boolean" for="graph" id="d34"/>
  <key attr.name="Type" attr.type="string" for="graph" id="d35"/>
  <key attr.name="Version" attr.type="string" for="graph" id="d36"/>
  <key attr.name="url" attr.type="string" for="edge" id="d37"/>
  <key attr.name="description" attr.type="string" for="edge" id="d38"/>
  <key for="edge" id="d39" yfiles.type="edgegraphics"/>
  <graph edgedefault="directed" id="G">
    <data key="d11">false</data>
    <data key="d12">true</data>
    <data key="d13">false</data>
    <data key="d14"><![CDATA[Topology Zoo Toolset]]></data>
    <data key="d15">true</data>
    <data key="d16"><![CDATA[=]]></data>
    <data key="d17">0</data>
    <data key="d18"><![CDATA[22/10/10]]></data>
    <data key="d19"><![CDATA[Historic]]></data>
    <data key="d20"><![CDATA[2009]]></data>
    <data key="d21">true</data>
    <data key="d22"><![CDATA[Country]]></data>
    <data key="d23"><![CDATA[Japan]]></data>
    <data key="d24">false</data>
    <data key="d25"><![CDATA[3/08/10]]></data>
    <data key="d26"><![CDATA[2011_09_01]]></data>
    <data key="d27"><![CDATA[IP]]></data>
    <data key="d28"><![CDATA[JGN2plus-Japan]]></data>
    <data key="d29"><![CDATA[2009]]></data>
    <data key="d30"><![CDATA[National links have capacity between 1Gb/s to 20Gb/s]]></data>
    <data key="d31"><![CDATA[Primary]]></data>
    <data key="d32"><![CDATA[http://www.jgn.nict.go.jp/english/about_us/nw.html]]></data>
    <data key="d33">true</data>
    <data key="d34">false</data>
    <data key="d35"><![CDATA[REN]]></data>
    <data key="d36"><![CDATA[1.0]]></data>
    <node id="n0">
      <data key="d4">true</data>
      <data key="d5"/>
      <data key="d6"/>
      <data key="d9"/>
      <data key="d10">
        <y:ShapeNode>
          <y:Geometry height="30.0" width="69.236328125" x="319.0" y="78.0"/>
          <y:Fill color="#FFCC00" transparent="false"/>
          <y:BorderStyle color="#000000" type="line" width="1.0"/>
          <y:NodeLabel alignment="center" autoSizePolicy="content" fontFamily="Dialog" fontSize="8" fontStyle="plain" hasBackgroundColor="false" hasLineColor="false" height="13.421875" modelName="internal" modelPosition="c" textColor="#000000" visible="true" width="40.82421875" x="14.2060546875" y="8.2890625">Hokkaido</y:NodeLabel>
          <y:Shape type="ellipse"/>
        </y:ShapeNode>
      </data>
    </node>
    <node id="n1">
      <data key="d4">true</data>
      <data key="d5"/>
      <data key="d6"><![CDATA[Sendai]]></data>
      <data key="d9"/>
      <data key="d10">
        <y:ShapeNode>
          <y:Geometry height="30.0" width="58.23828125" x="319.0" y="240.0"/>
          <y:Fill color="#FFCC00" transparent="false"/>
          <y:BorderStyle color="#000000" type="line" width="1.0"/>
          <y:NodeLabel alignment="center" autoSizePolicy="content" fontFamily="Dialog" fontSize="8" fontStyle="plain" hasBackgroundColor="false" hasLineColor="false" height="13.421875" modelName="internal" modelPosition="c" textColor="#000000" visible="true" width="33.4921875" x="12.373046875" y="8.2890625">Tohoku</y:NodeLabel>
          <y:Shape type="ellipse"/>
        </y:ShapeNode>
      </data>
    </node>
    <node id="n2">
      <data key="d4">true</data>
      <data key="d5"/>
      <data key="d6"/>
      <data key="d9"/>
      <data key="d10">
        <y:ShapeNode>
          <y:Geometry height="30.0" width="49.61328125" x="290.0" y="330.0"/>
          <y:Fill color="#FFCC00" transparent="false"/>
          <y:BorderStyle color="#000000" type="line" width="1.0"/>
          <y:NodeLabel alignment="center" autoSizePolicy="content" fontFamily="Dialog" fontSize="8" fontStyle="plain" hasBackgroundColor="false" hasLineColor="false" height="13.421875" modelName="internal" modelPosition="c" textColor="#000000" visible="true" width="27.7421875" x="10.935546875" y="8.2890625">Tokyo</y:NodeLabel>
          <y:Shape type="ellipse"/>
        </y:ShapeNode>
      </data>
    </node>
    <node id="n3">
      <data key="d4">false</data>
      <data key="d5"/>
      <data key="d6"/>
      <data key="d9"/>
      <data key="d10">
        <y:ShapeNode>
          <y:Geometry height="30.0" width="60.845703125" x="432.0" y="270.0"/>
          <y:Fill color="#FFCC00" transparent="false"/>
          <y:BorderStyle color="#000000" type="line" width="1.0"/>
          <y:NodeLabel alignment="center" autoSizePolicy="content" fontFamily="Dialog" fontSize="8" fontStyle="plain" hasBackgroundColor="false" hasLineColor="false" height="13.421875" modelName="internal" modelPosition="c" textColor="#000000" visible="true" width="35.23046875" x="12.8076171875" y="8.2890625">Chicago</y:NodeLabel>
          <y:Shape type="triangle"/>
        </y:ShapeNode>
      </data>
    </node>
    <node id="n4">
      <data key="d4">false</data>
      <data key="d5"/>
      <data key="d6"/>
      <data key="d9"/>
      <data key="d10">
        <y:ShapeNode>
          <y:Geometry height="30.0" width="83.849609375" x="416.577148438" y="330.0"/>
          <y:Fill color="#FFCC00" transparent="false"/>
          <y:BorderStyle color="#000000" type="line" width="1.0"/>
          <y:NodeLabel alignment="center" autoSizePolicy="content" fontFamily="Dialog" fontSize="8" fontStyle="plain" hasBackgroundColor="false" hasLineColor="false" height="13.421875" modelName="internal" modelPosition="c" textColor="#000000" visible="true" width="50.56640625" x="16.6416015625" y="8.2890625">Los Angeles</y:NodeLabel>
          <y:Shape type="triangle"/>
        </y:ShapeNode>
      </data>
    </node>
    <node id="n5">
      <data key="d4">true</data>
      <data key="d5"/>
      <data key="d6"/>
      <data key="d7">true</data>
      <data key="d9"/>
      <data key="d10">
        <y:ShapeNode>
          <y:Geometry height="30.0" width="30.0" x="377.0" y="310.0"/>
          <y:Fill color="#FFCC00" transparent="false"/>
          <y:BorderStyle color="#000000" type="line" width="1.0"/>
          <y:NodeLabel alignment="center" autoSizePolicy="content" fontFamily="Dialog" fontSize="8" fontStyle="plain" hasBackgroundColor="false" hasLineColor="false" hasText="false" height="4.0" modelName="internal" modelPosition="c" textColor="#000000" visible="true" width="4.0" x="13.0" y="13.0"/>
          <y:Shape type="octagon"/>
        </y:ShapeNode>
      </data>
    </node>
    <node id="n6">
      <data key="d4">false</data>
      <data key="d5"/>
      <data key="d6"/>
      <data key="d9"/>
      <data key="d10">
        <y:ShapeNode>
          <y:Geometry height="30.0" width="72.0078125" x="180.0" y="584.0"/>
          <y:Fill color="#FFCC00" transparent="false"/>
          <y:BorderStyle color="#000000" type="line" width="1.0"/>
          <y:NodeLabel alignment="center" autoSizePolicy="content" fontFamily="Dialog" fontSize="8" fontStyle="plain" hasBackgroundColor="false" hasLineColor="false" height="13.421875" modelName="internal" modelPosition="c" textColor="#000000" visible="true" width="42.671875" x="14.66796875" y="8.2890625">Singapore</y:NodeLabel>
          <y:Shape type="triangle"/>
        </y:ShapeNode>
      </data>
    </node>
    <node id="n7">
      <data key="d4">false</data>
      <data key="d5"/>
      <data key="d6"/>
      <data key="d9"/>
      <data key="d10">
        <y:ShapeNode>
          <y:Geometry height="30.0" width="63.857421875" x="135.0" y="540.0"/>
          <y:Fill color="#FFCC00" transparent="false"/>
          <y:BorderStyle color="#000000" type="line" width="1.0"/>
          <y:NodeLabel alignment="center" autoSizePolicy="content" fontFamily="Dialog" fontSize="8" fontStyle="plain" hasBackgroundColor="false" hasLineColor="false" height="13.421875" modelName="internal" modelPosition="c" textColor="#000000" visible="true" width="37.23828125" x="13.3095703125" y="8.2890625">Bangkok</y:NodeLabel>
          <y:Shape type="triangle"/>
        </y:ShapeNode>
      </data>
    </node>
    <node id="n8">
      <data key="d4">false</data>
      <data key="d5"/>
      <data key="d6"/>
      <data key="d9"/>
      <data key="d10">
        <y:ShapeNode>
          <y:Geometry height="30.0" width="74.43359375" x="150.0" y="480.0"/>
          <y:Fill color="#FFCC00" transparent="false"/>
          <y:BorderStyle color="#000000" type="line" width="1.0"/>
          <y:NodeLabel alignment="center" autoSizePolicy="content" fontFamily="Dialog" fontSize="8" fontStyle="plain" hasBackgroundColor="false" hasLineColor="false" height="13.421875" modelName="internal" modelPosition="c" textColor="#000000" visible="true" width="44.2890625" x="15.072265625" y="8.2890625">Hongkong</y:NodeLabel>
          <y:Shape type="triangle"/>
        </y:ShapeNode>
      </data>
    </node>
    <node id="n9">
      <data key="d4">true</data>
      <data key="d5"/>
      <data key="d6"/>
      <data key="d9"/>
      <data key="d10">
        <y:ShapeNode>
          <y:Geometry height="30.0" width="63.751953125" x="30.0" y="491.0"/>
          <y:Fill color="#FFCC00" transparent="false"/>
          <y:BorderStyle color="#000000" type="line" width="1.0"/>
          <y:NodeLabel alignment="center" autoSizePolicy="content" fontFamily="Dialog" fontSize="8" fontStyle="plain" hasBackgroundColor="false" hasLineColor="false" height="13.421875" modelName="internal" modelPosition="c" textColor="#000000" visible="true" width="37.16796875" x="13.2919921875" y="8.2890625">Okinawa</y:NodeLabel>
          <y:Shape type="ellipse"/>
        </y:ShapeNode>
      </data>
    </node>
    <node id="n10">
      <data key="d4">true</data>
      <data key="d5"/>
      <data key="d6"/>
      <data key="d9"/>
      <data key="d10">
        <y:ShapeNode>
          <y:Geometry height="30.0" width="56.5625" x="90.0" y="376.0"/>
          <y:Fill color="#FFCC00" transparent="false"/>
          <y:BorderStyle color="#000000" type="line" width="1.0"/>
          <y:NodeLabel alignment="center" autoSizePolicy="content" fontFamily="Dialog" fontSize="8" fontStyle="plain" hasBackgroundColor="false" hasLineColor="false" height="13.421875" modelName="internal" modelPosition="c" textColor="#000000" visible="true" width="32.375" x="12.09375" y="8.2890625">Kyushu</y:NodeLabel>
          <y:Shape type="ellipse"/>
        </y:ShapeNode>
      </data>
    </node>
    <node id="n11">
      <data key="d4">true</data>
      <data key="d5"><![CDATA[1852487]]></data>
      <data key="d6"/>
      <data key="d9"/>
      <data key="d10">
        <y:ShapeNode>
          <y:Geometry height="30.0" width="60.224609375" x="150.0" y="420.0"/>
          <y:Fill color="#FFCC00" transparent="false"/>
          <y:BorderStyle color="#000000" type="line" width="1.0"/>
          <y:NodeLabel alignment="center" autoSizePolicy="content" fontFamily="Dialog" fontSize="8" fontStyle="plain" hasBackgroundColor="false" hasLineColor="false" height="13.421875" modelName="internal" modelPosition="c" textColor="#000000" visible="true" width="34.81640625" x="12.7041015625" y="8.2890625">Shikoku</y:NodeLabel>
          <y:Shape type="ellipse"/>
        </y:ShapeNode>
      </data>
    </node>
    <node id="n12">
      <data key="d4">true</data>
      <data key="d5"/>
      <data key="d6"/>
      <data key="d9"/>
      <data key="d10">
        <y:ShapeNode>
          <y:Geometry height="30.0" width="66.51171875" x="133.28125" y="330.0"/>
          <y:Fill color="#FFCC00" transparent="false"/>
          <y:BorderStyle color="#000000" type="line" width="1.0"/>
          <y:NodeLabel alignment="center" autoSizePolicy="content" fontFamily="Dialog" fontSize="8" fontStyle="plain" hasBackgroundColor="false" hasLineColor="false" height="13.421875" modelName="internal" modelPosition="c" textColor="#000000" visible="true" width="39.0078125" x="13.751953125" y="8.2890625">Chugoku</y:NodeLabel>
          <y:Shape type="ellipse"/>
        </y:ShapeNode>
      </data>
    </node>
    <node id="n13">
      <data key="d4">true</data>
      <data key="d5"/>
      <data key="d6"/>
      <data key="d9"/>
      <data key="d10">
        <y:ShapeNode>
          <y:Geometry height="30.0" width="43.232421875" x="181.537109375" y="372.0"/>
          <y:Fill color="#FFCC00" transparent="false"/>
          <y:BorderStyle color="#000000" type="line" width="1.0"/>
          <y:NodeLabel alignment="center" autoSizePolicy="content" fontFamily="Dialog" fontSize="8" fontStyle="plain" hasBackgroundColor="false" hasLineColor="false" height="13.421875" modelName="internal" modelPosition="c" textColor="#000000" visible="true" width="23.48828125" x="9.8720703125" y="8.2890625">Kinki</y:NodeLabel>
          <y:Shape type="ellipse"/>
        </y:ShapeNode>
      </data>
    </node>
    <node id="n14">
      <data key="d4">true</data>
      <data key="d5"/>
      <data key="d6"><![CDATA[Tokai-shi]]></data>
      <data key="d9"/>
      <data key="d10">
        <y:ShapeNode>
          <y:Geometry height="30.0" width="46.068359375" x="218.153320312" y="330.0"/>
          <y:Fill color="#FFCC00" transparent="false"/>
          <y:BorderStyle color="#000000" type="line" width="1.0"/>
          <y:NodeLabel alignment="center" autoSizePolicy="content" fontFamily="Dialog" fontSize="8" fontStyle="plain" hasBackgroundColor="false" hasLineColor="false" height="13.421875" modelName="internal" modelPosition="c" textColor="#000000" visible="true" width="25.37890625" x="10.3447265625" y="8.2890625">Tokai</y:NodeLabel>
          <y:Shape type="ellipse"/>
        </y:ShapeNode>
      </data>
    </node>
    <node id="n15">
      <data key="d4">true</data>
      <data key="d5"/>
      <data key="d6"/>
      <data key="d9"/>
      <data key="d10">
        <y:ShapeNode>
          <y:Geometry height="30.0" width="67.490234375" x="190.34765625" y="288.0"/>
          <y:Fill color="#FFCC00" transparent="false"/>
          <y:BorderStyle color="#000000" type="line" width="1.0"/>
          <y:NodeLabel alignment="center" autoSizePolicy="content" fontFamily="Dialog" fontSize="8" fontStyle="plain" hasBackgroundColor="false" hasLineColor="false" height="13.421875" modelName="internal" modelPosition="c" textColor="#000000" visible="true" width="39.66015625" x="13.9150390625" y="8.2890625">Hokuriku</y:NodeLabel>
          <y:Shape type="ellipse"/>
        </y:ShapeNode>
      </data>
    </node>
    <node id="n16">
      <data key="d4">true</data>
      <data key="d5"/>
      <data key="d6"/>
      <data key="d9"/>
      <data key="d10">
        <y:ShapeNode>
          <y:Geometry height="30.0" width="63.564453125" x="258.098632812" y="280.799987793"/>
          <y:Fill color="#FFCC00" transparent="false"/>
          <y:BorderStyle color="#000000" type="line" width="1.0"/>
          <y:NodeLabel alignment="center" autoSizePolicy="content" fontFamily="Dialog" fontSize="8" fontStyle="plain" hasBackgroundColor="false" hasLineColor="false" height="13.421875" modelName="internal" modelPosition="c" textColor="#000000" visible="true" width="37.04296875" x="13.2607421875" y="8.2890625">Shinetsu</y:NodeLabel>
          <y:Shape type="ellipse"/>
        </y:ShapeNode>
      </data>
    </node>
    <node id="n17">
      <data key="d4">false</data>
      <data key="d5"/>
      <data key="d6"/>
      <data key="d9"/>
      <data key="d10">
        <y:ShapeNode>
          <y:Geometry height="30.0" width="48.541015625" x="30.0" y="315.0"/>
          <y:Fill color="#FFCC00" transparent="false"/>
          <y:BorderStyle color="#000000" type="line" width="1.0"/>
          <y:NodeLabel alignment="center" autoSizePolicy="content" fontFamily="Dialog" fontSize="8" fontStyle="plain" hasBackgroundColor="false" hasLineColor="false" height="13.421875" modelName="internal" modelPosition="c" textColor="#000000" visible="true" width="27.02734375" x="10.7568359375" y="8.2890625">Busan</y:NodeLabel>
          <y:Shape type="triangle"/>
        </y:ShapeNode>
      </data>
    </node>
    <edge id="e0" source="n0" target="n1">
      <data key="d38"/>
      <data key="d39">
        <y:PolyLineEdge>
          <y:Path sx="0.0" sy="0.0" tx="0.0" ty="0.0"/>
          <y:LineStyle color="#000000" type="line" width="1.0"/>
          <y:Arrows source="none" target="none"/>
          <y:BendStyle smoothed="false"/>
        </y:PolyLineEdge>
      </data>
    </edge>
    <edge id="e1" source="n1" target="n2">
      <data key="d38"/>
      <data key="d39">
        <y:PolyLineEdge>
          <y:Path sx="0.0" sy="0.0" tx="0.0" ty="0.0"/>
          <y:LineStyle color="#000000" type="line" width="1.0"/>
          <y:Arrows source="none" target="none"/>
          <y:BendStyle smoothed="false"/>
        </y:PolyLineEdge>
      </data>
    </edge>
    <edge id="e2" source="n2" target="n5">
      <data key="d38"/>
      <data key="d39">
        <y:PolyLineEdge>
          <y:Path sx="0.0" sy="0.0" tx="0.0" ty="0.0"/>
          <y:LineStyle color="#000000" type="line" width="1.0"/>
          <y:Arrows source="none" target="none"/>
          <y:BendStyle smoothed="false"/>
        </y:PolyLineEdge>
      </data>
    </edge>
    <edge id="e3" source="n2" target="n6">
      <data key="d38"/>
      <data key="d39">
        <y:PolyLineEdge>
          <y:Path sx="0.0" sy="0.0" tx="0.0" ty="0.0">
            <y:Point x="338.799987793" y="450.0"/>
          </y:Path>
          <y:LineStyle color="#000000" type="line" width="1.0"/>
          <y:Arrows source="none" target="none"/>
          <y:BendStyle smoothed="false"/>
        </y:PolyLineEdge>
      </data>
    </edge>
    <edge id="e4" source="n2" target="n7">
      <data key="d38"/>
      <data key="d39">
        <y:PolyLineEdge>
          <y:Path sx="0.0" sy="0.0" tx="0.0" ty="0.0">
            <y:Point x="230.0" y="480.0"/>
          </y:Path>
          <y:LineStyle color="#000000" type="line" width="1.0"/>
          <y:Arrows source="none" target="none"/>
          <y:BendStyle smoothed="false"/>
        </y:PolyLineEdge>
      </data>
    </edge>
    <edge id="e5" source="n2" target="n8">
      <data key="d38"/>
      <data key="d39">
        <y:PolyLineEdge>
          <y:Path sx="0.0" sy="0.0" tx="0.0" ty="0.0"/>
          <y:LineStyle color="#000000" type="line" width="1.0"/>
          <y:Arrows source="none" target="none"/>
          <y:BendStyle smoothed="false"/>
        </y:PolyLineEdge>
      </data>
    </edge>
    <edge id="e6" source="n2" target="n14">
      <data key="d38"/>
      <data key="d39">
        <y:PolyLineEdge>
          <y:Path sx="0.0" sy="0.0" tx="0.0" ty="0.0"/>
          <y:LineStyle color="#000000" type="line" width="1.0"/>
          <y:Arrows source="none" target="none"/>
          <y:BendStyle smoothed="false"/>
        </y:PolyLineEdge>
      </data>
    </edge>
    <edge id="e7" source="n2" target="n15">
      <data key="d38"/>
      <data key="d39">
        <y:PolyLineEdge>
          <y:Path sx="0.0" sy="0.0" tx="0.0" ty="0.0"/>
          <y:LineStyle color="#000000" type="line" width="1.0"/>
          <y:Arrows source="none" target="none"/>
          <y:BendStyle smoothed="false"/>
        </y:PolyLineEdge>
      </data>
    </edge>
    <edge id="e8" source="n2" target="n16">
      <data key="d38"/>
      <data key="d39">
        <y:PolyLineEdge>
          <y:Path sx="0.0" sy="0.0" tx="0.0" ty="0.0"/>
          <y:LineStyle color="#000000" type="line" width="1.0"/>
          <y:Arrows source="none" target="none"/>
          <y:BendStyle smoothed="false"/>
        </y:PolyLineEdge>
      </data>
    </edge>
    <edge id="e9" source="n3" target="n5">
      <data key="d38"/>
      <data key="d39">
        <y:PolyLineEdge>
          <y:Path sx="0.0" sy="0.0" tx="0.0" ty="0.0"/>
          <y:LineStyle color="#000000" type="line" width="1.0"/>
          <y:Arrows source="none" target="none"/>
          <y:BendStyle smoothed="false"/>
        </y:PolyLineEdge>
      </data>
    </edge>
    <edge id="e10" source="n4" target="n5">
      <data key="d38"/>
      <data key="d39">
        <y:PolyLineEdge>
          <y:Path sx="0.0" sy="0.0" tx="0.0" ty="0.0"/>
          <y:LineStyle color="#000000" type="line" width="1.0"/>
          <y:Arrows source="none" target="none"/>
          <y:BendStyle smoothed="false"/>
        </y:PolyLineEdge>
      </data>
    </edge>
    <edge id="e11" source="n9" target="n10">
      <data key="d38"/>
      <data key="d39">
        <y:PolyLineEdge>
          <y:Path sx="0.0" sy="0.0" tx="0.0" ty="0.0"/>
          <y:LineStyle color="#000000" type="line" width="1.0"/>
          <y:Arrows source="none" target="none"/>
          <y:BendStyle smoothed="false"/>
        </y:PolyLineEdge>
      </data>
    </edge>
    <edge id="e12" source="n10" target="n12">
      <data key="d38"/>
      <data key="d39">
        <y:PolyLineEdge>
          <y:Path sx="0.0" sy="0.0" tx="0.0" ty="0.0"/>
          <y:LineStyle color="#000000" type="line" width="1.0"/>
          <y:Arrows source="none" target="none"/>
          <y:BendStyle smoothed="false"/>
        </y:PolyLineEdge>
      </data>
    </edge>
    <edge id="e13" source="n10" target="n17">
      <data key="d38"/>
      <data key="d39">
        <y:PolyLineEdge>
          <y:Path sx="0.0" sy="0.0" tx="0.0" ty="0.0">
            <y:Point x="45.2000007629" y="360.0"/>
          </y:Path>
          <y:LineStyle color="#000000" type="line" width="1.0"/>
          <y:Arrows source="none" target="none"/>
          <y:BendStyle smoothed="false"/>
        </y:PolyLineEdge>
      </data>
    </edge>
    <edge id="e14" source="n11" target="n13">
      <data key="d38"/>
      <data key="d39">
        <y:PolyLineEdge>
          <y:Path sx="0.0" sy="0.0" tx="0.0" ty="0.0"/>
          <y:LineStyle color="#000000" type="line" width="1.0"/>
          <y:Arrows source="none" target="none"/>
          <y:BendStyle smoothed="false"/>
        </y:PolyLineEdge>
      </data>
    </edge>
    <edge id="e15" source="n12" target="n13">
      <data key="d38"/>
      <data key="d39">
        <y:PolyLineEdge>
          <y:Path sx="0.0" sy="0.0" tx="0.0" ty="0.0"/>
          <y:LineStyle color="#000000" type="line" width="1.0"/>
          <y:Arrows source="none" target="none"/>
          <y:BendStyle smoothed="false"/>
        </y:PolyLineEdge>
      </data>
    </edge>
    <edge id="e16" source="n13" target="n14">
      <data key="d38"/>
      <data key="d39">
        <y:PolyLineEdge>
          <y:Path sx="0.0" sy="0.0" tx="0.0" ty="0.0"/>
          <y:LineStyle color="#000000" type="line" width="1.0"/>
          <y:Arrows source="none" target="none"/>
          <y:BendStyle smoothed="false"/>
        </y:PolyLineEdge>
      </data>
    </edge>
  </graph>
  <data key="d0">
    <y:Resources/>
  </data>
</graphml>
