<?xml version="1.0" encoding="UTF-8" standalone="no"?>
<graphml xmlns="http://graphml.graphdrawing.org/xmlns" xmlns:xsi="http://www.w3.org/2001/XMLSchema-instance" xmlns:y="http://www.yworks.com/xml/graphml" xmlns:yed="http://www.yworks.com/xml/yed/3" xsi:schemaLocation="http://graphml.graphdrawing.org/xmlns http://www.yworks.com/xml/schema/graphml/1.1/ygraphml.xsd">
  <!--Created by yFiles for Java 2.8-->
  <key for="graphml" id="d0" yfiles.type="resources"/>
  <key for="port" id="d1" yfiles.type="portgraphics"/>
  <key for="port" id="d2" yfiles.type="portgeometry"/>
  <key for="port" id="d3" yfiles.type="portuserdata"/>
  <key attr.name="Internal" attr.type="boolean" for="node" id="d4"/>
  <key attr.name="geocode_append" attr.type="string" for="node" id="d5"/>
  <key attr.name="geocode_name" attr.type="string" for="node" id="d6"/>
  <key attr.name="type" attr.type="string" for="node" id="d7"/>
  <key attr.name="url" attr.type="string" for="node" id="d8"/>
  <key attr.name="description" attr.type="string" for="node" id="d9"/>
  <key for="node" id="d10" yfiles.type="nodegraphics"/>
  <key attr.name="Access" attr.type="boolean" for="graph" id="d11"/>
  <key attr.name="Backbone" attr.type="boolean" for="graph" id="d12"/>
  <key attr.name="Commercial" attr.type="boolean" for="graph" id="d13"/>
  <key attr.name="Creator" attr.type="string" for="graph" id="d14"/>
  <key attr.name="Customer" attr.type="boolean" for="graph" id="d15"/>
  <key attr.name="DateModifier" attr.type="string" for="graph" id="d16"/>
  <key attr.name="DateMonth" attr.type="string" for="graph" id="d17"/>
  <key attr.name="DateObtained" attr.type="string" for="graph" id="d18"/>
  <key attr.name="DateType" attr.type="string" for="graph" id="d19"/>
  <key attr.name="DateYear" attr.type="string" for="graph" id="d20"/>
  <key attr.name="Developed" attr.type="boolean" for="graph" id="d21"/>
  <key attr.name="GeoExtent" attr.type="string" for="graph" id="d22"/>
  <key attr.name="GeoLocation" attr.type="string" for="graph" id="d23"/>
  <key attr.name="IX" attr.type="boolean" for="graph" id="d24"/>
  <key attr.name="LastAccess" attr.type="string" for="graph" id="d25"/>
  <key attr.name="LastProcessed" attr.type="string" for="graph" id="d26"/>
  <key attr.name="Layer" attr.type="string" for="graph" id="d27"/>
  <key attr.name="Network" attr.type="string" for="graph" id="d28"/>
  <key attr.name="NetworkDate" attr.type="string" for="graph" id="d29"/>
  <key attr.name="Note" attr.type="string" for="graph" id="d30"/>
  <key attr.name="Provenance" attr.type="string" for="graph" id="d31"/>
  <key attr.name="Source" attr.type="string" for="graph" id="d32"/>
  <key attr.name="Testbed" attr.type="boolean" for="graph" id="d33"/>
  <key attr.name="Transit" attr.type="boolean" for="graph" id="d34"/>
  <key attr.name="Type" attr.type="string" for="graph" id="d35"/>
  <key attr.name="Version" attr.type="string" for="graph" id="d36"/>
  <key attr.name="label" attr.type="string" for="edge" id="d37"/>
  <key attr.name="url" attr.type="string" for="edge" id="d38"/>
  <key attr.name="description" attr.type="string" for="edge" id="d39"/>
  <key for="edge" id="d40" yfiles.type="edgegraphics"/>
  <graph edgedefault="directed" id="G">
    <data key="d11">false</data>
    <data key="d12">true</data>
    <data key="d13">false</data>
    <data key="d14"><![CDATA[Topology Zoo Toolset]]></data>
    <data key="d15">false</data>
    <data key="d16"><![CDATA[=]]></data>
    <data key="d17"><![CDATA[07]]></data>
    <data key="d18"><![CDATA[31/01/11]]></data>
    <data key="d19"><![CDATA[Historic]]></data>
    <data key="d20"><![CDATA[2005]]></data>
    <data key="d21">true</data>
    <data key="d22"><![CDATA[Region]]></data>
    <data key="d23"><![CDATA[Kent, UK]]></data>
    <data key="d24">false</data>
    <data key="d25"><![CDATA[31/01/11]]></data>
    <data key="d26"><![CDATA[2011_09_01]]></data>
    <data key="d27"><![CDATA[IP]]></data>
    <data key="d28"><![CDATA[KentMan]]></data>
    <data key="d29"><![CDATA[2005_07]]></data>
    <data key="d30"><![CDATA[JANET local provider, Geolocation for Beacon Hill approximated]]></data>
    <data key="d31"><![CDATA[Secondary]]></data>
    <data key="d32"><![CDATA[http://replay.waybackmachine.org/20050206124154/http://www.kentman.ac.uk/kman/map.html]]></data>
    <data key="d33">false</data>
    <data key="d34">false</data>
    <data key="d35"><![CDATA[REN]]></data>
    <data key="d36"><![CDATA[1.0]]></data>
    <node id="n0">
      <data key="d4">true</data>
      <data key="d5"><![CDATA[Medway]]></data>
      <data key="d6"/>
      <data key="d7"><![CDATA[HE/FE site]]></data>
      <data key="d9"/>
      <data key="d10">
        <y:ShapeNode>
          <y:Geometry height="10.0" width="10.0" x="248.874816895" y="68.6292114258"/>
          <y:Fill color="#FF0000" transparent="false"/>
          <y:BorderStyle color="#000000" type="line" width="1.0"/>
          <y:NodeLabel alignment="center" autoSizePolicy="content" fontFamily="Dialog" fontSize="8" fontStyle="plain" hasBackgroundColor="false" hasLineColor="false" height="13.421875" modelName="internal" modelPosition="c" textColor="#000000" visible="true" width="95.64453125" x="-42.822265625" y="-1.7109375">University of Greenwich</y:NodeLabel>
          <y:Shape type="ellipse"/>
        </y:ShapeNode>
      </data>
    </node>
    <node id="n1">
      <data key="d4">true</data>
      <data key="d5"/>
      <data key="d6"><![CDATA[Canterbury Christ Church University]]></data>
      <data key="d7"><![CDATA[HE/FE site]]></data>
      <data key="d9"/>
      <data key="d10">
        <y:ShapeNode>
          <y:Geometry height="10.0" width="10.0" x="521.044799805" y="154.304214478"/>
          <y:Fill color="#FF0000" transparent="false"/>
          <y:BorderStyle color="#000000" type="line" width="1.0"/>
          <y:NodeLabel alignment="center" autoSizePolicy="content" fontFamily="Dialog" fontSize="8" fontStyle="plain" hasBackgroundColor="false" hasLineColor="false" height="13.421875" modelName="internal" modelPosition="c" textColor="#000000" visible="true" width="36.3125" x="-13.15625" y="-1.7109375">CCCU-C</y:NodeLabel>
          <y:Shape type="ellipse"/>
        </y:ShapeNode>
      </data>
    </node>
    <node id="n2">
      <data key="d4">true</data>
      <data key="d5"/>
      <data key="d6"><![CDATA[Canterbury Christ Church University Salomons]]></data>
      <data key="d7"><![CDATA[HE/FE site]]></data>
      <data key="d9"/>
      <data key="d10">
        <y:ShapeNode>
          <y:Geometry height="10.0" width="10.0" x="131.750717163" y="230.959838867"/>
          <y:Fill color="#FF0000" transparent="false"/>
          <y:BorderStyle color="#000000" type="line" width="1.0"/>
          <y:NodeLabel alignment="center" autoSizePolicy="content" fontFamily="Dialog" fontSize="8" fontStyle="plain" hasBackgroundColor="false" hasLineColor="false" height="13.421875" modelName="internal" modelPosition="c" textColor="#000000" visible="true" width="35.0859375" x="-12.54296875" y="-1.7109375">CCCU-S</y:NodeLabel>
          <y:Shape type="ellipse"/>
        </y:ShapeNode>
      </data>
    </node>
    <node id="n3">
      <data key="d4">true</data>
      <data key="d5"/>
      <data key="d6"><![CDATA[Canterbury Christ Church University Broadstairs]]></data>
      <data key="d7"><![CDATA[HE/FE site]]></data>
      <data key="d9"/>
      <data key="d10">
        <y:ShapeNode>
          <y:Geometry height="10.0" width="10.0" x="652.841796875" y="92.1842803955"/>
          <y:Fill color="#FF0000" transparent="false"/>
          <y:BorderStyle color="#000000" type="line" width="1.0"/>
          <y:NodeLabel alignment="center" autoSizePolicy="content" fontFamily="Dialog" fontSize="8" fontStyle="plain" hasBackgroundColor="false" hasLineColor="false" height="13.421875" modelName="internal" modelPosition="c" textColor="#000000" visible="true" width="35.8359375" x="-12.91796875" y="-1.7109375">CCCU-T</y:NodeLabel>
          <y:Shape type="ellipse"/>
        </y:ShapeNode>
      </data>
    </node>
    <node id="n4">
      <data key="d4">true</data>
      <data key="d5"/>
      <data key="d6"><![CDATA[University for the Creative Arts Rochester]]></data>
      <data key="d7"><![CDATA[HE/FE site]]></data>
      <data key="d9"/>
      <data key="d10">
        <y:ShapeNode>
          <y:Geometry height="10.0" width="10.0" x="213.514038086" y="75.4306182861"/>
          <y:Fill color="#FF0000" transparent="false"/>
          <y:BorderStyle color="#000000" type="line" width="1.0"/>
          <y:NodeLabel alignment="center" autoSizePolicy="content" fontFamily="Dialog" fontSize="8" fontStyle="plain" hasBackgroundColor="false" hasLineColor="false" height="13.421875" modelName="internal" modelPosition="c" textColor="#000000" visible="true" width="32.7265625" x="-11.36328125" y="-1.7109375">KIAD-R</y:NodeLabel>
          <y:Shape type="ellipse"/>
        </y:ShapeNode>
      </data>
    </node>
    <node id="n5">
      <data key="d4">true</data>
      <data key="d5"/>
      <data key="d6"><![CDATA[University for the Creative Arts Canterbury]]></data>
      <data key="d7"><![CDATA[HE/FE site]]></data>
      <data key="d9"/>
      <data key="d10">
        <y:ShapeNode>
          <y:Geometry height="10.0" width="10.0" x="522.554199219" y="175.044311523"/>
          <y:Fill color="#FF0000" transparent="false"/>
          <y:BorderStyle color="#000000" type="line" width="1.0"/>
          <y:NodeLabel alignment="center" autoSizePolicy="content" fontFamily="Dialog" fontSize="8" fontStyle="plain" hasBackgroundColor="false" hasLineColor="false" height="13.421875" modelName="internal" modelPosition="c" textColor="#000000" visible="true" width="33.203125" x="-11.6015625" y="-1.7109375">KIAD-C</y:NodeLabel>
          <y:Shape type="ellipse"/>
        </y:ShapeNode>
      </data>
    </node>
    <node id="n6">
      <data key="d4">true</data>
      <data key="d5"/>
      <data key="d6"><![CDATA[University for the Creative Arts Maidstone]]></data>
      <data key="d7"><![CDATA[HE/FE site]]></data>
      <data key="d9"/>
      <data key="d10">
        <y:ShapeNode>
          <y:Geometry height="10.0" width="10.0" x="243.561279297" y="158.90914917"/>
          <y:Fill color="#FF0000" transparent="false"/>
          <y:BorderStyle color="#000000" type="line" width="1.0"/>
          <y:NodeLabel alignment="center" autoSizePolicy="content" fontFamily="Dialog" fontSize="8" fontStyle="plain" hasBackgroundColor="false" hasLineColor="false" height="13.421875" modelName="internal" modelPosition="c" textColor="#000000" visible="true" width="34.55859375" x="-12.279296875" y="-1.7109375">KIAD-M</y:NodeLabel>
          <y:Shape type="ellipse"/>
        </y:ShapeNode>
      </data>
    </node>
    <node id="n7">
      <data key="d4">true</data>
      <data key="d5"/>
      <data key="d6"/>
      <data key="d7"><![CDATA[Radio Mast]]></data>
      <data key="d9"/>
      <data key="d10">
        <y:ShapeNode>
          <y:Geometry height="10.0" width="10.0" x="139.447097778" y="272.42364502"/>
          <y:Fill color="#0000FF" transparent="false"/>
          <y:BorderStyle color="#000000" type="line" width="1.0"/>
          <y:NodeLabel alignment="center" autoSizePolicy="content" fontFamily="Dialog" fontSize="8" fontStyle="plain" hasBackgroundColor="false" hasLineColor="false" height="13.421875" modelName="internal" modelPosition="c" textColor="#000000" visible="true" width="44.0390625" x="-17.01953125" y="-1.7109375">Tonbridge</y:NodeLabel>
          <y:Shape type="ellipse"/>
        </y:ShapeNode>
      </data>
    </node>
    <node id="n8">
      <data key="d4">true</data>
      <data key="d5"/>
      <data key="d6"/>
      <data key="d7"><![CDATA[Radio Mast]]></data>
      <data key="d9"/>
      <data key="d10">
        <y:ShapeNode>
          <y:Geometry height="10.0" width="10.0" x="260.7081604" y="298.16494751"/>
          <y:Fill color="#0000FF" transparent="false"/>
          <y:BorderStyle color="#000000" type="line" width="1.0"/>
          <y:NodeLabel alignment="center" autoSizePolicy="content" fontFamily="Dialog" fontSize="8" fontStyle="plain" hasBackgroundColor="false" hasLineColor="false" height="13.421875" modelName="internal" modelPosition="c" textColor="#000000" visible="true" width="45.00390625" x="-17.501953125" y="-1.7109375">Cranbrook</y:NodeLabel>
          <y:Shape type="ellipse"/>
        </y:ShapeNode>
      </data>
    </node>
    <node id="n9">
      <data key="d4">true</data>
      <data key="d5"/>
      <data key="d6"><![CDATA[Wye]]></data>
      <data key="d7"><![CDATA[Radio Mast]]></data>
      <data key="d9"/>
      <data key="d10">
        <y:ShapeNode>
          <y:Geometry height="10.0" width="10.0" x="453.436218262" y="237.142745972"/>
          <y:Fill color="#0000FF" transparent="false"/>
          <y:BorderStyle color="#000000" type="line" width="1.0"/>
          <y:NodeLabel alignment="center" autoSizePolicy="content" fontFamily="Dialog" fontSize="8" fontStyle="plain" hasBackgroundColor="false" hasLineColor="false" height="13.421875" modelName="internal" modelPosition="c" textColor="#000000" visible="true" width="39.34375" x="-14.671875" y="-1.7109375">NTL-Wye</y:NodeLabel>
          <y:Shape type="ellipse"/>
        </y:ShapeNode>
      </data>
    </node>
    <node id="n10">
      <data key="d4">true</data>
      <data key="d5"/>
      <data key="d6"/>
      <data key="d7"><![CDATA[Radio Mast]]></data>
      <data key="d9"/>
      <data key="d10">
        <y:ShapeNode>
          <y:Geometry height="10.0" width="10.0" x="469.237548828" y="139.13571167"/>
          <y:Fill color="#0000FF" transparent="false"/>
          <y:BorderStyle color="#000000" type="line" width="1.0"/>
          <y:NodeLabel alignment="center" autoSizePolicy="content" fontFamily="Dialog" fontSize="8" fontStyle="plain" hasBackgroundColor="false" hasLineColor="false" height="13.421875" modelName="internal" modelPosition="c" textColor="#000000" visible="true" width="34.859375" x="-12.4296875" y="-1.7109375">Dunkirk</y:NodeLabel>
          <y:Shape type="ellipse"/>
        </y:ShapeNode>
      </data>
    </node>
    <node id="n11">
      <data key="d4">true</data>
      <data key="d5"/>
      <data key="d6"><![CDATA[Shorne]]></data>
      <data key="d7"><![CDATA[Radio Mast]]></data>
      <data key="d9"/>
      <data key="d10">
        <y:ShapeNode>
          <y:Geometry height="10.0" width="10.0" x="224.739135742" y="53.592792511"/>
          <y:Fill color="#0000FF" transparent="false"/>
          <y:BorderStyle color="#000000" type="line" width="1.0"/>
          <y:NodeLabel alignment="center" autoSizePolicy="content" fontFamily="Dialog" fontSize="8" fontStyle="plain" hasBackgroundColor="false" hasLineColor="false" height="13.421875" modelName="internal" modelPosition="c" textColor="#000000" visible="true" width="46.80078125" x="-18.400390625" y="-1.7109375">Beacon Hill</y:NodeLabel>
          <y:Shape type="ellipse"/>
        </y:ShapeNode>
      </data>
    </node>
    <node id="n12">
      <data key="d4">true</data>
      <data key="d5"/>
      <data key="d6"/>
      <data key="d7"><![CDATA[Radio Mast]]></data>
      <data key="d9"/>
      <data key="d10">
        <y:ShapeNode>
          <y:Geometry height="10.0" width="10.0" x="246.184768677" y="131.170013428"/>
          <y:Fill color="#0000FF" transparent="false"/>
          <y:BorderStyle color="#000000" type="line" width="1.0"/>
          <y:NodeLabel alignment="center" autoSizePolicy="content" fontFamily="Dialog" fontSize="8" fontStyle="plain" hasBackgroundColor="false" hasLineColor="false" height="13.421875" modelName="internal" modelPosition="c" textColor="#000000" visible="true" width="51.8984375" x="-20.94921875" y="-1.7109375">Blue Bell Hill</y:NodeLabel>
          <y:Shape type="ellipse"/>
        </y:ShapeNode>
      </data>
    </node>
    <node id="n13">
      <data key="d4">true</data>
      <data key="d5"/>
      <data key="d6"/>
      <data key="d7"><![CDATA[HE/FE site]]></data>
      <data key="d9"/>
      <data key="d10">
        <y:ShapeNode>
          <y:Geometry height="10.0" width="10.0" x="442.945465088" y="225.538040161"/>
          <y:Fill color="#FF0000" transparent="false"/>
          <y:BorderStyle color="#000000" type="line" width="1.0"/>
          <y:NodeLabel alignment="center" autoSizePolicy="content" fontFamily="Dialog" fontSize="8" fontStyle="plain" hasBackgroundColor="false" hasLineColor="false" height="13.421875" modelName="internal" modelPosition="c" textColor="#000000" visible="true" width="19.48046875" x="-4.740234375" y="-1.7109375">Wye</y:NodeLabel>
          <y:Shape type="ellipse"/>
        </y:ShapeNode>
      </data>
    </node>
    <node id="n14">
      <data key="d4">true</data>
      <data key="d5"/>
      <data key="d6"><![CDATA[Canterbury]]></data>
      <data key="d7"><![CDATA[HE/FE site]]></data>
      <data key="d9"/>
      <data key="d10">
        <y:ShapeNode>
          <y:Geometry height="10.0" width="10.0" x="500.561767578" y="145.956329346"/>
          <y:Fill color="#FF0000" transparent="false"/>
          <y:BorderStyle color="#000000" type="line" width="1.0"/>
          <y:NodeLabel alignment="center" autoSizePolicy="content" fontFamily="Dialog" fontSize="8" fontStyle="plain" hasBackgroundColor="false" hasLineColor="false" height="13.421875" modelName="internal" modelPosition="c" textColor="#000000" visible="true" width="21.63671875" x="-5.818359375" y="-1.7109375">Kent</y:NodeLabel>
          <y:Shape type="ellipse"/>
        </y:ShapeNode>
      </data>
    </node>
    <node id="n15">
      <data key="d4">true</data>
      <data key="d5"/>
      <data key="d6"><![CDATA[Chatham]]></data>
      <data key="d7"><![CDATA[HE/FE site]]></data>
      <data key="d9"/>
      <data key="d10">
        <y:ShapeNode>
          <y:Geometry height="10.0" width="10.0" x="257.071777344" y="84.7732696533"/>
          <y:Fill color="#FF0000" transparent="false"/>
          <y:BorderStyle color="#000000" type="line" width="1.0"/>
          <y:NodeLabel alignment="center" autoSizePolicy="content" fontFamily="Dialog" fontSize="8" fontStyle="plain" hasBackgroundColor="false" hasLineColor="false" height="13.421875" modelName="internal" modelPosition="c" textColor="#000000" visible="true" width="34.62890625" x="-12.314453125" y="-1.7109375">Horsted</y:NodeLabel>
          <y:Shape type="ellipse"/>
        </y:ShapeNode>
      </data>
    </node>
    <edge id="e0" source="n0" target="n11">
      <data key="d37"><![CDATA[155 Mbps radio]]></data>
      <data key="d39"/>
      <data key="d40">
        <y:PolyLineEdge>
          <y:Path sx="0.0" sy="0.0" tx="0.0" ty="0.0">
            <y:Point x="235.860534668" y="67.4989318848"/>
          </y:Path>
          <y:LineStyle color="#800000" type="line" width="1.0"/>
          <y:Arrows source="none" target="none"/>
          <y:BendStyle smoothed="false"/>
        </y:PolyLineEdge>
      </data>
    </edge>
    <edge id="e1" source="n0" target="n12">
      <data key="d37"><![CDATA[155 Mbps LES]]></data>
      <data key="d39"/>
      <data key="d40">
        <y:PolyLineEdge>
          <y:Path sx="0.0" sy="0.0" tx="0.0" ty="0.0"/>
          <y:LineStyle color="#FF00FF" type="line" width="1.0"/>
          <y:Arrows source="none" target="none"/>
          <y:BendStyle smoothed="false"/>
        </y:PolyLineEdge>
      </data>
    </edge>
    <edge id="e2" source="n1" target="n14">
      <data key="d37"><![CDATA[155 Mbps radio]]></data>
      <data key="d39"/>
      <data key="d40">
        <y:PolyLineEdge>
          <y:Path sx="0.0" sy="0.0" tx="0.0" ty="0.0"/>
          <y:LineStyle color="#800000" type="line" width="1.0"/>
          <y:Arrows source="none" target="none"/>
          <y:BendStyle smoothed="false"/>
        </y:PolyLineEdge>
      </data>
    </edge>
    <edge id="e3" source="n2" target="n7">
      <data key="d37"><![CDATA[34 Mbps Radio]]></data>
      <data key="d39"/>
      <data key="d40">
        <y:PolyLineEdge>
          <y:Path sx="0.0" sy="0.0" tx="0.0" ty="0.0"/>
          <y:LineStyle color="#008000" type="line" width="1.0"/>
          <y:Arrows source="none" target="none"/>
          <y:BendStyle smoothed="false"/>
        </y:PolyLineEdge>
      </data>
    </edge>
    <edge id="e4" source="n3" target="n14">
      <data key="d37"><![CDATA[34 Mbps Radio]]></data>
      <data key="d39"/>
      <data key="d40">
        <y:PolyLineEdge>
          <y:Path sx="0.0" sy="0.0" tx="0.0" ty="0.0"/>
          <y:LineStyle color="#008000" type="line" width="1.0"/>
          <y:Arrows source="none" target="none"/>
          <y:BendStyle smoothed="false"/>
        </y:PolyLineEdge>
      </data>
    </edge>
    <edge id="e5" source="n4" target="n11">
      <data key="d37"><![CDATA[34 Mbps Radio]]></data>
      <data key="d39"/>
      <data key="d40">
        <y:PolyLineEdge>
          <y:Path sx="0.0" sy="0.0" tx="0.0" ty="0.0"/>
          <y:LineStyle color="#008000" type="line" width="1.0"/>
          <y:Arrows source="none" target="none"/>
          <y:BendStyle smoothed="false"/>
        </y:PolyLineEdge>
      </data>
    </edge>
    <edge id="e6" source="n5" target="n14">
      <data key="d37"><![CDATA[34 Mbps Radio]]></data>
      <data key="d39"/>
      <data key="d40">
        <y:PolyLineEdge>
          <y:Path sx="0.0" sy="0.0" tx="0.0" ty="0.0"/>
          <y:LineStyle color="#008000" type="line" width="1.0"/>
          <y:Arrows source="none" target="none"/>
          <y:BendStyle smoothed="false"/>
        </y:PolyLineEdge>
      </data>
    </edge>
    <edge id="e7" source="n6" target="n12">
      <data key="d37"><![CDATA[34 Mbps Radio]]></data>
      <data key="d39"/>
      <data key="d40">
        <y:PolyLineEdge>
          <y:Path sx="0.0" sy="0.0" tx="0.0" ty="0.0"/>
          <y:LineStyle color="#008000" type="line" width="1.0"/>
          <y:Arrows source="none" target="none"/>
          <y:BendStyle smoothed="false"/>
        </y:PolyLineEdge>
      </data>
    </edge>
    <edge id="e8" source="n7" target="n12">
      <data key="d37"><![CDATA[34 Mbps Radio]]></data>
      <data key="d39"/>
      <data key="d40">
        <y:PolyLineEdge>
          <y:Path sx="0.0" sy="0.0" tx="0.0" ty="0.0"/>
          <y:LineStyle color="#008000" type="line" width="1.0"/>
          <y:Arrows source="none" target="none"/>
          <y:BendStyle smoothed="false"/>
        </y:PolyLineEdge>
      </data>
    </edge>
    <edge id="e9" source="n8" target="n9">
      <data key="d37"><![CDATA[155 Mbps radio]]></data>
      <data key="d39"/>
      <data key="d40">
        <y:PolyLineEdge>
          <y:Path sx="0.0" sy="0.0" tx="0.0" ty="0.0"/>
          <y:LineStyle color="#800000" type="line" width="1.0"/>
          <y:Arrows source="none" target="none"/>
          <y:BendStyle smoothed="false"/>
        </y:PolyLineEdge>
      </data>
    </edge>
    <edge id="e10" source="n8" target="n12">
      <data key="d37"><![CDATA[155 Mbps radio]]></data>
      <data key="d39"/>
      <data key="d40">
        <y:PolyLineEdge>
          <y:Path sx="0.0" sy="0.0" tx="0.0" ty="0.0"/>
          <y:LineStyle color="#800000" type="line" width="1.0"/>
          <y:Arrows source="none" target="none"/>
          <y:BendStyle smoothed="false"/>
        </y:PolyLineEdge>
      </data>
    </edge>
    <edge id="e11" source="n9" target="n13">
      <data key="d37"><![CDATA[155 Mbps radio]]></data>
      <data key="d39"/>
      <data key="d40">
        <y:PolyLineEdge>
          <y:Path sx="0.0" sy="0.0" tx="0.0" ty="0.0"/>
          <y:LineStyle color="#800000" type="line" width="1.0"/>
          <y:Arrows source="none" target="none"/>
          <y:BendStyle smoothed="false"/>
        </y:PolyLineEdge>
      </data>
    </edge>
    <edge id="e12" source="n10" target="n14">
      <data key="d37"><![CDATA[155 Mbps radio]]></data>
      <data key="d39"/>
      <data key="d40">
        <y:PolyLineEdge>
          <y:Path sx="0.0" sy="0.0" tx="0.0" ty="0.0"/>
          <y:LineStyle color="#800000" type="line" width="1.0"/>
          <y:Arrows source="none" target="none"/>
          <y:BendStyle smoothed="false"/>
        </y:PolyLineEdge>
      </data>
    </edge>
    <edge id="e13" source="n10" target="n11">
      <data key="d37"><![CDATA[155 Mbps radio]]></data>
      <data key="d39"/>
      <data key="d40">
        <y:PolyLineEdge>
          <y:Path sx="0.0" sy="0.0" tx="0.0" ty="0.0"/>
          <y:LineStyle color="#800000" type="line" width="1.0"/>
          <y:Arrows source="none" target="none"/>
          <y:BendStyle smoothed="false"/>
        </y:PolyLineEdge>
      </data>
    </edge>
    <edge id="e14" source="n11" target="n12">
      <data key="d37"><![CDATA[155 Mbps radio]]></data>
      <data key="d39"/>
      <data key="d40">
        <y:PolyLineEdge>
          <y:Path sx="0.0" sy="0.0" tx="0.0" ty="0.0"/>
          <y:LineStyle color="#800000" type="line" width="1.0"/>
          <y:Arrows source="none" target="none"/>
          <y:BendStyle smoothed="false"/>
        </y:PolyLineEdge>
      </data>
    </edge>
    <edge id="e15" source="n12" target="n15">
      <data key="d37"><![CDATA[34 Mbps Radio]]></data>
      <data key="d39"/>
      <data key="d40">
        <y:PolyLineEdge>
          <y:Path sx="0.0" sy="0.0" tx="0.0" ty="0.0"/>
          <y:LineStyle color="#008000" type="line" width="1.0"/>
          <y:Arrows source="none" target="none"/>
          <y:BendStyle smoothed="false"/>
        </y:PolyLineEdge>
      </data>
    </edge>
    <edge id="e16" source="n13" target="n14">
      <data key="d37"><![CDATA[155 Mbps LES]]></data>
      <data key="d39"/>
      <data key="d40">
        <y:PolyLineEdge>
          <y:Path sx="0.0" sy="0.0" tx="0.0" ty="0.0"/>
          <y:LineStyle color="#FF00FF" type="line" width="1.0"/>
          <y:Arrows source="none" target="none"/>
          <y:BendStyle smoothed="false"/>
        </y:PolyLineEdge>
      </data>
    </edge>
  </graph>
  <data key="d0">
    <y:Resources/>
  </data>
</graphml>
