<?xml version="1.0" encoding="UTF-8" standalone="no"?>
<graphml xmlns="http://graphml.graphdrawing.org/xmlns" xmlns:xsi="http://www.w3.org/2001/XMLSchema-instance" xmlns:y="http://www.yworks.com/xml/graphml" xmlns:yed="http://www.yworks.com/xml/yed/3" xsi:schemaLocation="http://graphml.graphdrawing.org/xmlns http://www.yworks.com/xml/schema/graphml/1.1/ygraphml.xsd">
  <!--Created by yFiles for Java 2.8-->
  <key for="graphml" id="d0" yfiles.type="resources"/>
  <key for="port" id="d1" yfiles.type="portgraphics"/>
  <key for="port" id="d2" yfiles.type="portgeometry"/>
  <key for="port" id="d3" yfiles.type="portuserdata"/>
  <key attr.name="Internal" attr.type="boolean" for="node" id="d4"/>
  <key attr.name="geocode_name" attr.type="string" for="node" id="d5"/>
  <key attr.name="type" attr.type="string" for="node" id="d6"/>
  <key attr.name="url" attr.type="string" for="node" id="d7"/>
  <key attr.name="description" attr.type="string" for="node" id="d8"/>
  <key for="node" id="d9" yfiles.type="nodegraphics"/>
  <key attr.name="Access" attr.type="boolean" for="graph" id="d10"/>
  <key attr.name="Backbone" attr.type="boolean" for="graph" id="d11"/>
  <key attr.name="Commercial" attr.type="boolean" for="graph" id="d12"/>
  <key attr.name="Creator" attr.type="string" for="graph" id="d13"/>
  <key attr.name="Customer" attr.type="boolean" for="graph" id="d14"/>
  <key attr.name="DateModifier" attr.type="string" for="graph" id="d15"/>
  <key attr.name="DateMonth" attr.type="string" for="graph" id="d16"/>
  <key attr.name="DateObtained" attr.type="string" for="graph" id="d17"/>
  <key attr.name="DateType" attr.type="string" for="graph" id="d18"/>
  <key attr.name="DateYear" attr.type="string" for="graph" id="d19"/>
  <key attr.name="Developed" attr.type="boolean" for="graph" id="d20"/>
  <key attr.name="GeoExtent" attr.type="string" for="graph" id="d21"/>
  <key attr.name="GeoLocation" attr.type="string" for="graph" id="d22"/>
  <key attr.name="IX" attr.type="boolean" for="graph" id="d23"/>
  <key attr.name="LastAccess" attr.type="string" for="graph" id="d24"/>
  <key attr.name="LastProcessed" attr.type="string" for="graph" id="d25"/>
  <key attr.name="Layer" attr.type="string" for="graph" id="d26"/>
  <key attr.name="Network" attr.type="string" for="graph" id="d27"/>
  <key attr.name="NetworkDate" attr.type="string" for="graph" id="d28"/>
  <key attr.name="Note" attr.type="string" for="graph" id="d29"/>
  <key attr.name="Provenance" attr.type="string" for="graph" id="d30"/>
  <key attr.name="Source" attr.type="string" for="graph" id="d31"/>
  <key attr.name="Testbed" attr.type="boolean" for="graph" id="d32"/>
  <key attr.name="Transit" attr.type="boolean" for="graph" id="d33"/>
  <key attr.name="Type" attr.type="string" for="graph" id="d34"/>
  <key attr.name="Version" attr.type="string" for="graph" id="d35"/>
  <key attr.name="label" attr.type="string" for="edge" id="d36"/>
  <key attr.name="url" attr.type="string" for="edge" id="d37"/>
  <key attr.name="description" attr.type="string" for="edge" id="d38"/>
  <key for="edge" id="d39" yfiles.type="edgegraphics"/>
  <graph edgedefault="directed" id="G">
    <data key="d10">false</data>
    <data key="d11">true</data>
    <data key="d12">false</data>
    <data key="d13"><![CDATA[Topology Zoo Toolset]]></data>
    <data key="d14">true</data>
    <data key="d15"><![CDATA[=]]></data>
    <data key="d16"><![CDATA[03]]></data>
    <data key="d17"><![CDATA[3/02/11]]></data>
    <data key="d18"><![CDATA[Current]]></data>
    <data key="d19"><![CDATA[2011]]></data>
    <data key="d20">false</data>
    <data key="d21"><![CDATA[Country]]></data>
    <data key="d22"><![CDATA[Malaysia]]></data>
    <data key="d23">false</data>
    <data key="d24"><![CDATA[6/03/11]]></data>
    <data key="d25"><![CDATA[2011_09_01]]></data>
    <data key="d26"><![CDATA[IP]]></data>
    <data key="d27"><![CDATA[Myren]]></data>
    <data key="d28"><![CDATA[2011_03]]></data>
    <data key="d29"><![CDATA[Names from http://www.myren.net.my/membership/members and http://203.80.21.200/cacti/plugins/weathermap/weathermap-cacti-plugin.php. Route Reflectors omitted from PoP level diagram. ]]></data>
    <data key="d30"><![CDATA[Primary]]></data>
    <data key="d31"><![CDATA[http://www.myren.net.my/network/domestic-network]]></data>
    <data key="d32">false</data>
    <data key="d33">false</data>
    <data key="d34"><![CDATA[REN]]></data>
    <data key="d35"><![CDATA[1.0]]></data>
    <node id="n0">
      <data key="d4">true</data>
      <data key="d5"><![CDATA[Cyberjaya]]></data>
      <data key="d6"><![CDATA[PoP]]></data>
      <data key="d8"/>
      <data key="d9">
        <y:ShapeNode>
          <y:Geometry height="48.0" width="48.0" x="394.160003662" y="123.919998169"/>
          <y:Fill color="#FF0000" transparent="false"/>
          <y:BorderStyle color="#000000" type="line" width="1.0"/>
          <y:NodeLabel alignment="center" autoSizePolicy="content" fontFamily="Dialog" fontSize="8" fontStyle="plain" hasBackgroundColor="false" hasLineColor="false" height="13.421875" modelName="internal" modelPosition="c" textColor="#000000" visible="true" width="83.61328125" x="-17.806640625" y="17.2890625">Cyberjaya PoP (NOC)</y:NodeLabel>
          <y:Shape type="ellipse"/>
        </y:ShapeNode>
      </data>
    </node>
    <node id="n1">
      <data key="d4">true</data>
      <data key="d5"/>
      <data key="d6"><![CDATA[Router]]></data>
      <data key="d8"/>
      <data key="d9">
        <y:ShapeNode>
          <y:Geometry height="48.0" width="48.0" x="230.0" y="218.0"/>
          <y:Fill color="#FFCC00" transparent="false"/>
          <y:BorderStyle color="#000000" type="line" width="1.0"/>
          <y:NodeLabel alignment="center" autoSizePolicy="content" fontFamily="Dialog" fontSize="8" fontStyle="plain" hasBackgroundColor="false" hasLineColor="false" height="13.421875" modelName="internal" modelPosition="c" textColor="#000000" visible="true" width="57.74609375" x="-4.873046875" y="17.2890625">Border Router</y:NodeLabel>
          <y:Shape type="ellipse"/>
        </y:ShapeNode>
      </data>
    </node>
    <node id="n2">
      <data key="d4">true</data>
      <data key="d5"><![CDATA[Johor]]></data>
      <data key="d6"><![CDATA[PoP]]></data>
      <data key="d8"/>
      <data key="d9">
        <y:ShapeNode>
          <y:Geometry height="48.0" width="48.0" x="324.0" y="360.0"/>
          <y:Fill color="#FF0000" transparent="false"/>
          <y:BorderStyle color="#000000" type="line" width="1.0"/>
          <y:NodeLabel alignment="center" autoSizePolicy="content" fontFamily="Dialog" fontSize="8" fontStyle="plain" hasBackgroundColor="false" hasLineColor="false" height="13.421875" modelName="internal" modelPosition="c" textColor="#000000" visible="true" width="67.66015625" x="-9.830078125" y="17.2890625">South PoP (UTM)</y:NodeLabel>
          <y:Shape type="ellipse"/>
        </y:ShapeNode>
      </data>
    </node>
    <node id="n3">
      <data key="d4">true</data>
      <data key="d5"><![CDATA[Pahang]]></data>
      <data key="d6"><![CDATA[PoP]]></data>
      <data key="d8"/>
      <data key="d9">
        <y:ShapeNode>
          <y:Geometry height="48.0" width="48.0" x="544.0" y="360.0"/>
          <y:Fill color="#FF0000" transparent="false"/>
          <y:BorderStyle color="#000000" type="line" width="1.0"/>
          <y:NodeLabel alignment="center" autoSizePolicy="content" fontFamily="Dialog" fontSize="8" fontStyle="plain" hasBackgroundColor="false" hasLineColor="false" height="13.421875" modelName="internal" modelPosition="c" textColor="#000000" visible="true" width="85.171875" x="-18.5859375" y="17.2890625">East Coast PoP (UMP)</y:NodeLabel>
          <y:Shape type="ellipse"/>
        </y:ShapeNode>
      </data>
    </node>
    <node id="n4">
      <data key="d4">true</data>
      <data key="d5"><![CDATA[Penang]]></data>
      <data key="d6"><![CDATA[PoP]]></data>
      <data key="d8"/>
      <data key="d9">
        <y:ShapeNode>
          <y:Geometry height="48.0" width="48.0" x="758.0" y="329.0"/>
          <y:Fill color="#FF0000" transparent="false"/>
          <y:BorderStyle color="#000000" type="line" width="1.0"/>
          <y:NodeLabel alignment="center" autoSizePolicy="content" fontFamily="Dialog" fontSize="8" fontStyle="plain" hasBackgroundColor="false" hasLineColor="false" height="13.421875" modelName="internal" modelPosition="c" textColor="#000000" visible="true" width="66.8203125" x="-9.41015625" y="17.2890625">North PoP (USM)</y:NodeLabel>
          <y:Shape type="ellipse"/>
        </y:ShapeNode>
      </data>
    </node>
    <node id="n5">
      <data key="d4">true</data>
      <data key="d5"><![CDATA[Kuala Lumpur]]></data>
      <data key="d6"><![CDATA[PoP]]></data>
      <data key="d8"/>
      <data key="d9">
        <y:ShapeNode>
          <y:Geometry height="48.0" width="48.0" x="661.0" y="130.0"/>
          <y:Fill color="#FF0000" transparent="false"/>
          <y:BorderStyle color="#000000" type="line" width="1.0"/>
          <y:NodeLabel alignment="center" autoSizePolicy="content" fontFamily="Dialog" fontSize="8" fontStyle="plain" hasBackgroundColor="false" hasLineColor="false" height="13.421875" modelName="internal" modelPosition="c" textColor="#000000" visible="true" width="49.9453125" x="-0.97265625" y="17.2890625">KL PoP (UM)</y:NodeLabel>
          <y:Shape type="ellipse"/>
        </y:ShapeNode>
      </data>
    </node>
    <node id="n6">
      <data key="d4">false</data>
      <data key="d5"/>
      <data key="d6"/>
      <data key="d8"/>
      <data key="d9">
        <y:ShapeNode>
          <y:Geometry height="30.0" width="30.0" x="89.0" y="96.0"/>
          <y:Fill color="#FFCC00" transparent="false"/>
          <y:BorderStyle color="#000000" type="line" width="1.0"/>
          <y:NodeLabel alignment="center" autoSizePolicy="content" fontFamily="Dialog" fontSize="8" fontStyle="plain" hasBackgroundColor="false" hasLineColor="false" height="13.421875" modelName="internal" modelPosition="c" textColor="#000000" visible="true" width="26.66796875" x="1.666015625" y="8.2890625">TEIN3</y:NodeLabel>
          <y:Shape type="triangle"/>
        </y:ShapeNode>
      </data>
    </node>
    <node id="n7">
      <data key="d4">false</data>
      <data key="d5"/>
      <data key="d6"/>
      <data key="d8"/>
      <data key="d9">
        <y:ShapeNode>
          <y:Geometry height="30.0" width="30.0" x="91.0" y="276.0"/>
          <y:Fill color="#FFCC00" transparent="false"/>
          <y:BorderStyle color="#000000" type="line" width="1.0"/>
          <y:NodeLabel alignment="center" autoSizePolicy="content" fontFamily="Dialog" fontSize="8" fontStyle="plain" hasBackgroundColor="false" hasLineColor="false" height="13.421875" modelName="internal" modelPosition="c" textColor="#000000" visible="true" width="81.7578125" x="-25.87890625" y="8.2890625">Commodity Internet</y:NodeLabel>
          <y:Shape type="triangle"/>
        </y:ShapeNode>
      </data>
    </node>
    <node id="n8">
      <data key="d4">true</data>
      <data key="d5"><![CDATA[Pulau Pinang]]></data>
      <data key="d6"><![CDATA[Member]]></data>
      <data key="d8"/>
      <data key="d9">
        <y:ShapeNode>
          <y:Geometry height="30.0" width="30.0" x="825.0" y="418.0"/>
          <y:Fill color="#00FF00" transparent="false"/>
          <y:BorderStyle color="#000000" type="line" width="1.0"/>
          <y:NodeLabel alignment="center" autoSizePolicy="content" fontFamily="Dialog" fontSize="8" fontStyle="plain" hasBackgroundColor="false" hasLineColor="false" height="13.421875" modelName="internal" modelPosition="c" textColor="#000000" visible="true" width="20.7421875" x="4.62890625" y="8.2890625">USM</y:NodeLabel>
          <y:Shape type="ellipse"/>
        </y:ShapeNode>
      </data>
    </node>
    <node id="n9">
      <data key="d4">true</data>
      <data key="d5"/>
      <data key="d6"><![CDATA[Member]]></data>
      <data key="d8"/>
      <data key="d9">
        <y:ShapeNode>
          <y:Geometry height="30.0" width="30.0" x="862.0" y="364.0"/>
          <y:Fill color="#00FF00" transparent="false"/>
          <y:BorderStyle color="#000000" type="line" width="1.0"/>
          <y:NodeLabel alignment="center" autoSizePolicy="content" fontFamily="Dialog" fontSize="8" fontStyle="plain" hasBackgroundColor="false" hasLineColor="false" height="13.421875" modelName="internal" modelPosition="c" textColor="#000000" visible="true" width="33.65234375" x="-1.826171875" y="8.2890625">UniMAP</y:NodeLabel>
          <y:Shape type="ellipse"/>
        </y:ShapeNode>
      </data>
    </node>
    <node id="n10">
      <data key="d4">true</data>
      <data key="d5"><![CDATA[Kedah Darul Aman]]></data>
      <data key="d6"><![CDATA[Member]]></data>
      <data key="d8"/>
      <data key="d9">
        <y:ShapeNode>
          <y:Geometry height="30.0" width="30.0" x="869.0" y="291.0"/>
          <y:Fill color="#00FF00" transparent="false"/>
          <y:BorderStyle color="#000000" type="line" width="1.0"/>
          <y:NodeLabel alignment="center" autoSizePolicy="content" fontFamily="Dialog" fontSize="8" fontStyle="plain" hasBackgroundColor="false" hasLineColor="false" height="13.421875" modelName="internal" modelPosition="c" textColor="#000000" visible="true" width="21.9765625" x="4.01171875" y="8.2890625">UUM</y:NodeLabel>
          <y:Shape type="ellipse"/>
        </y:ShapeNode>
      </data>
    </node>
    <node id="n11">
      <data key="d4">true</data>
      <data key="d5"><![CDATA[Kuala Lumpur]]></data>
      <data key="d6"><![CDATA[Member]]></data>
      <data key="d8"/>
      <data key="d9">
        <y:ShapeNode>
          <y:Geometry height="30.0" width="30.0" x="828.0" y="155.0"/>
          <y:Fill color="#00FF00" transparent="false"/>
          <y:BorderStyle color="#000000" type="line" width="1.0"/>
          <y:NodeLabel alignment="center" autoSizePolicy="content" fontFamily="Dialog" fontSize="8" fontStyle="plain" hasBackgroundColor="false" hasLineColor="false" height="13.421875" modelName="internal" modelPosition="c" textColor="#000000" visible="true" width="16.43359375" x="6.783203125" y="8.2890625">UM</y:NodeLabel>
          <y:Shape type="ellipse"/>
        </y:ShapeNode>
      </data>
    </node>
    <node id="n12">
      <data key="d4">true</data>
      <data key="d5"/>
      <data key="d6"><![CDATA[Member]]></data>
      <data key="d8"/>
      <data key="d9">
        <y:ShapeNode>
          <y:Geometry height="30.0" width="30.0" x="829.0" y="116.0"/>
          <y:Fill color="#00FF00" transparent="false"/>
          <y:BorderStyle color="#000000" type="line" width="1.0"/>
          <y:NodeLabel alignment="center" autoSizePolicy="content" fontFamily="Dialog" fontSize="8" fontStyle="plain" hasBackgroundColor="false" hasLineColor="false" height="13.421875" modelName="internal" modelPosition="c" textColor="#000000" visible="true" width="23.8046875" x="3.09765625" y="8.2890625">UiTM</y:NodeLabel>
          <y:Shape type="ellipse"/>
        </y:ShapeNode>
      </data>
    </node>
    <node id="n13">
      <data key="d4">true</data>
      <data key="d5"><![CDATA[Perak]]></data>
      <data key="d6"><![CDATA[Member]]></data>
      <data key="d8"/>
      <data key="d9">
        <y:ShapeNode>
          <y:Geometry height="30.0" width="30.0" x="814.0" y="73.0"/>
          <y:Fill color="#00FF00" transparent="false"/>
          <y:BorderStyle color="#000000" type="line" width="1.0"/>
          <y:NodeLabel alignment="center" autoSizePolicy="content" fontFamily="Dialog" fontSize="8" fontStyle="plain" hasBackgroundColor="false" hasLineColor="false" height="13.421875" modelName="internal" modelPosition="c" textColor="#000000" visible="true" width="19.0234375" x="5.48828125" y="8.2890625">UTP</y:NodeLabel>
          <y:Shape type="ellipse"/>
        </y:ShapeNode>
      </data>
    </node>
    <node id="n14">
      <data key="d4">true</data>
      <data key="d5"/>
      <data key="d6"><![CDATA[Member]]></data>
      <data key="d8"/>
      <data key="d9">
        <y:ShapeNode>
          <y:Geometry height="30.0" width="30.0" x="783.0" y="45.0"/>
          <y:Fill color="#00FF00" transparent="false"/>
          <y:BorderStyle color="#000000" type="line" width="1.0"/>
          <y:NodeLabel alignment="center" autoSizePolicy="content" fontFamily="Dialog" fontSize="8" fontStyle="plain" hasBackgroundColor="false" hasLineColor="false" height="13.421875" modelName="internal" modelPosition="c" textColor="#000000" visible="true" width="18.73828125" x="5.630859375" y="8.2890625">IUM</y:NodeLabel>
          <y:Shape type="ellipse"/>
        </y:ShapeNode>
      </data>
    </node>
    <node id="n15">
      <data key="d4">true</data>
      <data key="d5"/>
      <data key="d6"><![CDATA[Member]]></data>
      <data key="d8"/>
      <data key="d9">
        <y:ShapeNode>
          <y:Geometry height="30.0" width="30.0" x="742.0" y="24.0"/>
          <y:Fill color="#00FF00" transparent="false"/>
          <y:BorderStyle color="#000000" type="line" width="1.0"/>
          <y:NodeLabel alignment="center" autoSizePolicy="content" fontFamily="Dialog" fontSize="8" fontStyle="plain" hasBackgroundColor="false" hasLineColor="false" height="13.421875" modelName="internal" modelPosition="c" textColor="#000000" visible="true" width="20.578125" x="4.7109375" y="8.2890625">UPSI</y:NodeLabel>
          <y:Shape type="ellipse"/>
        </y:ShapeNode>
      </data>
    </node>
    <node id="n16">
      <data key="d4">true</data>
      <data key="d5"><![CDATA[Sarawak]]></data>
      <data key="d6"><![CDATA[Member]]></data>
      <data key="d8"/>
      <data key="d9">
        <y:ShapeNode>
          <y:Geometry height="30.0" width="30.0" x="686.0" y="13.0"/>
          <y:Fill color="#00FF00" transparent="false"/>
          <y:BorderStyle color="#000000" type="line" width="1.0"/>
          <y:NodeLabel alignment="center" autoSizePolicy="content" fontFamily="Dialog" fontSize="8" fontStyle="plain" hasBackgroundColor="false" hasLineColor="false" height="13.421875" modelName="internal" modelPosition="c" textColor="#000000" visible="true" width="34.4765625" x="-2.23828125" y="8.2890625">UNIMAS</y:NodeLabel>
          <y:Shape type="ellipse"/>
        </y:ShapeNode>
      </data>
    </node>
    <node id="n17">
      <data key="d4">true</data>
      <data key="d5"><![CDATA[SABAH]]></data>
      <data key="d6"><![CDATA[Member]]></data>
      <data key="d8"/>
      <data key="d9">
        <y:ShapeNode>
          <y:Geometry height="30.0" width="30.0" x="635.0" y="8.0"/>
          <y:Fill color="#00FF00" transparent="false"/>
          <y:BorderStyle color="#000000" type="line" width="1.0"/>
          <y:NodeLabel alignment="center" autoSizePolicy="content" fontFamily="Dialog" fontSize="8" fontStyle="plain" hasBackgroundColor="false" hasLineColor="false" height="13.421875" modelName="internal" modelPosition="c" textColor="#000000" visible="true" width="20.7421875" x="4.62890625" y="8.2890625">UMS</y:NodeLabel>
          <y:Shape type="ellipse"/>
        </y:ShapeNode>
      </data>
    </node>
    <node id="n18">
      <data key="d4">true</data>
      <data key="d5"/>
      <data key="d6"><![CDATA[Member]]></data>
      <data key="d8"/>
      <data key="d9">
        <y:ShapeNode>
          <y:Geometry height="30.0" width="30.0" x="534.599975586" y="82.5199966431"/>
          <y:Fill color="#00FF00" transparent="false"/>
          <y:BorderStyle color="#000000" type="line" width="1.0"/>
          <y:NodeLabel alignment="center" autoSizePolicy="content" fontFamily="Dialog" fontSize="8" fontStyle="plain" hasBackgroundColor="false" hasLineColor="false" height="13.421875" modelName="internal" modelPosition="c" textColor="#000000" visible="true" width="85.484375" x="-27.7421875" y="8.2890625">Nottingham Malaysia</y:NodeLabel>
          <y:Shape type="ellipse"/>
        </y:ShapeNode>
      </data>
    </node>
    <node id="n19">
      <data key="d4">true</data>
      <data key="d5"><![CDATA[Serdang]]></data>
      <data key="d6"><![CDATA[Member]]></data>
      <data key="d8"/>
      <data key="d9">
        <y:ShapeNode>
          <y:Geometry height="30.0" width="30.0" x="504.119995117" y="45.7999992371"/>
          <y:Fill color="#00FF00" transparent="false"/>
          <y:BorderStyle color="#000000" type="line" width="1.0"/>
          <y:NodeLabel alignment="center" autoSizePolicy="content" fontFamily="Dialog" fontSize="8" fontStyle="plain" hasBackgroundColor="false" hasLineColor="false" height="13.421875" modelName="internal" modelPosition="c" textColor="#000000" visible="true" width="20.85546875" x="4.572265625" y="8.289062499999993">UPM</y:NodeLabel>
          <y:Shape type="ellipse"/>
        </y:ShapeNode>
      </data>
    </node>
    <node id="n20">
      <data key="d4">true</data>
      <data key="d5"><![CDATA[Pahang]]></data>
      <data key="d6"><![CDATA[Member]]></data>
      <data key="d8"/>
      <data key="d9">
        <y:ShapeNode>
          <y:Geometry height="30.0" width="30.0" x="469.679992676" y="22.8400001526"/>
          <y:Fill color="#00FF00" transparent="false"/>
          <y:BorderStyle color="#000000" type="line" width="1.0"/>
          <y:NodeLabel alignment="center" autoSizePolicy="content" fontFamily="Dialog" fontSize="8" fontStyle="plain" hasBackgroundColor="false" hasLineColor="false" height="13.421875" modelName="internal" modelPosition="c" textColor="#000000" visible="true" width="33.0625" x="-1.53125" y="8.2890625">UNITEN</y:NodeLabel>
          <y:Shape type="ellipse"/>
        </y:ShapeNode>
      </data>
    </node>
    <node id="n21">
      <data key="d4">true</data>
      <data key="d5"><![CDATA[Negeri Sembilan]]></data>
      <data key="d6"><![CDATA[Member]]></data>
      <data key="d8"/>
      <data key="d9">
        <y:ShapeNode>
          <y:Geometry height="30.0" width="30.0" x="418.119995117" y="9.76000022888"/>
          <y:Fill color="#00FF00" transparent="false"/>
          <y:BorderStyle color="#000000" type="line" width="1.0"/>
          <y:NodeLabel alignment="center" autoSizePolicy="content" fontFamily="Dialog" fontSize="8" fontStyle="plain" hasBackgroundColor="false" hasLineColor="false" height="13.421875" modelName="internal" modelPosition="c" textColor="#000000" visible="true" width="23.046875" x="3.4765625" y="8.2890625">USIM</y:NodeLabel>
          <y:Shape type="ellipse"/>
        </y:ShapeNode>
      </data>
    </node>
    <node id="n22">
      <data key="d4">true</data>
      <data key="d5"><![CDATA[Cyberjaya]]></data>
      <data key="d6"><![CDATA[Member]]></data>
      <data key="d8"/>
      <data key="d9">
        <y:ShapeNode>
          <y:Geometry height="30.0" width="30.0" x="373.079986572" y="0.40000000596"/>
          <y:Fill color="#00FF00" transparent="false"/>
          <y:BorderStyle color="#000000" type="line" width="1.0"/>
          <y:NodeLabel alignment="center" autoSizePolicy="content" fontFamily="Dialog" fontSize="8" fontStyle="plain" hasBackgroundColor="false" hasLineColor="false" height="13.421875" modelName="internal" modelPosition="c" textColor="#000000" visible="true" width="23.32421875" x="3.337890625" y="8.289062500000004">MMU</y:NodeLabel>
          <y:Shape type="ellipse"/>
        </y:ShapeNode>
      </data>
    </node>
    <node id="n23">
      <data key="d4">true</data>
      <data key="d5"><![CDATA[Bangi Selangor]]></data>
      <data key="d6"><![CDATA[Member]]></data>
      <data key="d8"/>
      <data key="d9">
        <y:ShapeNode>
          <y:Geometry height="30.0" width="30.0" x="329.679992676" y="8.96000003815"/>
          <y:Fill color="#00FF00" transparent="false"/>
          <y:BorderStyle color="#000000" type="line" width="1.0"/>
          <y:NodeLabel alignment="center" autoSizePolicy="content" fontFamily="Dialog" fontSize="8" fontStyle="plain" hasBackgroundColor="false" hasLineColor="false" height="13.421875" modelName="internal" modelPosition="c" textColor="#000000" visible="true" width="21.65625" x="4.171875" y="8.2890625">UKM</y:NodeLabel>
          <y:Shape type="ellipse"/>
        </y:ShapeNode>
      </data>
    </node>
    <node id="n24">
      <data key="d4">true</data>
      <data key="d5"/>
      <data key="d6"><![CDATA[Member]]></data>
      <data key="d8"/>
      <data key="d9">
        <y:ShapeNode>
          <y:Geometry height="30.0" width="30.0" x="292.880004883" y="43.5200004578"/>
          <y:Fill color="#00FF00" transparent="false"/>
          <y:BorderStyle color="#000000" type="line" width="1.0"/>
          <y:NodeLabel alignment="center" autoSizePolicy="content" fontFamily="Dialog" fontSize="8" fontStyle="plain" hasBackgroundColor="false" hasLineColor="false" height="13.421875" modelName="internal" modelPosition="c" textColor="#000000" visible="true" width="26.01953125" x="1.990234375" y="8.289062499999993">MoHE</y:NodeLabel>
          <y:Shape type="ellipse"/>
        </y:ShapeNode>
      </data>
    </node>
    <node id="n25">
      <data key="d4">true</data>
      <data key="d5"/>
      <data key="d6"><![CDATA[Member]]></data>
      <data key="d8"/>
      <data key="d9">
        <y:ShapeNode>
          <y:Geometry height="30.0" width="30.0" x="253.520004272" y="66.1999969482"/>
          <y:Fill color="#00FF00" transparent="false"/>
          <y:BorderStyle color="#000000" type="line" width="1.0"/>
          <y:NodeLabel alignment="center" autoSizePolicy="content" fontFamily="Dialog" fontSize="8" fontStyle="plain" hasBackgroundColor="false" hasLineColor="false" height="13.421875" modelName="internal" modelPosition="c" textColor="#000000" visible="true" width="31.96484375" x="-0.982421875" y="8.2890625">TMRnD</y:NodeLabel>
          <y:Shape type="ellipse"/>
        </y:ShapeNode>
      </data>
    </node>
    <node id="n26">
      <data key="d4">true</data>
      <data key="d5"><![CDATA[Petaling Jaya]]></data>
      <data key="d6"><![CDATA[Member]]></data>
      <data key="d8"/>
      <data key="d9">
        <y:ShapeNode>
          <y:Geometry height="30.0" width="30.0" x="247.800003052" y="96.5999984741"/>
          <y:Fill color="#00FF00" transparent="false"/>
          <y:BorderStyle color="#000000" type="line" width="1.0"/>
          <y:NodeLabel alignment="center" autoSizePolicy="content" fontFamily="Dialog" fontSize="8" fontStyle="plain" hasBackgroundColor="false" hasLineColor="false" height="13.421875" modelName="internal" modelPosition="c" textColor="#000000" visible="true" width="69.7890625" x="-19.89453125" y="8.2890625">Monash Malaysia</y:NodeLabel>
          <y:Shape type="ellipse"/>
        </y:ShapeNode>
      </data>
    </node>
    <node id="n27">
      <data key="d4">true</data>
      <data key="d5"/>
      <data key="d6"><![CDATA[Member]]></data>
      <data key="d8"/>
      <data key="d9">
        <y:ShapeNode>
          <y:Geometry height="30.0" width="30.0" x="245.199996948" y="125.800003052"/>
          <y:Fill color="#00FF00" transparent="false"/>
          <y:BorderStyle color="#000000" type="line" width="1.0"/>
          <y:NodeLabel alignment="center" autoSizePolicy="content" fontFamily="Dialog" fontSize="8" fontStyle="plain" hasBackgroundColor="false" hasLineColor="false" height="13.421875" modelName="internal" modelPosition="c" textColor="#000000" visible="true" width="30.609375" x="-0.3046875" y="8.2890625">MIMOS</y:NodeLabel>
          <y:Shape type="ellipse"/>
        </y:ShapeNode>
      </data>
    </node>
    <node id="n28">
      <data key="d4">true</data>
      <data key="d5"/>
      <data key="d6"><![CDATA[Member]]></data>
      <data key="d8"/>
      <data key="d9">
        <y:ShapeNode>
          <y:Geometry height="30.0" width="30.0" x="229.240005493" y="154.039993286"/>
          <y:Fill color="#00FF00" transparent="false"/>
          <y:BorderStyle color="#000000" type="line" width="1.0"/>
          <y:NodeLabel alignment="center" autoSizePolicy="content" fontFamily="Dialog" fontSize="8" fontStyle="plain" hasBackgroundColor="false" hasLineColor="false" height="13.421875" modelName="internal" modelPosition="c" textColor="#000000" visible="true" width="21.66015625" x="4.169921875" y="8.2890625">NOC</y:NodeLabel>
          <y:Shape type="ellipse"/>
        </y:ShapeNode>
      </data>
    </node>
    <node id="n29">
      <data key="d4">true</data>
      <data key="d5"/>
      <data key="d6"><![CDATA[Member]]></data>
      <data key="d8"/>
      <data key="d9">
        <y:ShapeNode>
          <y:Geometry height="30.0" width="30.0" x="202.199996948" y="378.600006104"/>
          <y:Fill color="#00FF00" transparent="false"/>
          <y:BorderStyle color="#000000" type="line" width="1.0"/>
          <y:NodeLabel alignment="center" autoSizePolicy="content" fontFamily="Dialog" fontSize="8" fontStyle="plain" hasBackgroundColor="false" hasLineColor="false" height="13.421875" modelName="internal" modelPosition="c" textColor="#000000" visible="true" width="25.94921875" x="2.025390625" y="8.2890625">UTeM</y:NodeLabel>
          <y:Shape type="ellipse"/>
        </y:ShapeNode>
      </data>
    </node>
    <node id="n30">
      <data key="d4">true</data>
      <data key="d5"/>
      <data key="d6"><![CDATA[Member]]></data>
      <data key="d8"/>
      <data key="d9">
        <y:ShapeNode>
          <y:Geometry height="30.0" width="30.0" x="196.0" y="424.0"/>
          <y:Fill color="#00FF00" transparent="false"/>
          <y:BorderStyle color="#000000" type="line" width="1.0"/>
          <y:NodeLabel alignment="center" autoSizePolicy="content" fontFamily="Dialog" fontSize="8" fontStyle="plain" hasBackgroundColor="false" hasLineColor="false" height="13.421875" modelName="internal" modelPosition="c" textColor="#000000" visible="true" width="27.37109375" x="1.314453125" y="8.2890625">UTHM</y:NodeLabel>
          <y:Shape type="ellipse"/>
        </y:ShapeNode>
      </data>
    </node>
    <node id="n31">
      <data key="d4">true</data>
      <data key="d5"><![CDATA[Johor]]></data>
      <data key="d6"><![CDATA[Member]]></data>
      <data key="d8"/>
      <data key="d9">
        <y:ShapeNode>
          <y:Geometry height="30.0" width="30.0" x="288.0" y="445.0"/>
          <y:Fill color="#00FF00" transparent="false"/>
          <y:BorderStyle color="#000000" type="line" width="1.0"/>
          <y:NodeLabel alignment="center" autoSizePolicy="content" fontFamily="Dialog" fontSize="8" fontStyle="plain" hasBackgroundColor="false" hasLineColor="false" height="13.421875" modelName="internal" modelPosition="c" textColor="#000000" visible="true" width="21.4921875" x="4.25390625" y="8.2890625">UTM</y:NodeLabel>
          <y:Shape type="ellipse"/>
        </y:ShapeNode>
      </data>
    </node>
    <node id="n32">
      <data key="d4">true</data>
      <data key="d5"/>
      <data key="d6"><![CDATA[Member]]></data>
      <data key="d8"/>
      <data key="d9">
        <y:ShapeNode>
          <y:Geometry height="30.0" width="30.0" x="459.799987793" y="425.200012207"/>
          <y:Fill color="#00FF00" transparent="false"/>
          <y:BorderStyle color="#000000" type="line" width="1.0"/>
          <y:NodeLabel alignment="center" autoSizePolicy="content" fontFamily="Dialog" fontSize="8" fontStyle="plain" hasBackgroundColor="false" hasLineColor="false" height="13.421875" modelName="internal" modelPosition="c" textColor="#000000" visible="true" width="21.4921875" x="4.25390625" y="8.2890625">UMT</y:NodeLabel>
          <y:Shape type="ellipse"/>
        </y:ShapeNode>
      </data>
    </node>
    <node id="n33">
      <data key="d4">true</data>
      <data key="d5"><![CDATA[KELANTAN]]></data>
      <data key="d6"><![CDATA[Member]]></data>
      <data key="d8"/>
      <data key="d9">
        <y:ShapeNode>
          <y:Geometry height="30.0" width="30.0" x="503.0" y="456.0"/>
          <y:Fill color="#00FF00" transparent="false"/>
          <y:BorderStyle color="#000000" type="line" width="1.0"/>
          <y:NodeLabel alignment="center" autoSizePolicy="content" fontFamily="Dialog" fontSize="8" fontStyle="plain" hasBackgroundColor="false" hasLineColor="false" height="13.421875" modelName="internal" modelPosition="c" textColor="#000000" visible="true" width="21.65625" x="4.171875" y="8.2890625">UMK</y:NodeLabel>
          <y:Shape type="ellipse"/>
        </y:ShapeNode>
      </data>
    </node>
    <node id="n34">
      <data key="d4">true</data>
      <data key="d5"/>
      <data key="d6"><![CDATA[Member]]></data>
      <data key="d8"/>
      <data key="d9">
        <y:ShapeNode>
          <y:Geometry height="30.0" width="30.0" x="580.0" y="462.0"/>
          <y:Fill color="#00FF00" transparent="false"/>
          <y:BorderStyle color="#000000" type="line" width="1.0"/>
          <y:NodeLabel alignment="center" autoSizePolicy="content" fontFamily="Dialog" fontSize="8" fontStyle="plain" hasBackgroundColor="false" hasLineColor="false" height="13.421875" modelName="internal" modelPosition="c" textColor="#000000" visible="true" width="22.42578125" x="3.787109375" y="8.2890625">UDM</y:NodeLabel>
          <y:Shape type="ellipse"/>
        </y:ShapeNode>
      </data>
    </node>
    <node id="n35">
      <data key="d4">true</data>
      <data key="d5"><![CDATA[Pahang]]></data>
      <data key="d6"><![CDATA[Member]]></data>
      <data key="d8"/>
      <data key="d9">
        <y:ShapeNode>
          <y:Geometry height="30.0" width="30.0" x="644.400024414" y="438.600006104"/>
          <y:Fill color="#00FF00" transparent="false"/>
          <y:BorderStyle color="#000000" type="line" width="1.0"/>
          <y:NodeLabel alignment="center" autoSizePolicy="content" fontFamily="Dialog" fontSize="8" fontStyle="plain" hasBackgroundColor="false" hasLineColor="false" height="13.421875" modelName="internal" modelPosition="c" textColor="#000000" visible="true" width="20.85546875" x="4.572265625" y="8.2890625">UMP</y:NodeLabel>
          <y:Shape type="ellipse"/>
        </y:ShapeNode>
      </data>
    </node>
    <node id="n36">
      <data key="d4">true</data>
      <data key="d5"/>
      <data key="d6"><![CDATA[Member]]></data>
      <data key="d8"/>
      <data key="d9">
        <y:ShapeNode>
          <y:Geometry height="30.0" width="30.0" x="590.5" y="39.0"/>
          <y:Fill color="#00FF00" transparent="false"/>
          <y:BorderStyle color="#000000" type="line" width="1.0"/>
          <y:NodeLabel alignment="center" autoSizePolicy="content" fontFamily="Dialog" fontSize="8" fontStyle="plain" hasBackgroundColor="false" hasLineColor="false" height="13.421875" modelName="internal" modelPosition="c" textColor="#000000" visible="true" width="29.0703125" x="0.46484375" y="8.2890625">UPNIM</y:NodeLabel>
          <y:Shape type="ellipse"/>
        </y:ShapeNode>
      </data>
    </node>
    <edge id="e0" source="n0" target="n1">
      <data key="d36"><![CDATA[1 Gbps]]></data>
      <data key="d38"/>
      <data key="d39">
        <y:PolyLineEdge>
          <y:Path sx="0.0" sy="0.0" tx="0.0" ty="0.0">
            <y:Point x="285.220001221" y="165.36000061"/>
          </y:Path>
          <y:LineStyle color="#FF0000" type="line" width="4.0"/>
          <y:Arrows source="none" target="none"/>
          <y:BendStyle smoothed="false"/>
        </y:PolyLineEdge>
      </data>
    </edge>
    <edge id="e1" source="n0" target="n1">
      <data key="d36"><![CDATA[1 Gbps]]></data>
      <data key="d38"/>
      <data key="d39">
        <y:PolyLineEdge>
          <y:Path sx="0.0" sy="0.0" tx="0.0" ty="0.0">
            <y:Point x="307.619995117" y="187.759994507"/>
          </y:Path>
          <y:LineStyle color="#FF0000" type="line" width="4.0"/>
          <y:Arrows source="none" target="none"/>
          <y:BendStyle smoothed="false"/>
        </y:PolyLineEdge>
      </data>
    </edge>
    <edge id="e2" source="n0" target="n2">
      <data key="d36"><![CDATA[622 Mbps]]></data>
      <data key="d38"/>
      <data key="d39">
        <y:PolyLineEdge>
          <y:Path sx="0.0" sy="0.0" tx="0.0" ty="0.0"/>
          <y:LineStyle color="#0000FF" type="line" width="4.0"/>
          <y:Arrows source="none" target="none"/>
          <y:BendStyle smoothed="false"/>
        </y:PolyLineEdge>
      </data>
    </edge>
    <edge id="e3" source="n0" target="n3">
      <data key="d36"><![CDATA[155 Mbps]]></data>
      <data key="d38"/>
      <data key="d39">
        <y:PolyLineEdge>
          <y:Path sx="0.0" sy="0.0" tx="0.0" ty="0.0"/>
          <y:LineStyle color="#339966" type="line" width="2.0"/>
          <y:Arrows source="none" target="none"/>
          <y:BendStyle smoothed="false"/>
        </y:PolyLineEdge>
      </data>
    </edge>
    <edge id="e4" source="n0" target="n4">
      <data key="d36"><![CDATA[622 Mbps]]></data>
      <data key="d38"/>
      <data key="d39">
        <y:PolyLineEdge>
          <y:Path sx="0.0" sy="0.0" tx="0.0" ty="0.0"/>
          <y:LineStyle color="#0000FF" type="line" width="4.0"/>
          <y:Arrows source="none" target="none"/>
          <y:BendStyle smoothed="false"/>
        </y:PolyLineEdge>
      </data>
    </edge>
    <edge id="e5" source="n0" target="n5">
      <data key="d36"><![CDATA[1 Gbps]]></data>
      <data key="d38"/>
      <data key="d39">
        <y:PolyLineEdge>
          <y:Path sx="0.0" sy="0.0" tx="0.0" ty="0.0"/>
          <y:LineStyle color="#FF0000" type="line" width="4.0"/>
          <y:Arrows source="none" target="none"/>
          <y:BendStyle smoothed="false"/>
        </y:PolyLineEdge>
      </data>
    </edge>
    <edge id="e6" source="n0" target="n18">
      <data key="d36"><![CDATA[2 Mbps]]></data>
      <data key="d38"/>
      <data key="d39">
        <y:PolyLineEdge>
          <y:Path sx="0.0" sy="0.0" tx="0.0" ty="0.0"/>
          <y:LineStyle color="#800000" type="line" width="2.0"/>
          <y:Arrows source="none" target="none"/>
          <y:BendStyle smoothed="false"/>
        </y:PolyLineEdge>
      </data>
    </edge>
    <edge id="e7" source="n0" target="n19">
      <data key="d36"><![CDATA[50 Mbps]]></data>
      <data key="d38"/>
      <data key="d39">
        <y:PolyLineEdge>
          <y:Path sx="0.0" sy="0.0" tx="0.0" ty="0.0"/>
          <y:LineStyle color="#800000" type="line" width="2.0"/>
          <y:Arrows source="none" target="none"/>
          <y:BendStyle smoothed="false"/>
        </y:PolyLineEdge>
      </data>
    </edge>
    <edge id="e8" source="n0" target="n20">
      <data key="d36"><![CDATA[10 Mbps]]></data>
      <data key="d38"/>
      <data key="d39">
        <y:PolyLineEdge>
          <y:Path sx="0.0" sy="0.0" tx="0.0" ty="0.0"/>
          <y:LineStyle color="#800000" type="line" width="2.0"/>
          <y:Arrows source="none" target="none"/>
          <y:BendStyle smoothed="false"/>
        </y:PolyLineEdge>
      </data>
    </edge>
    <edge id="e9" source="n0" target="n21">
      <data key="d36"><![CDATA[10 Mbps]]></data>
      <data key="d38"/>
      <data key="d39">
        <y:PolyLineEdge>
          <y:Path sx="0.0" sy="0.0" tx="0.0" ty="0.0"/>
          <y:LineStyle color="#800000" type="line" width="2.0"/>
          <y:Arrows source="none" target="none"/>
          <y:BendStyle smoothed="false"/>
        </y:PolyLineEdge>
      </data>
    </edge>
    <edge id="e10" source="n0" target="n22">
      <data key="d36"><![CDATA[20 Mbps]]></data>
      <data key="d38"/>
      <data key="d39">
        <y:PolyLineEdge>
          <y:Path sx="0.0" sy="0.0" tx="0.0" ty="0.0"/>
          <y:LineStyle color="#800000" type="line" width="2.0"/>
          <y:Arrows source="none" target="none"/>
          <y:BendStyle smoothed="false"/>
        </y:PolyLineEdge>
      </data>
    </edge>
    <edge id="e11" source="n0" target="n23">
      <data key="d36"><![CDATA[50 Mbps]]></data>
      <data key="d38"/>
      <data key="d39">
        <y:PolyLineEdge>
          <y:Path sx="0.0" sy="0.0" tx="0.0" ty="0.0"/>
          <y:LineStyle color="#800000" type="line" width="2.0"/>
          <y:Arrows source="none" target="none"/>
          <y:BendStyle smoothed="false"/>
        </y:PolyLineEdge>
      </data>
    </edge>
    <edge id="e12" source="n0" target="n24">
      <data key="d36"><![CDATA[10 Mbps]]></data>
      <data key="d38"/>
      <data key="d39">
        <y:PolyLineEdge>
          <y:Path sx="0.0" sy="0.0" tx="0.0" ty="0.0"/>
          <y:LineStyle color="#800000" type="line" width="2.0"/>
          <y:Arrows source="none" target="none"/>
          <y:BendStyle smoothed="false"/>
        </y:PolyLineEdge>
      </data>
    </edge>
    <edge id="e13" source="n0" target="n25">
      <data key="d36"><![CDATA[10 Mbps]]></data>
      <data key="d38"/>
      <data key="d39">
        <y:PolyLineEdge>
          <y:Path sx="0.0" sy="0.0" tx="0.0" ty="0.0"/>
          <y:LineStyle color="#800000" type="line" width="2.0"/>
          <y:Arrows source="none" target="none"/>
          <y:BendStyle smoothed="false"/>
        </y:PolyLineEdge>
      </data>
    </edge>
    <edge id="e14" source="n0" target="n26">
      <data key="d36"><![CDATA[10 Mbps]]></data>
      <data key="d38"/>
      <data key="d39">
        <y:PolyLineEdge>
          <y:Path sx="0.0" sy="0.0" tx="0.0" ty="0.0"/>
          <y:LineStyle color="#800000" type="line" width="2.0"/>
          <y:Arrows source="none" target="none"/>
          <y:BendStyle smoothed="false"/>
        </y:PolyLineEdge>
      </data>
    </edge>
    <edge id="e15" source="n0" target="n27">
      <data key="d36"><![CDATA[30 Mbps]]></data>
      <data key="d38"/>
      <data key="d39">
        <y:PolyLineEdge>
          <y:Path sx="0.0" sy="0.0" tx="0.0" ty="0.0"/>
          <y:LineStyle color="#FF0000" type="line" width="4.0"/>
          <y:Arrows source="none" target="none"/>
          <y:BendStyle smoothed="false"/>
        </y:PolyLineEdge>
      </data>
    </edge>
    <edge id="e16" source="n0" target="n28">
      <data key="d36"><![CDATA[100 Mbps]]></data>
      <data key="d38"/>
      <data key="d39">
        <y:PolyLineEdge>
          <y:Path sx="0.0" sy="0.0" tx="0.0" ty="0.0"/>
          <y:LineStyle color="#FF0000" type="line" width="4.0"/>
          <y:Arrows source="none" target="none"/>
          <y:BendStyle smoothed="false"/>
        </y:PolyLineEdge>
      </data>
    </edge>
    <edge id="e17" source="n1" target="n6">
      <data key="d36"><![CDATA[155 Mbps]]></data>
      <data key="d38"/>
      <data key="d39">
        <y:PolyLineEdge>
          <y:Path sx="0.0" sy="0.0" tx="0.0" ty="0.0"/>
          <y:LineStyle color="#800000" type="line" width="2.0"/>
          <y:Arrows source="none" target="none"/>
          <y:BendStyle smoothed="false"/>
        </y:PolyLineEdge>
      </data>
    </edge>
    <edge id="e18" source="n1" target="n7">
      <data key="d36"><![CDATA[8 Mbps]]></data>
      <data key="d38"/>
      <data key="d39">
        <y:PolyLineEdge>
          <y:Path sx="0.0" sy="0.0" tx="0.0" ty="0.0"/>
          <y:LineStyle color="#800000" type="line" width="2.0"/>
          <y:Arrows source="none" target="none"/>
          <y:BendStyle smoothed="false"/>
        </y:PolyLineEdge>
      </data>
    </edge>
    <edge id="e19" source="n2" target="n29">
      <data key="d36"><![CDATA[10 Mbps]]></data>
      <data key="d38"/>
      <data key="d39">
        <y:PolyLineEdge>
          <y:Path sx="0.0" sy="0.0" tx="0.0" ty="0.0"/>
          <y:LineStyle color="#800000" type="line" width="2.0"/>
          <y:Arrows source="none" target="none"/>
          <y:BendStyle smoothed="false"/>
        </y:PolyLineEdge>
      </data>
    </edge>
    <edge id="e20" source="n2" target="n30">
      <data key="d36"><![CDATA[10 Mbps]]></data>
      <data key="d38"/>
      <data key="d39">
        <y:PolyLineEdge>
          <y:Path sx="0.0" sy="0.0" tx="0.0" ty="0.0"/>
          <y:LineStyle color="#800000" type="line" width="2.0"/>
          <y:Arrows source="none" target="none"/>
          <y:BendStyle smoothed="false"/>
        </y:PolyLineEdge>
      </data>
    </edge>
    <edge id="e21" source="n2" target="n31">
      <data key="d36"><![CDATA[50 Mbps]]></data>
      <data key="d38"/>
      <data key="d39">
        <y:PolyLineEdge>
          <y:Path sx="0.0" sy="0.0" tx="0.0" ty="0.0"/>
          <y:LineStyle color="#FF0000" type="line" width="4.0"/>
          <y:Arrows source="none" target="none"/>
          <y:BendStyle smoothed="false"/>
        </y:PolyLineEdge>
      </data>
    </edge>
    <edge id="e22" source="n2" target="n5">
      <data key="d36"><![CDATA[622 Mbps]]></data>
      <data key="d38"/>
      <data key="d39">
        <y:PolyLineEdge>
          <y:Path sx="0.0" sy="0.0" tx="0.0" ty="0.0"/>
          <y:LineStyle color="#0000FF" type="line" width="4.0"/>
          <y:Arrows source="none" target="none"/>
          <y:BendStyle smoothed="false"/>
        </y:PolyLineEdge>
      </data>
    </edge>
    <edge id="e23" source="n3" target="n32">
      <data key="d36"><![CDATA[10 Mbps]]></data>
      <data key="d38"/>
      <data key="d39">
        <y:PolyLineEdge>
          <y:Path sx="0.0" sy="0.0" tx="0.0" ty="0.0"/>
          <y:LineStyle color="#800000" type="line" width="2.0"/>
          <y:Arrows source="none" target="none"/>
          <y:BendStyle smoothed="false"/>
        </y:PolyLineEdge>
      </data>
    </edge>
    <edge id="e24" source="n3" target="n33">
      <data key="d36"><![CDATA[10 Mbps]]></data>
      <data key="d38"/>
      <data key="d39">
        <y:PolyLineEdge>
          <y:Path sx="0.0" sy="0.0" tx="0.0" ty="0.0"/>
          <y:LineStyle color="#800000" type="line" width="2.0"/>
          <y:Arrows source="none" target="none"/>
          <y:BendStyle smoothed="false"/>
        </y:PolyLineEdge>
      </data>
    </edge>
    <edge id="e25" source="n3" target="n34">
      <data key="d36"><![CDATA[10 Mbps]]></data>
      <data key="d38"/>
      <data key="d39">
        <y:PolyLineEdge>
          <y:Path sx="0.0" sy="0.0" tx="0.0" ty="0.0"/>
          <y:LineStyle color="#800000" type="line" width="2.0"/>
          <y:Arrows source="none" target="none"/>
          <y:BendStyle smoothed="false"/>
        </y:PolyLineEdge>
      </data>
    </edge>
    <edge id="e26" source="n3" target="n35">
      <data key="d36"><![CDATA[10 Mbps]]></data>
      <data key="d38"/>
      <data key="d39">
        <y:PolyLineEdge>
          <y:Path sx="0.0" sy="0.0" tx="0.0" ty="0.0"/>
          <y:LineStyle color="#800000" type="line" width="2.0"/>
          <y:Arrows source="none" target="none"/>
          <y:BendStyle smoothed="false"/>
        </y:PolyLineEdge>
      </data>
    </edge>
    <edge id="e27" source="n3" target="n5">
      <data key="d36"><![CDATA[155 Mbps]]></data>
      <data key="d38"/>
      <data key="d39">
        <y:PolyLineEdge>
          <y:Path sx="0.0" sy="0.0" tx="0.0" ty="0.0"/>
          <y:LineStyle color="#339966" type="line" width="2.0"/>
          <y:Arrows source="none" target="none"/>
          <y:BendStyle smoothed="false"/>
        </y:PolyLineEdge>
      </data>
    </edge>
    <edge id="e28" source="n4" target="n8">
      <data key="d36"><![CDATA[50 Mbps]]></data>
      <data key="d38"/>
      <data key="d39">
        <y:PolyLineEdge>
          <y:Path sx="0.0" sy="0.0" tx="0.0" ty="0.0"/>
          <y:LineStyle color="#FF0000" type="line" width="4.0"/>
          <y:Arrows source="none" target="none"/>
          <y:BendStyle smoothed="false"/>
        </y:PolyLineEdge>
      </data>
    </edge>
    <edge id="e29" source="n4" target="n9">
      <data key="d36"><![CDATA[10 Mbps]]></data>
      <data key="d38"/>
      <data key="d39">
        <y:PolyLineEdge>
          <y:Path sx="0.0" sy="0.0" tx="0.0" ty="0.0"/>
          <y:LineStyle color="#800000" type="line" width="2.0"/>
          <y:Arrows source="none" target="none"/>
          <y:BendStyle smoothed="false"/>
        </y:PolyLineEdge>
      </data>
    </edge>
    <edge id="e30" source="n4" target="n10">
      <data key="d36"><![CDATA[50 Mbps]]></data>
      <data key="d38"/>
      <data key="d39">
        <y:PolyLineEdge>
          <y:Path sx="0.0" sy="0.0" tx="0.0" ty="0.0"/>
          <y:LineStyle color="#800000" type="line" width="2.0"/>
          <y:Arrows source="none" target="none"/>
          <y:BendStyle smoothed="false"/>
        </y:PolyLineEdge>
      </data>
    </edge>
    <edge id="e31" source="n4" target="n5">
      <data key="d36"><![CDATA[622 Mbps]]></data>
      <data key="d38"/>
      <data key="d39">
        <y:PolyLineEdge>
          <y:Path sx="0.0" sy="0.0" tx="0.0" ty="0.0"/>
          <y:LineStyle color="#0000FF" type="line" width="4.0"/>
          <y:Arrows source="none" target="none"/>
          <y:BendStyle smoothed="false"/>
        </y:PolyLineEdge>
      </data>
    </edge>
    <edge id="e32" source="n5" target="n36">
      <data key="d36"><![CDATA[10 Mbps]]></data>
      <data key="d38"/>
      <data key="d39">
        <y:PolyLineEdge>
          <y:Path sx="0.0" sy="0.0" tx="0.0" ty="0.0"/>
          <y:LineStyle color="#800000" type="line" width="2.0"/>
          <y:Arrows source="none" target="none"/>
          <y:BendStyle smoothed="false"/>
        </y:PolyLineEdge>
      </data>
    </edge>
    <edge id="e33" source="n5" target="n11">
      <data key="d36"><![CDATA[50 Mbps]]></data>
      <data key="d38"/>
      <data key="d39">
        <y:PolyLineEdge>
          <y:Path sx="0.0" sy="0.0" tx="0.0" ty="0.0"/>
          <y:LineStyle color="#FF0000" type="line" width="4.0"/>
          <y:Arrows source="none" target="none"/>
          <y:BendStyle smoothed="false"/>
        </y:PolyLineEdge>
      </data>
    </edge>
    <edge id="e34" source="n5" target="n12">
      <data key="d36"><![CDATA[10 Mbps]]></data>
      <data key="d38"/>
      <data key="d39">
        <y:PolyLineEdge>
          <y:Path sx="0.0" sy="0.0" tx="0.0" ty="0.0"/>
          <y:LineStyle color="#800000" type="line" width="2.0"/>
          <y:Arrows source="none" target="none"/>
          <y:BendStyle smoothed="false"/>
        </y:PolyLineEdge>
      </data>
    </edge>
    <edge id="e35" source="n5" target="n13">
      <data key="d36"><![CDATA[10 Mbps]]></data>
      <data key="d38"/>
      <data key="d39">
        <y:PolyLineEdge>
          <y:Path sx="0.0" sy="0.0" tx="0.0" ty="0.0"/>
          <y:LineStyle color="#800000" type="line" width="2.0"/>
          <y:Arrows source="none" target="none"/>
          <y:BendStyle smoothed="false"/>
        </y:PolyLineEdge>
      </data>
    </edge>
    <edge id="e36" source="n5" target="n14">
      <data key="d36"><![CDATA[10 Mbps]]></data>
      <data key="d38"/>
      <data key="d39">
        <y:PolyLineEdge>
          <y:Path sx="0.0" sy="0.0" tx="0.0" ty="0.0"/>
          <y:LineStyle color="#800000" type="line" width="2.0"/>
          <y:Arrows source="none" target="none"/>
          <y:BendStyle smoothed="false"/>
        </y:PolyLineEdge>
      </data>
    </edge>
    <edge id="e37" source="n5" target="n15">
      <data key="d36"><![CDATA[10 Mbps]]></data>
      <data key="d38"/>
      <data key="d39">
        <y:PolyLineEdge>
          <y:Path sx="0.0" sy="0.0" tx="0.0" ty="0.0"/>
          <y:LineStyle color="#800000" type="line" width="2.0"/>
          <y:Arrows source="none" target="none"/>
          <y:BendStyle smoothed="false"/>
        </y:PolyLineEdge>
      </data>
    </edge>
    <edge id="e38" source="n5" target="n16">
      <data key="d36"><![CDATA[10 Mbps]]></data>
      <data key="d38"/>
      <data key="d39">
        <y:PolyLineEdge>
          <y:Path sx="0.0" sy="0.0" tx="0.0" ty="0.0"/>
          <y:LineStyle color="#800000" type="line" width="2.0"/>
          <y:Arrows source="none" target="none"/>
          <y:BendStyle smoothed="false"/>
        </y:PolyLineEdge>
      </data>
    </edge>
    <edge id="e39" source="n5" target="n17">
      <data key="d36"><![CDATA[10 Mbps]]></data>
      <data key="d38"/>
      <data key="d39">
        <y:PolyLineEdge>
          <y:Path sx="0.0" sy="0.0" tx="0.0" ty="0.0"/>
          <y:LineStyle color="#800000" type="line" width="2.0"/>
          <y:Arrows source="none" target="none"/>
          <y:BendStyle smoothed="false"/>
        </y:PolyLineEdge>
      </data>
    </edge>
  </graph>
  <data key="d0">
    <y:Resources/>
  </data>
</graphml>
