<?xml version="1.0" encoding="UTF-8" standalone="no"?>
<graphml xmlns="http://graphml.graphdrawing.org/xmlns" xmlns:xsi="http://www.w3.org/2001/XMLSchema-instance" xmlns:y="http://www.yworks.com/xml/graphml" xmlns:yed="http://www.yworks.com/xml/yed/3" xsi:schemaLocation="http://graphml.graphdrawing.org/xmlns http://www.yworks.com/xml/schema/graphml/1.1/ygraphml.xsd">
  <!--Created by yFiles for Java 2.8-->
  <key for="graphml" id="d0" yfiles.type="resources"/>
  <key for="port" id="d1" yfiles.type="portgraphics"/>
  <key for="port" id="d2" yfiles.type="portgeometry"/>
  <key for="port" id="d3" yfiles.type="portuserdata"/>
  <key attr.name="Internal" attr.type="boolean" for="node" id="d4"/>
  <key attr.name="geocode_extent" attr.type="string" for="node" id="d5"/>
  <key attr.name="type" attr.type="string" for="node" id="d6"/>
  <key attr.name="url" attr.type="string" for="node" id="d7"/>
  <key attr.name="description" attr.type="string" for="node" id="d8"/>
  <key for="node" id="d9" yfiles.type="nodegraphics"/>
  <key attr.name="Access" attr.type="boolean" for="graph" id="d10"/>
  <key attr.name="Backbone" attr.type="boolean" for="graph" id="d11"/>
  <key attr.name="Commercial" attr.type="boolean" for="graph" id="d12"/>
  <key attr.name="Creator" attr.type="string" for="graph" id="d13"/>
  <key attr.name="Customer" attr.type="boolean" for="graph" id="d14"/>
  <key attr.name="DateModifier" attr.type="string" for="graph" id="d15"/>
  <key attr.name="DateMonth" attr.type="string" for="graph" id="d16"/>
  <key attr.name="DateObtained" attr.type="string" for="graph" id="d17"/>
  <key attr.name="DateType" attr.type="string" for="graph" id="d18"/>
  <key attr.name="DateYear" attr.type="string" for="graph" id="d19"/>
  <key attr.name="Developed" attr.type="boolean" for="graph" id="d20"/>
  <key attr.name="GeoExtent" attr.type="string" for="graph" id="d21"/>
  <key attr.name="GeoLocation" attr.type="string" for="graph" id="d22"/>
  <key attr.name="IX" attr.type="boolean" for="graph" id="d23"/>
  <key attr.name="LastAccess" attr.type="string" for="graph" id="d24"/>
  <key attr.name="LastProcessed" attr.type="string" for="graph" id="d25"/>
  <key attr.name="Layer" attr.type="string" for="graph" id="d26"/>
  <key attr.name="Network" attr.type="string" for="graph" id="d27"/>
  <key attr.name="NetworkDate" attr.type="string" for="graph" id="d28"/>
  <key attr.name="Provenance" attr.type="string" for="graph" id="d29"/>
  <key attr.name="Source" attr.type="string" for="graph" id="d30"/>
  <key attr.name="Testbed" attr.type="boolean" for="graph" id="d31"/>
  <key attr.name="Transit" attr.type="boolean" for="graph" id="d32"/>
  <key attr.name="Type" attr.type="string" for="graph" id="d33"/>
  <key attr.name="Version" attr.type="string" for="graph" id="d34"/>
  <key attr.name="label" attr.type="string" for="edge" id="d35"/>
  <key attr.name="url" attr.type="string" for="edge" id="d36"/>
  <key attr.name="description" attr.type="string" for="edge" id="d37"/>
  <key for="edge" id="d38" yfiles.type="edgegraphics"/>
  <graph edgedefault="directed" id="G">
    <data key="d10">true</data>
    <data key="d11">true</data>
    <data key="d12">false</data>
    <data key="d13"><![CDATA[Topology Zoo Toolset]]></data>
    <data key="d14">true</data>
    <data key="d15"><![CDATA[=]]></data>
    <data key="d16"><![CDATA[08]]></data>
    <data key="d17"><![CDATA[19/10/10]]></data>
    <data key="d18"><![CDATA[Historic]]></data>
    <data key="d19"><![CDATA[2009]]></data>
    <data key="d20">false</data>
    <data key="d21"><![CDATA[Region]]></data>
    <data key="d22"><![CDATA[West Virginia, Virginia, USA]]></data>
    <data key="d23">false</data>
    <data key="d24"><![CDATA[3/08/10]]></data>
    <data key="d25"><![CDATA[2011_09_01]]></data>
    <data key="d26"><![CDATA[Fibre]]></data>
    <data key="d27"><![CDATA[NTELOS ]]></data>
    <data key="d28"><![CDATA[2009_08]]></data>
    <data key="d29"><![CDATA[Primary]]></data>
    <data key="d30"><![CDATA[http://www.ntelos.com/1pdfs/wireline/MapFiber21908.pdf]]></data>
    <data key="d31">false</data>
    <data key="d32">false</data>
    <data key="d33"><![CDATA[COM]]></data>
    <data key="d34"><![CDATA[1.0]]></data>
    <node id="n0">
      <data key="d4">true</data>
      <data key="d5"/>
      <data key="d6"><![CDATA[Node]]></data>
      <data key="d8"/>
      <data key="d9">
        <y:ShapeNode>
          <y:Geometry height="15.0" width="15.0" x="635.21472168" y="527.400024414"/>
          <y:Fill color="#00FF00" transparent="false"/>
          <y:BorderStyle color="#000000" type="line" width="1.0"/>
          <y:NodeLabel alignment="center" autoSizePolicy="content" fontFamily="Dialog" fontSize="8" fontStyle="plain" hasBackgroundColor="false" hasLineColor="false" height="13.421875" modelName="internal" modelPosition="c" textColor="#000000" visible="true" width="43.2734375" x="-14.13671875" y="0.7890625">Columbus</y:NodeLabel>
          <y:Shape type="ellipse"/>
        </y:ShapeNode>
      </data>
    </node>
    <node id="n1">
      <data key="d4">true</data>
      <data key="d5"/>
      <data key="d6"><![CDATA[POP Location]]></data>
      <data key="d8"/>
      <data key="d9">
        <y:ShapeNode>
          <y:Geometry height="15.0" width="15.0" x="1600.21472168" y="727.400024414"/>
          <y:Fill color="#FFCC00" transparent="false"/>
          <y:BorderStyle color="#000000" type="line" width="1.0"/>
          <y:NodeLabel alignment="center" autoSizePolicy="content" fontFamily="Dialog" fontSize="8" fontStyle="plain" hasBackgroundColor="false" hasLineColor="false" height="13.421875" modelName="internal" modelPosition="c" textColor="#000000" visible="true" width="52.484375" x="-18.7421875" y="0.7890625">Morgantown</y:NodeLabel>
          <y:Shape type="ellipse"/>
        </y:ShapeNode>
      </data>
    </node>
    <node id="n2">
      <data key="d4">true</data>
      <data key="d5"/>
      <data key="d6"><![CDATA[POP Location]]></data>
      <data key="d8"/>
      <data key="d9">
        <y:ShapeNode>
          <y:Geometry height="15.0" width="15.0" x="1492.71472168" y="869.900024414"/>
          <y:Fill color="#FFCC00" transparent="false"/>
          <y:BorderStyle color="#000000" type="line" width="1.0"/>
          <y:NodeLabel alignment="center" autoSizePolicy="content" fontFamily="Dialog" fontSize="8" fontStyle="plain" hasBackgroundColor="false" hasLineColor="false" height="13.421875" modelName="internal" modelPosition="c" textColor="#000000" visible="true" width="46.5546875" x="-15.77734375" y="0.7890625">Clarksburg</y:NodeLabel>
          <y:Shape type="ellipse"/>
        </y:ShapeNode>
      </data>
    </node>
    <node id="n3">
      <data key="d4">true</data>
      <data key="d5"/>
      <data key="d6"><![CDATA[Node]]></data>
      <data key="d8"/>
      <data key="d9">
        <y:ShapeNode>
          <y:Geometry height="15.0" width="15.0" x="1405.21472168" y="1029.90002441"/>
          <y:Fill color="#00FF00" transparent="false"/>
          <y:BorderStyle color="#000000" type="line" width="1.0"/>
          <y:NodeLabel alignment="center" autoSizePolicy="content" fontFamily="Dialog" fontSize="8" fontStyle="plain" hasBackgroundColor="false" hasLineColor="false" height="13.421875" modelName="internal" modelPosition="c" textColor="#000000" visible="true" width="29.13671875" x="-7.068359375" y="0.7890625">Sutton</y:NodeLabel>
          <y:Shape type="ellipse"/>
        </y:ShapeNode>
      </data>
    </node>
    <node id="n4">
      <data key="d4">true</data>
      <data key="d5"/>
      <data key="d6"><![CDATA[Node]]></data>
      <data key="d8"/>
      <data key="d9">
        <y:ShapeNode>
          <y:Geometry height="15.0" width="15.0" x="1017.71472168" y="977.400024414"/>
          <y:Fill color="#00FF00" transparent="false"/>
          <y:BorderStyle color="#000000" type="line" width="1.0"/>
          <y:NodeLabel alignment="center" autoSizePolicy="content" fontFamily="Dialog" fontSize="8" fontStyle="plain" hasBackgroundColor="false" hasLineColor="false" height="13.421875" modelName="internal" modelPosition="c" textColor="#000000" visible="true" width="52.14453125" x="-18.572265625" y="0.7890625">Ravenswood</y:NodeLabel>
          <y:Shape type="ellipse"/>
        </y:ShapeNode>
      </data>
    </node>
    <node id="n5">
      <data key="d4">true</data>
      <data key="d5"/>
      <data key="d6"><![CDATA[Node]]></data>
      <data key="d8"/>
      <data key="d9">
        <y:ShapeNode>
          <y:Geometry height="15.0" width="15.0" x="1588.96472168" y="384.899993896"/>
          <y:Fill color="#00FF00" transparent="false"/>
          <y:BorderStyle color="#000000" type="line" width="1.0"/>
          <y:NodeLabel alignment="center" autoSizePolicy="content" fontFamily="Dialog" fontSize="8" fontStyle="plain" hasBackgroundColor="false" hasLineColor="false" height="13.421875" modelName="internal" modelPosition="c" textColor="#000000" visible="true" width="44.0234375" x="-14.51171875" y="0.7890625">Pittsburgh</y:NodeLabel>
          <y:Shape type="ellipse"/>
        </y:ShapeNode>
      </data>
    </node>
    <node id="n6">
      <data key="d4">true</data>
      <data key="d5"><![CDATA[VA]]></data>
      <data key="d6"><![CDATA[Node]]></data>
      <data key="d8"/>
      <data key="d9">
        <y:ShapeNode>
          <y:Geometry height="15.0" width="15.0" x="2387.71459961" y="963.650024414"/>
          <y:Fill color="#00FF00" transparent="false"/>
          <y:BorderStyle color="#000000" type="line" width="1.0"/>
          <y:NodeLabel alignment="center" autoSizePolicy="content" fontFamily="Dialog" fontSize="8" fontStyle="plain" hasBackgroundColor="false" hasLineColor="false" height="13.421875" modelName="internal" modelPosition="c" textColor="#000000" visible="true" width="36.80078125" x="-10.900390625" y="0.7890625">Ashburn</y:NodeLabel>
          <y:Shape type="ellipse"/>
        </y:ShapeNode>
      </data>
    </node>
    <node id="n7">
      <data key="d4">true</data>
      <data key="d5"><![CDATA[VA]]></data>
      <data key="d6"><![CDATA[POP Location]]></data>
      <data key="d8"/>
      <data key="d9">
        <y:ShapeNode>
          <y:Geometry height="15.0" width="15.0" x="2161.46459961" y="871.150024414"/>
          <y:Fill color="#FFCC00" transparent="false"/>
          <y:BorderStyle color="#000000" type="line" width="1.0"/>
          <y:NodeLabel alignment="center" autoSizePolicy="content" fontFamily="Dialog" fontSize="8" fontStyle="plain" hasBackgroundColor="false" hasLineColor="false" height="13.421875" modelName="internal" modelPosition="c" textColor="#000000" visible="true" width="46.44140625" x="-15.720703125" y="0.7890625">Winchester</y:NodeLabel>
          <y:Shape type="ellipse"/>
        </y:ShapeNode>
      </data>
    </node>
    <node id="n8">
      <data key="d4">true</data>
      <data key="d5"/>
      <data key="d6"><![CDATA[POP Location]]></data>
      <data key="d8"/>
      <data key="d9">
        <y:ShapeNode>
          <y:Geometry height="15.0" width="15.0" x="1918.96472168" y="1167.40002441"/>
          <y:Fill color="#FFCC00" transparent="false"/>
          <y:BorderStyle color="#000000" type="line" width="1.0"/>
          <y:NodeLabel alignment="center" autoSizePolicy="content" fontFamily="Dialog" fontSize="8" fontStyle="plain" hasBackgroundColor="false" hasLineColor="false" height="13.421875" modelName="internal" modelPosition="c" textColor="#000000" visible="true" width="55.375" x="-20.1875" y="0.7890625">Harrisonburg</y:NodeLabel>
          <y:Shape type="ellipse"/>
        </y:ShapeNode>
      </data>
    </node>
    <node id="n9">
      <data key="d4">true</data>
      <data key="d5"/>
      <data key="d6"><![CDATA[POP Location]]></data>
      <data key="d8"/>
      <data key="d9">
        <y:ShapeNode>
          <y:Geometry height="15.0" width="15.0" x="1851.46472168" y="1268.65002441"/>
          <y:Fill color="#FFCC00" transparent="false"/>
          <y:BorderStyle color="#000000" type="line" width="1.0"/>
          <y:NodeLabel alignment="center" autoSizePolicy="content" fontFamily="Dialog" fontSize="8" fontStyle="plain" hasBackgroundColor="false" hasLineColor="false" height="13.421875" modelName="internal" modelPosition="c" textColor="#000000" visible="true" width="38.51953125" x="-11.759765625" y="0.7890625">Staunton</y:NodeLabel>
          <y:Shape type="ellipse"/>
        </y:ShapeNode>
      </data>
    </node>
    <node id="n10">
      <data key="d4">true</data>
      <data key="d5"/>
      <data key="d6"><![CDATA[POP Location]]></data>
      <data key="d8"/>
      <data key="d9">
        <y:ShapeNode>
          <y:Geometry height="15.0" width="15.0" x="1938.96472168" y="1297.40002441"/>
          <y:Fill color="#FFCC00" transparent="false"/>
          <y:BorderStyle color="#000000" type="line" width="1.0"/>
          <y:NodeLabel alignment="center" autoSizePolicy="content" fontFamily="Dialog" fontSize="8" fontStyle="plain" hasBackgroundColor="false" hasLineColor="false" height="13.421875" modelName="internal" modelPosition="c" textColor="#000000" visible="true" width="51.078125" x="-18.0390625" y="0.7890625">Waynesboro</y:NodeLabel>
          <y:Shape type="ellipse"/>
        </y:ShapeNode>
      </data>
    </node>
    <node id="n11">
      <data key="d4">true</data>
      <data key="d5"><![CDATA[VA]]></data>
      <data key="d6"><![CDATA[POP Location]]></data>
      <data key="d8"/>
      <data key="d9">
        <y:ShapeNode>
          <y:Geometry height="15.0" width="15.0" x="2152.71459961" y="1193.65002441"/>
          <y:Fill color="#FFCC00" transparent="false"/>
          <y:BorderStyle color="#000000" type="line" width="1.0"/>
          <y:NodeLabel alignment="center" autoSizePolicy="content" fontFamily="Dialog" fontSize="8" fontStyle="plain" hasBackgroundColor="false" hasLineColor="false" height="13.421875" modelName="internal" modelPosition="c" textColor="#000000" visible="true" width="36.61328125" x="-10.806640625" y="0.7890625">Madison</y:NodeLabel>
          <y:Shape type="ellipse"/>
        </y:ShapeNode>
      </data>
    </node>
    <node id="n12">
      <data key="d4">true</data>
      <data key="d5"/>
      <data key="d6"><![CDATA[POP Location]]></data>
      <data key="d8"/>
      <data key="d9">
        <y:ShapeNode>
          <y:Geometry height="15.0" width="15.0" x="2046.46472168" y="1323.65002441"/>
          <y:Fill color="#FFCC00" transparent="false"/>
          <y:BorderStyle color="#000000" type="line" width="1.0"/>
          <y:NodeLabel alignment="center" autoSizePolicy="content" fontFamily="Dialog" fontSize="8" fontStyle="plain" hasBackgroundColor="false" hasLineColor="false" height="13.421875" modelName="internal" modelPosition="c" textColor="#000000" visible="true" width="59.47265625" x="-22.236328125" y="0.7890625">Charlottesville</y:NodeLabel>
          <y:Shape type="ellipse"/>
        </y:ShapeNode>
      </data>
    </node>
    <node id="n13">
      <data key="d4">true</data>
      <data key="d5"/>
      <data key="d6"><![CDATA[POP Location]]></data>
      <data key="d8"/>
      <data key="d9">
        <y:ShapeNode>
          <y:Geometry height="15.0" width="15.0" x="2245.21459961" y="1134.90002441"/>
          <y:Fill color="#FFCC00" transparent="false"/>
          <y:BorderStyle color="#000000" type="line" width="1.0"/>
          <y:NodeLabel alignment="center" autoSizePolicy="content" fontFamily="Dialog" fontSize="8" fontStyle="plain" hasBackgroundColor="false" hasLineColor="false" height="13.421875" modelName="internal" modelPosition="c" textColor="#000000" visible="true" width="39.0703125" x="-12.03515625" y="0.7890625">Culpeper</y:NodeLabel>
          <y:Shape type="ellipse"/>
        </y:ShapeNode>
      </data>
    </node>
    <node id="n14">
      <data key="d4">true</data>
      <data key="d5"><![CDATA[VA]]></data>
      <data key="d6"><![CDATA[POP Location]]></data>
      <data key="d8"/>
      <data key="d9">
        <y:ShapeNode>
          <y:Geometry height="15.0" width="15.0" x="2262.71459961" y="1077.40002441"/>
          <y:Fill color="#FFCC00" transparent="false"/>
          <y:BorderStyle color="#000000" type="line" width="1.0"/>
          <y:NodeLabel alignment="center" autoSizePolicy="content" fontFamily="Dialog" fontSize="8" fontStyle="plain" hasBackgroundColor="false" hasLineColor="false" height="13.421875" modelName="internal" modelPosition="c" textColor="#000000" visible="true" width="44.1015625" x="-14.55078125" y="0.7890625">Warrenton</y:NodeLabel>
          <y:Shape type="ellipse"/>
        </y:ShapeNode>
      </data>
    </node>
    <node id="n15">
      <data key="d4">true</data>
      <data key="d5"><![CDATA[VA]]></data>
      <data key="d6"><![CDATA[Node]]></data>
      <data key="d8"/>
      <data key="d9">
        <y:ShapeNode>
          <y:Geometry height="15.0" width="15.0" x="2396.46459961" y="1546.15002441"/>
          <y:Fill color="#00FF00" transparent="false"/>
          <y:BorderStyle color="#000000" type="line" width="1.0"/>
          <y:NodeLabel alignment="center" autoSizePolicy="content" fontFamily="Dialog" fontSize="8" fontStyle="plain" hasBackgroundColor="false" hasLineColor="false" height="13.421875" modelName="internal" modelPosition="c" textColor="#000000" visible="true" width="42.81640625" x="-13.908203125" y="0.7890625">Richmond</y:NodeLabel>
          <y:Shape type="ellipse"/>
        </y:ShapeNode>
      </data>
    </node>
    <node id="n16">
      <data key="d4">true</data>
      <data key="d5"/>
      <data key="d6"><![CDATA[POP Location]]></data>
      <data key="d8"/>
      <data key="d9">
        <y:ShapeNode>
          <y:Geometry height="15.0" width="15.0" x="2182.71459961" y="1676.15002441"/>
          <y:Fill color="#FFCC00" transparent="false"/>
          <y:BorderStyle color="#000000" type="line" width="1.0"/>
          <y:NodeLabel alignment="center" autoSizePolicy="content" fontFamily="Dialog" fontSize="8" fontStyle="plain" hasBackgroundColor="false" hasLineColor="false" height="13.421875" modelName="internal" modelPosition="c" textColor="#000000" visible="true" width="38.984375" x="-11.9921875" y="0.7890625">Farmville</y:NodeLabel>
          <y:Shape type="ellipse"/>
        </y:ShapeNode>
      </data>
    </node>
    <node id="n17">
      <data key="d4">true</data>
      <data key="d5"/>
      <data key="d6"><![CDATA[POP Location]]></data>
      <data key="d8"/>
      <data key="d9">
        <y:ShapeNode>
          <y:Geometry height="15.0" width="15.0" x="1818.96472168" y="1592.40002441"/>
          <y:Fill color="#FFCC00" transparent="false"/>
          <y:BorderStyle color="#000000" type="line" width="1.0"/>
          <y:NodeLabel alignment="center" autoSizePolicy="content" fontFamily="Dialog" fontSize="8" fontStyle="plain" hasBackgroundColor="false" hasLineColor="false" height="13.421875" modelName="internal" modelPosition="c" textColor="#000000" visible="true" width="44.734375" x="-14.8671875" y="0.7890625">Lynchburg</y:NodeLabel>
          <y:Shape type="ellipse"/>
        </y:ShapeNode>
      </data>
    </node>
    <node id="n18">
      <data key="d4">true</data>
      <data key="d5"/>
      <data key="d6"><![CDATA[POP Location]]></data>
      <data key="d8"/>
      <data key="d9">
        <y:ShapeNode>
          <y:Geometry height="15.0" width="15.0" x="1641.46472168" y="1539.90002441"/>
          <y:Fill color="#FFCC00" transparent="false"/>
          <y:BorderStyle color="#000000" type="line" width="1.0"/>
          <y:NodeLabel alignment="center" autoSizePolicy="content" fontFamily="Dialog" fontSize="8" fontStyle="plain" hasBackgroundColor="false" hasLineColor="false" height="13.421875" modelName="internal" modelPosition="c" textColor="#000000" visible="true" width="40.73828125" x="-12.869140625" y="0.7890625">Troutville</y:NodeLabel>
          <y:Shape type="ellipse"/>
        </y:ShapeNode>
      </data>
    </node>
    <node id="n19">
      <data key="d4">true</data>
      <data key="d5"/>
      <data key="d6"><![CDATA[POP Location]]></data>
      <data key="d8"/>
      <data key="d9">
        <y:ShapeNode>
          <y:Geometry height="15.0" width="15.0" x="1641.46472168" y="1398.65002441"/>
          <y:Fill color="#FFCC00" transparent="false"/>
          <y:BorderStyle color="#000000" type="line" width="1.0"/>
          <y:NodeLabel alignment="center" autoSizePolicy="content" fontFamily="Dialog" fontSize="8" fontStyle="plain" hasBackgroundColor="false" hasLineColor="false" height="13.421875" modelName="internal" modelPosition="c" textColor="#000000" visible="true" width="54.42578125" x="-19.712890625" y="0.7890625">Clifton Forge</y:NodeLabel>
          <y:Shape type="ellipse"/>
        </y:ShapeNode>
      </data>
    </node>
    <node id="n20">
      <data key="d4">true</data>
      <data key="d5"><![CDATA[VA]]></data>
      <data key="d6"><![CDATA[POP Location]]></data>
      <data key="d8"/>
      <data key="d9">
        <y:ShapeNode>
          <y:Geometry height="15.0" width="15.0" x="1571.46472168" y="1408.65002441"/>
          <y:Fill color="#FFCC00" transparent="false"/>
          <y:BorderStyle color="#000000" type="line" width="1.0"/>
          <y:NodeLabel alignment="center" autoSizePolicy="content" fontFamily="Dialog" fontSize="8" fontStyle="plain" hasBackgroundColor="false" hasLineColor="false" height="13.421875" modelName="internal" modelPosition="c" textColor="#000000" visible="true" width="43.7265625" x="-14.36328125" y="0.7890625">Covington</y:NodeLabel>
          <y:Shape type="ellipse"/>
        </y:ShapeNode>
      </data>
    </node>
    <node id="n21">
      <data key="d4">true</data>
      <data key="d5"/>
      <data key="d6"><![CDATA[POP Location]]></data>
      <data key="d8"/>
      <data key="d9">
        <y:ShapeNode>
          <y:Geometry height="15.0" width="15.0" x="1477.71472168" y="1384.90002441"/>
          <y:Fill color="#FFCC00" transparent="false"/>
          <y:BorderStyle color="#000000" type="line" width="1.0"/>
          <y:NodeLabel alignment="center" autoSizePolicy="content" fontFamily="Dialog" fontSize="8" fontStyle="plain" hasBackgroundColor="false" hasLineColor="false" height="13.421875" modelName="internal" modelPosition="c" textColor="#000000" visible="true" width="89.41796875" x="-37.208984375" y="0.7890625">White Sulphur Springs</y:NodeLabel>
          <y:Shape type="ellipse"/>
        </y:ShapeNode>
      </data>
    </node>
    <node id="n22">
      <data key="d4">true</data>
      <data key="d5"/>
      <data key="d6"><![CDATA[POP Location]]></data>
      <data key="d8"/>
      <data key="d9">
        <y:ShapeNode>
          <y:Geometry height="15.0" width="15.0" x="1390.21472168" y="1378.65002441"/>
          <y:Fill color="#FFCC00" transparent="false"/>
          <y:BorderStyle color="#000000" type="line" width="1.0"/>
          <y:NodeLabel alignment="center" autoSizePolicy="content" fontFamily="Dialog" fontSize="8" fontStyle="plain" hasBackgroundColor="false" hasLineColor="false" height="13.421875" modelName="internal" modelPosition="c" textColor="#000000" visible="true" width="43.5390625" x="-14.26953125" y="0.7890625">Lewisburg</y:NodeLabel>
          <y:Shape type="ellipse"/>
        </y:ShapeNode>
      </data>
    </node>
    <node id="n23">
      <data key="d4">true</data>
      <data key="d5"/>
      <data key="d6"><![CDATA[Node]]></data>
      <data key="d8"/>
      <data key="d9">
        <y:ShapeNode>
          <y:Geometry height="15.0" width="15.0" x="1323.96472168" y="1194.90002441"/>
          <y:Fill color="#00FF00" transparent="false"/>
          <y:BorderStyle color="#000000" type="line" width="1.0"/>
          <y:NodeLabel alignment="center" autoSizePolicy="content" fontFamily="Dialog" fontSize="8" fontStyle="plain" hasBackgroundColor="false" hasLineColor="false" height="13.421875" modelName="internal" modelPosition="c" textColor="#000000" visible="true" width="55.5546875" x="-20.27734375" y="0.7890625">Summersville</y:NodeLabel>
          <y:Shape type="ellipse"/>
        </y:ShapeNode>
      </data>
    </node>
    <node id="n24">
      <data key="d4">true</data>
      <data key="d5"/>
      <data key="d6"><![CDATA[POP Location]]></data>
      <data key="d8"/>
      <data key="d9">
        <y:ShapeNode>
          <y:Geometry height="15.0" width="15.0" x="1060.21472168" y="1194.90002441"/>
          <y:Fill color="#FFCC00" transparent="false"/>
          <y:BorderStyle color="#000000" type="line" width="1.0"/>
          <y:NodeLabel alignment="center" autoSizePolicy="content" fontFamily="Dialog" fontSize="8" fontStyle="plain" hasBackgroundColor="false" hasLineColor="false" height="13.421875" modelName="internal" modelPosition="c" textColor="#000000" visible="true" width="45.91015625" x="-15.455078125" y="0.7890625">Charleston</y:NodeLabel>
          <y:Shape type="ellipse"/>
        </y:ShapeNode>
      </data>
    </node>
    <node id="n25">
      <data key="d4">true</data>
      <data key="d5"/>
      <data key="d6"><![CDATA[POP Location]]></data>
      <data key="d8"/>
      <data key="d9">
        <y:ShapeNode>
          <y:Geometry height="15.0" width="15.0" x="815.21472168" y="1177.40002441"/>
          <y:Fill color="#FFCC00" transparent="false"/>
          <y:BorderStyle color="#000000" type="line" width="1.0"/>
          <y:NodeLabel alignment="center" autoSizePolicy="content" fontFamily="Dialog" fontSize="8" fontStyle="plain" hasBackgroundColor="false" hasLineColor="false" height="13.421875" modelName="internal" modelPosition="c" textColor="#000000" visible="true" width="47.9375" x="-16.46875" y="0.7890625">Huntington</y:NodeLabel>
          <y:Shape type="ellipse"/>
        </y:ShapeNode>
      </data>
    </node>
    <node id="n26">
      <data key="d4">true</data>
      <data key="d5"><![CDATA[KY]]></data>
      <data key="d6"><![CDATA[POP Location]]></data>
      <data key="d8"/>
      <data key="d9">
        <y:ShapeNode>
          <y:Geometry height="15.0" width="15.0" x="725.21472168" y="1138.65002441"/>
          <y:Fill color="#FFCC00" transparent="false"/>
          <y:BorderStyle color="#000000" type="line" width="1.0"/>
          <y:NodeLabel alignment="center" autoSizePolicy="content" fontFamily="Dialog" fontSize="8" fontStyle="plain" hasBackgroundColor="false" hasLineColor="false" height="13.421875" modelName="internal" modelPosition="c" textColor="#000000" visible="true" width="35.29296875" x="-10.146484375" y="0.7890625">Ashland</y:NodeLabel>
          <y:Shape type="ellipse"/>
        </y:ShapeNode>
      </data>
    </node>
    <node id="n27">
      <data key="d4">true</data>
      <data key="d5"/>
      <data key="d6"><![CDATA[POP Location]]></data>
      <data key="d8"/>
      <data key="d9">
        <y:ShapeNode>
          <y:Geometry height="15.0" width="15.0" x="1208.96472168" y="1434.90002441"/>
          <y:Fill color="#FFCC00" transparent="false"/>
          <y:BorderStyle color="#000000" type="line" width="1.0"/>
          <y:NodeLabel alignment="center" autoSizePolicy="content" fontFamily="Dialog" fontSize="8" fontStyle="plain" hasBackgroundColor="false" hasLineColor="false" height="13.421875" modelName="internal" modelPosition="c" textColor="#000000" visible="true" width="32.78125" x="-8.890625" y="0.7890625">Beckley</y:NodeLabel>
          <y:Shape type="ellipse"/>
        </y:ShapeNode>
      </data>
    </node>
    <node id="n28">
      <data key="d4">true</data>
      <data key="d5"/>
      <data key="d6"><![CDATA[Node]]></data>
      <data key="d8"/>
      <data key="d9">
        <y:ShapeNode>
          <y:Geometry height="15.0" width="15.0" x="860.21472168" y="2019.90002441"/>
          <y:Fill color="#00FF00" transparent="false"/>
          <y:BorderStyle color="#000000" type="line" width="1.0"/>
          <y:NodeLabel alignment="center" autoSizePolicy="content" fontFamily="Dialog" fontSize="8" fontStyle="plain" hasBackgroundColor="false" hasLineColor="false" height="13.421875" modelName="internal" modelPosition="c" textColor="#000000" visible="true" width="52.83984375" x="-18.919921875" y="0.7890625">Johnson City</y:NodeLabel>
          <y:Shape type="ellipse"/>
        </y:ShapeNode>
      </data>
    </node>
    <node id="n29">
      <data key="d4">true</data>
      <data key="d5"/>
      <data key="d6"><![CDATA[Node]]></data>
      <data key="d8"/>
      <data key="d9">
        <y:ShapeNode>
          <y:Geometry height="15.0" width="15.0" x="762.71472168" y="1898.65002441"/>
          <y:Fill color="#00FF00" transparent="false"/>
          <y:BorderStyle color="#000000" type="line" width="1.0"/>
          <y:NodeLabel alignment="center" autoSizePolicy="content" fontFamily="Dialog" fontSize="8" fontStyle="plain" hasBackgroundColor="false" hasLineColor="false" height="13.421875" modelName="internal" modelPosition="c" textColor="#000000" visible="true" width="41.78125" x="-13.390625" y="0.7890625">Kingsport</y:NodeLabel>
          <y:Shape type="ellipse"/>
        </y:ShapeNode>
      </data>
    </node>
    <node id="n30">
      <data key="d4">true</data>
      <data key="d5"><![CDATA[TN]]></data>
      <data key="d6"><![CDATA[Node]]></data>
      <data key="d8"/>
      <data key="d9">
        <y:ShapeNode>
          <y:Geometry height="15.0" width="15.0" x="882.71472168" y="1876.15002441"/>
          <y:Fill color="#00FF00" transparent="false"/>
          <y:BorderStyle color="#000000" type="line" width="1.0"/>
          <y:NodeLabel alignment="center" autoSizePolicy="content" fontFamily="Dialog" fontSize="8" fontStyle="plain" hasBackgroundColor="false" hasLineColor="false" height="13.421875" modelName="internal" modelPosition="c" textColor="#000000" visible="true" width="28.484375" x="-6.7421875" y="0.7890625">Bristol</y:NodeLabel>
          <y:Shape type="ellipse"/>
        </y:ShapeNode>
      </data>
    </node>
    <node id="n31">
      <data key="d4">true</data>
      <data key="d5"/>
      <data key="d6"><![CDATA[POP Location]]></data>
      <data key="d8"/>
      <data key="d9">
        <y:ShapeNode>
          <y:Geometry height="15.0" width="15.0" x="955.21472168" y="1819.90002441"/>
          <y:Fill color="#FFCC00" transparent="false"/>
          <y:BorderStyle color="#000000" type="line" width="1.0"/>
          <y:NodeLabel alignment="center" autoSizePolicy="content" fontFamily="Dialog" fontSize="8" fontStyle="plain" hasBackgroundColor="false" hasLineColor="false" height="13.421875" modelName="internal" modelPosition="c" textColor="#000000" visible="true" width="41.734375" x="-13.3671875" y="0.7890625">Abingdon</y:NodeLabel>
          <y:Shape type="ellipse"/>
        </y:ShapeNode>
      </data>
    </node>
    <node id="n32">
      <data key="d4">true</data>
      <data key="d5"/>
      <data key="d6"><![CDATA[Node]]></data>
      <data key="d8"/>
      <data key="d9">
        <y:ShapeNode>
          <y:Geometry height="15.0" width="15.0" x="1063.96472168" y="1671.15002441"/>
          <y:Fill color="#00FF00" transparent="false"/>
          <y:BorderStyle color="#000000" type="line" width="1.0"/>
          <y:NodeLabel alignment="center" autoSizePolicy="content" fontFamily="Dialog" fontSize="8" fontStyle="plain" hasBackgroundColor="false" hasLineColor="false" height="13.421875" modelName="internal" modelPosition="c" textColor="#000000" visible="true" width="37.765625" x="-11.3828125" y="0.7890625">Tazewell</y:NodeLabel>
          <y:Shape type="ellipse"/>
        </y:ShapeNode>
      </data>
    </node>
    <node id="n33">
      <data key="d4">true</data>
      <data key="d5"/>
      <data key="d6"><![CDATA[POP Location]]></data>
      <data key="d8"/>
      <data key="d9">
        <y:ShapeNode>
          <y:Geometry height="15.0" width="15.0" x="1202.71472168" y="1608.65002441"/>
          <y:Fill color="#FFCC00" transparent="false"/>
          <y:BorderStyle color="#000000" type="line" width="1.0"/>
          <y:NodeLabel alignment="center" autoSizePolicy="content" fontFamily="Dialog" fontSize="8" fontStyle="plain" hasBackgroundColor="false" hasLineColor="false" height="13.421875" modelName="internal" modelPosition="c" textColor="#000000" visible="true" width="37.39453125" x="-11.197265625" y="0.7890625">Bluefield</y:NodeLabel>
          <y:Shape type="ellipse"/>
        </y:ShapeNode>
      </data>
    </node>
    <node id="n34">
      <data key="d4">true</data>
      <data key="d5"/>
      <data key="d6"><![CDATA[POP Location]]></data>
      <data key="d8"/>
      <data key="d9">
        <y:ShapeNode>
          <y:Geometry height="15.0" width="15.0" x="1215.21472168" y="1764.90002441"/>
          <y:Fill color="#FFCC00" transparent="false"/>
          <y:BorderStyle color="#000000" type="line" width="1.0"/>
          <y:NodeLabel alignment="center" autoSizePolicy="content" fontFamily="Dialog" fontSize="8" fontStyle="plain" hasBackgroundColor="false" hasLineColor="false" height="13.421875" modelName="internal" modelPosition="c" textColor="#000000" visible="true" width="42.97265625" x="-13.986328125" y="0.7890625">Wytheville</y:NodeLabel>
          <y:Shape type="ellipse"/>
        </y:ShapeNode>
      </data>
    </node>
    <node id="n35">
      <data key="d4">true</data>
      <data key="d5"/>
      <data key="d6"><![CDATA[POP Location]]></data>
      <data key="d8"/>
      <data key="d9">
        <y:ShapeNode>
          <y:Geometry height="15.0" width="15.0" x="1368.96472168" y="1683.65002441"/>
          <y:Fill color="#FFCC00" transparent="false"/>
          <y:BorderStyle color="#000000" type="line" width="1.0"/>
          <y:NodeLabel alignment="center" autoSizePolicy="content" fontFamily="Dialog" fontSize="8" fontStyle="plain" hasBackgroundColor="false" hasLineColor="false" height="13.421875" modelName="internal" modelPosition="c" textColor="#000000" visible="true" width="34.67578125" x="-9.837890625" y="0.7890625">Radford</y:NodeLabel>
          <y:Shape type="ellipse"/>
        </y:ShapeNode>
      </data>
    </node>
    <node id="n36">
      <data key="d4">true</data>
      <data key="d5"/>
      <data key="d6"><![CDATA[POP Location]]></data>
      <data key="d8"/>
      <data key="d9">
        <y:ShapeNode>
          <y:Geometry height="15.0" width="15.0" x="1415.21472168" y="1629.90002441"/>
          <y:Fill color="#FFCC00" transparent="false"/>
          <y:BorderStyle color="#000000" type="line" width="1.0"/>
          <y:NodeLabel alignment="center" autoSizePolicy="content" fontFamily="Dialog" fontSize="8" fontStyle="plain" hasBackgroundColor="false" hasLineColor="false" height="13.421875" modelName="internal" modelPosition="c" textColor="#000000" visible="true" width="46.4453125" x="-15.72265625" y="0.7890625">Blacksburg</y:NodeLabel>
          <y:Shape type="ellipse"/>
        </y:ShapeNode>
      </data>
    </node>
    <node id="n37">
      <data key="d4">true</data>
      <data key="d5"/>
      <data key="d6"><![CDATA[POP Location]]></data>
      <data key="d8"/>
      <data key="d9">
        <y:ShapeNode>
          <y:Geometry height="15.0" width="15.0" x="1477.71472168" y="1692.40002441"/>
          <y:Fill color="#FFCC00" transparent="false"/>
          <y:BorderStyle color="#000000" type="line" width="1.0"/>
          <y:NodeLabel alignment="center" autoSizePolicy="content" fontFamily="Dialog" fontSize="8" fontStyle="plain" hasBackgroundColor="false" hasLineColor="false" height="13.421875" modelName="internal" modelPosition="c" textColor="#000000" visible="true" width="61.19140625" x="-23.095703125" y="0.7890625">Christiansburg</y:NodeLabel>
          <y:Shape type="ellipse"/>
        </y:ShapeNode>
      </data>
    </node>
    <node id="n38">
      <data key="d4">true</data>
      <data key="d5"><![CDATA[VA]]></data>
      <data key="d6"><![CDATA[POP Location]]></data>
      <data key="d8"/>
      <data key="d9">
        <y:ShapeNode>
          <y:Geometry height="15.0" width="15.0" x="1523.96472168" y="1612.40002441"/>
          <y:Fill color="#FFCC00" transparent="false"/>
          <y:BorderStyle color="#000000" type="line" width="1.0"/>
          <y:NodeLabel alignment="center" autoSizePolicy="content" fontFamily="Dialog" fontSize="8" fontStyle="plain" hasBackgroundColor="false" hasLineColor="false" height="13.421875" modelName="internal" modelPosition="c" textColor="#000000" visible="true" width="26.96484375" x="-5.982421875" y="0.7890625">Salem</y:NodeLabel>
          <y:Shape type="ellipse"/>
        </y:ShapeNode>
      </data>
    </node>
    <node id="n39">
      <data key="d4">true</data>
      <data key="d5"/>
      <data key="d6"><![CDATA[POP Location]]></data>
      <data key="d8"/>
      <data key="d9">
        <y:ShapeNode>
          <y:Geometry height="15.0" width="15.0" x="1587.71472168" y="1631.15002441"/>
          <y:Fill color="#FFCC00" transparent="false"/>
          <y:BorderStyle color="#000000" type="line" width="1.0"/>
          <y:NodeLabel alignment="center" autoSizePolicy="content" fontFamily="Dialog" fontSize="8" fontStyle="plain" hasBackgroundColor="false" hasLineColor="false" height="13.421875" modelName="internal" modelPosition="c" textColor="#000000" visible="true" width="37.40234375" x="-11.201171875" y="0.7890625">Roanoke</y:NodeLabel>
          <y:Shape type="ellipse"/>
        </y:ShapeNode>
      </data>
    </node>
    <node id="n40">
      <data key="d4">true</data>
      <data key="d5"><![CDATA[VA]]></data>
      <data key="d6"><![CDATA[POP Location]]></data>
      <data key="d8"/>
      <data key="d9">
        <y:ShapeNode>
          <y:Geometry height="15.0" width="15.0" x="1605.21472168" y="1719.90002441"/>
          <y:Fill color="#FFCC00" transparent="false"/>
          <y:BorderStyle color="#000000" type="line" width="1.0"/>
          <y:NodeLabel alignment="center" autoSizePolicy="content" fontFamily="Dialog" fontSize="8" fontStyle="plain" hasBackgroundColor="false" hasLineColor="false" height="13.421875" modelName="internal" modelPosition="c" textColor="#000000" visible="true" width="54.18359375" x="-19.591796875" y="0.7890625">Rocky Mount</y:NodeLabel>
          <y:Shape type="ellipse"/>
        </y:ShapeNode>
      </data>
    </node>
    <node id="n41">
      <data key="d4">true</data>
      <data key="d5"><![CDATA[VA]]></data>
      <data key="d6"><![CDATA[POP Location]]></data>
      <data key="d8"/>
      <data key="d9">
        <y:ShapeNode>
          <y:Geometry height="15.0" width="15.0" x="1593.96472168" y="1858.65002441"/>
          <y:Fill color="#FFCC00" transparent="false"/>
          <y:BorderStyle color="#000000" type="line" width="1.0"/>
          <y:NodeLabel alignment="center" autoSizePolicy="content" fontFamily="Dialog" fontSize="8" fontStyle="plain" hasBackgroundColor="false" hasLineColor="false" height="13.421875" modelName="internal" modelPosition="c" textColor="#000000" visible="true" width="48.46484375" x="-16.732421875" y="0.7890625">Martinsville</y:NodeLabel>
          <y:Shape type="ellipse"/>
        </y:ShapeNode>
      </data>
    </node>
    <node id="n42">
      <data key="d4">true</data>
      <data key="d5"/>
      <data key="d6"><![CDATA[POP Location]]></data>
      <data key="d8"/>
      <data key="d9">
        <y:ShapeNode>
          <y:Geometry height="15.0" width="15.0" x="1635.21472168" y="2074.89990234"/>
          <y:Fill color="#FFCC00" transparent="false"/>
          <y:BorderStyle color="#000000" type="line" width="1.0"/>
          <y:NodeLabel alignment="center" autoSizePolicy="content" fontFamily="Dialog" fontSize="8" fontStyle="plain" hasBackgroundColor="false" hasLineColor="false" height="13.421875" modelName="internal" modelPosition="c" textColor="#000000" visible="true" width="49.1484375" x="-17.07421875" y="0.7890625">Greensboro</y:NodeLabel>
          <y:Shape type="ellipse"/>
        </y:ShapeNode>
      </data>
    </node>
    <node id="n43">
      <data key="d4">true</data>
      <data key="d5"><![CDATA[VA]]></data>
      <data key="d6"><![CDATA[POP Location]]></data>
      <data key="d8"/>
      <data key="d9">
        <y:ShapeNode>
          <y:Geometry height="15.0" width="15.0" x="1770.21472168" y="1883.65002441"/>
          <y:Fill color="#FFCC00" transparent="false"/>
          <y:BorderStyle color="#000000" type="line" width="1.0"/>
          <y:NodeLabel alignment="center" autoSizePolicy="content" fontFamily="Dialog" fontSize="8" fontStyle="plain" hasBackgroundColor="false" hasLineColor="false" height="13.421875" modelName="internal" modelPosition="c" textColor="#000000" visible="true" width="34.91015625" x="-9.955078125" y="0.7890625">Danville</y:NodeLabel>
          <y:Shape type="ellipse"/>
        </y:ShapeNode>
      </data>
    </node>
    <node id="n44">
      <data key="d4">true</data>
      <data key="d5"><![CDATA[VA]]></data>
      <data key="d6"><![CDATA[POP Location]]></data>
      <data key="d8"/>
      <data key="d9">
        <y:ShapeNode>
          <y:Geometry height="15.0" width="15.0" x="2022.71472168" y="1836.15002441"/>
          <y:Fill color="#FFCC00" transparent="false"/>
          <y:BorderStyle color="#000000" type="line" width="1.0"/>
          <y:NodeLabel alignment="center" autoSizePolicy="content" fontFamily="Dialog" fontSize="8" fontStyle="plain" hasBackgroundColor="false" hasLineColor="false" height="13.421875" modelName="internal" modelPosition="c" textColor="#000000" visible="true" width="55.140625" x="-20.0703125" y="0.7890625">South Boston</y:NodeLabel>
          <y:Shape type="ellipse"/>
        </y:ShapeNode>
      </data>
    </node>
    <node id="n45">
      <data key="d4">true</data>
      <data key="d5"/>
      <data key="d6"><![CDATA[POP Location]]></data>
      <data key="d8"/>
      <data key="d9">
        <y:ShapeNode>
          <y:Geometry height="15.0" width="15.0" x="1738.96472168" y="1466.15002441"/>
          <y:Fill color="#FFCC00" transparent="false"/>
          <y:BorderStyle color="#000000" type="line" width="1.0"/>
          <y:NodeLabel alignment="center" autoSizePolicy="content" fontFamily="Dialog" fontSize="8" fontStyle="plain" hasBackgroundColor="false" hasLineColor="false" height="13.421875" modelName="internal" modelPosition="c" textColor="#000000" visible="true" width="42.765625" x="-13.8828125" y="0.7890625">Lexington</y:NodeLabel>
          <y:Shape type="ellipse"/>
        </y:ShapeNode>
      </data>
    </node>
    <node id="n46">
      <data key="d4">true</data>
      <data key="d5"/>
      <data key="d6"><![CDATA[Node]]></data>
      <data key="d8"/>
      <data key="d9">
        <y:ShapeNode>
          <y:Geometry height="15.0" width="15.0" x="1174.04284668" y="1275.65563965"/>
          <y:Fill color="#00FF00" transparent="false"/>
          <y:BorderStyle color="#000000" type="line" width="1.0"/>
          <y:NodeLabel alignment="center" autoSizePolicy="content" fontFamily="Dialog" fontSize="8" fontStyle="plain" hasBackgroundColor="false" hasLineColor="false" height="13.421875" modelName="internal" modelPosition="c" textColor="#000000" visible="true" width="53.04296875" x="-19.021484375" y="0.7890625">Montgomery</y:NodeLabel>
          <y:Shape type="ellipse"/>
        </y:ShapeNode>
      </data>
    </node>
    <node id="n47">
      <data key="d4">true</data>
      <data key="d5"/>
      <data key="d6"><![CDATA[Node]]></data>
      <data key="d8"/>
      <data key="d9">
        <y:ShapeNode>
          <y:Geometry height="15.0" width="15.0" x="2466.09106445" y="946.186462402"/>
          <y:Fill color="#00FF00" transparent="false"/>
          <y:BorderStyle color="#000000" type="line" width="1.0"/>
          <y:NodeLabel alignment="center" autoSizePolicy="content" fontFamily="Dialog" fontSize="8" fontStyle="plain" hasBackgroundColor="false" hasLineColor="false" height="13.421875" modelName="internal" modelPosition="c" textColor="#000000" visible="true" width="63.5" x="-24.25" y="0.7890625">Washington DC</y:NodeLabel>
          <y:Shape type="ellipse"/>
        </y:ShapeNode>
      </data>
    </node>
    <edge id="e0" source="n0" target="n4">
      <data key="d35"><![CDATA[Available nTelos Fiber Network]]></data>
      <data key="d37"/>
      <data key="d38">
        <y:PolyLineEdge>
          <y:Path sx="0.0" sy="0.0" tx="0.0" ty="0.0"/>
          <y:LineStyle color="#000000" type="line" width="3.0"/>
          <y:Arrows source="none" target="none"/>
          <y:BendStyle smoothed="false"/>
        </y:PolyLineEdge>
      </data>
    </edge>
    <edge id="e1" source="n1" target="n2">
      <data key="d35"><![CDATA[Network Partner]]></data>
      <data key="d37"/>
      <data key="d38">
        <y:PolyLineEdge>
          <y:Path sx="0.0" sy="0.0" tx="0.0" ty="0.0"/>
          <y:LineStyle color="#339966" type="line" width="3.0"/>
          <y:Arrows source="none" target="none"/>
          <y:BendStyle smoothed="false"/>
        </y:PolyLineEdge>
      </data>
    </edge>
    <edge id="e2" source="n1" target="n5">
      <data key="d35"><![CDATA[Network Partner]]></data>
      <data key="d37"/>
      <data key="d38">
        <y:PolyLineEdge>
          <y:Path sx="0.0" sy="0.0" tx="0.0" ty="0.0"/>
          <y:LineStyle color="#339966" type="line" width="3.0"/>
          <y:Arrows source="none" target="none"/>
          <y:BendStyle smoothed="false"/>
        </y:PolyLineEdge>
      </data>
    </edge>
    <edge id="e3" source="n2" target="n3">
      <data key="d35"><![CDATA[Available nTelos Fiber Network]]></data>
      <data key="d37"/>
      <data key="d38">
        <y:PolyLineEdge>
          <y:Path sx="0.0" sy="0.0" tx="0.0" ty="0.0"/>
          <y:LineStyle color="#000000" type="line" width="3.0"/>
          <y:Arrows source="none" target="none"/>
          <y:BendStyle smoothed="false"/>
        </y:PolyLineEdge>
      </data>
    </edge>
    <edge id="e4" source="n2" target="n4">
      <data key="d35"><![CDATA[Network Partner]]></data>
      <data key="d37"/>
      <data key="d38">
        <y:PolyLineEdge>
          <y:Path sx="0.0" sy="0.0" tx="0.0" ty="0.0"/>
          <y:LineStyle color="#339966" type="line" width="3.0"/>
          <y:Arrows source="none" target="none"/>
          <y:BendStyle smoothed="false"/>
        </y:PolyLineEdge>
      </data>
    </edge>
    <edge id="e5" source="n3" target="n23">
      <data key="d35"><![CDATA[Available nTelos Fiber Network]]></data>
      <data key="d37"/>
      <data key="d38">
        <y:PolyLineEdge>
          <y:Path sx="0.0" sy="0.0" tx="0.0" ty="0.0"/>
          <y:LineStyle color="#000000" type="line" width="3.0"/>
          <y:Arrows source="none" target="none"/>
          <y:BendStyle smoothed="false"/>
        </y:PolyLineEdge>
      </data>
    </edge>
    <edge id="e6" source="n4" target="n24">
      <data key="d35"><![CDATA[Existing nTelos Fiber Network]]></data>
      <data key="d37"/>
      <data key="d38">
        <y:PolyLineEdge>
          <y:Path sx="0.0" sy="0.0" tx="0.0" ty="0.0"/>
          <y:LineStyle color="#FFFF00" type="line" width="3.0"/>
          <y:Arrows source="none" target="none"/>
          <y:BendStyle smoothed="false"/>
        </y:PolyLineEdge>
      </data>
    </edge>
    <edge id="e7" source="n5" target="n6">
      <data key="d35"><![CDATA[Network Partner]]></data>
      <data key="d37"/>
      <data key="d38">
        <y:PolyLineEdge>
          <y:Path sx="0.0" sy="0.0" tx="0.0" ty="0.0"/>
          <y:LineStyle color="#339966" type="line" width="3.0"/>
          <y:Arrows source="none" target="none"/>
          <y:BendStyle smoothed="false"/>
        </y:PolyLineEdge>
      </data>
    </edge>
    <edge id="e8" source="n6" target="n7">
      <data key="d35"><![CDATA[Existing nTelos Fiber Network]]></data>
      <data key="d37"/>
      <data key="d38">
        <y:PolyLineEdge>
          <y:Path sx="0.0" sy="0.0" tx="0.0" ty="0.0"/>
          <y:LineStyle color="#FFFF00" type="line" width="3.0"/>
          <y:Arrows source="none" target="none"/>
          <y:BendStyle smoothed="false"/>
        </y:PolyLineEdge>
      </data>
    </edge>
    <edge id="e9" source="n6" target="n14">
      <data key="d35"><![CDATA[Existing nTelos Fiber Network]]></data>
      <data key="d37"/>
      <data key="d38">
        <y:PolyLineEdge>
          <y:Path sx="0.0" sy="0.0" tx="0.0" ty="0.0"/>
          <y:LineStyle color="#FFFF00" type="line" width="3.0"/>
          <y:Arrows source="none" target="none"/>
          <y:BendStyle smoothed="false"/>
        </y:PolyLineEdge>
      </data>
    </edge>
    <edge id="e10" source="n6" target="n15">
      <data key="d35"><![CDATA[Network Partner]]></data>
      <data key="d37"/>
      <data key="d38">
        <y:PolyLineEdge>
          <y:Path sx="0.0" sy="0.0" tx="0.0" ty="0.0"/>
          <y:LineStyle color="#339966" type="line" width="3.0"/>
          <y:Arrows source="none" target="none"/>
          <y:BendStyle smoothed="false"/>
        </y:PolyLineEdge>
      </data>
    </edge>
    <edge id="e11" source="n7" target="n8">
      <data key="d35"><![CDATA[Existing nTelos Fiber Network]]></data>
      <data key="d37"/>
      <data key="d38">
        <y:PolyLineEdge>
          <y:Path sx="0.0" sy="0.0" tx="0.0" ty="0.0"/>
          <y:LineStyle color="#FFFF00" type="line" width="3.0"/>
          <y:Arrows source="none" target="none"/>
          <y:BendStyle smoothed="false"/>
        </y:PolyLineEdge>
      </data>
    </edge>
    <edge id="e12" source="n8" target="n9">
      <data key="d35"><![CDATA[Existing nTelos Fiber Network]]></data>
      <data key="d37"/>
      <data key="d38">
        <y:PolyLineEdge>
          <y:Path sx="0.0" sy="0.0" tx="0.0" ty="0.0"/>
          <y:LineStyle color="#FFFF00" type="line" width="3.0"/>
          <y:Arrows source="none" target="none"/>
          <y:BendStyle smoothed="false"/>
        </y:PolyLineEdge>
      </data>
    </edge>
    <edge id="e13" source="n8" target="n10">
      <data key="d35"><![CDATA[Existing nTelos Fiber Network]]></data>
      <data key="d37"/>
      <data key="d38">
        <y:PolyLineEdge>
          <y:Path sx="0.0" sy="0.0" tx="0.0" ty="0.0"/>
          <y:LineStyle color="#FFFF00" type="line" width="3.0"/>
          <y:Arrows source="none" target="none"/>
          <y:BendStyle smoothed="false"/>
        </y:PolyLineEdge>
      </data>
    </edge>
    <edge id="e14" source="n9" target="n10">
      <data key="d35"><![CDATA[Existing nTelos Fiber Network]]></data>
      <data key="d37"/>
      <data key="d38">
        <y:PolyLineEdge>
          <y:Path sx="0.0" sy="0.0" tx="0.0" ty="0.0"/>
          <y:LineStyle color="#FFFF00" type="line" width="3.0"/>
          <y:Arrows source="none" target="none"/>
          <y:BendStyle smoothed="false"/>
        </y:PolyLineEdge>
      </data>
    </edge>
    <edge id="e15" source="n9" target="n19">
      <data key="d35"><![CDATA[Existing nTelos Fiber Network]]></data>
      <data key="d37"/>
      <data key="d38">
        <y:PolyLineEdge>
          <y:Path sx="0.0" sy="0.0" tx="0.0" ty="0.0"/>
          <y:LineStyle color="#FFFF00" type="line" width="3.0"/>
          <y:Arrows source="none" target="none"/>
          <y:BendStyle smoothed="false"/>
        </y:PolyLineEdge>
      </data>
    </edge>
    <edge id="e16" source="n9" target="n45">
      <data key="d35"><![CDATA[Existing nTelos Fiber Network]]></data>
      <data key="d37"/>
      <data key="d38">
        <y:PolyLineEdge>
          <y:Path sx="0.0" sy="0.0" tx="0.0" ty="0.0"/>
          <y:LineStyle color="#FFFF00" type="line" width="3.0"/>
          <y:Arrows source="none" target="none"/>
          <y:BendStyle smoothed="false"/>
        </y:PolyLineEdge>
      </data>
    </edge>
    <edge id="e17" source="n10" target="n12">
      <data key="d35"><![CDATA[Existing nTelos Fiber Network]]></data>
      <data key="d37"/>
      <data key="d38">
        <y:PolyLineEdge>
          <y:Path sx="0.0" sy="0.0" tx="0.0" ty="0.0"/>
          <y:LineStyle color="#FFFF00" type="line" width="3.0"/>
          <y:Arrows source="none" target="none"/>
          <y:BendStyle smoothed="false"/>
        </y:PolyLineEdge>
      </data>
    </edge>
    <edge id="e18" source="n11" target="n12">
      <data key="d35"><![CDATA[Existing nTelos Fiber Network]]></data>
      <data key="d37"/>
      <data key="d38">
        <y:PolyLineEdge>
          <y:Path sx="0.0" sy="0.0" tx="0.0" ty="0.0"/>
          <y:LineStyle color="#FFFF00" type="line" width="3.0"/>
          <y:Arrows source="none" target="none"/>
          <y:BendStyle smoothed="false"/>
        </y:PolyLineEdge>
      </data>
    </edge>
    <edge id="e19" source="n11" target="n13">
      <data key="d35"><![CDATA[Existing nTelos Fiber Network]]></data>
      <data key="d37"/>
      <data key="d38">
        <y:PolyLineEdge>
          <y:Path sx="0.0" sy="0.0" tx="0.0" ty="0.0"/>
          <y:LineStyle color="#FFFF00" type="line" width="3.0"/>
          <y:Arrows source="none" target="none"/>
          <y:BendStyle smoothed="false"/>
        </y:PolyLineEdge>
      </data>
    </edge>
    <edge id="e20" source="n12" target="n17">
      <data key="d35"><![CDATA[Existing nTelos Fiber Network]]></data>
      <data key="d37"/>
      <data key="d38">
        <y:PolyLineEdge>
          <y:Path sx="0.0" sy="0.0" tx="0.0" ty="0.0"/>
          <y:LineStyle color="#FFFF00" type="line" width="3.0"/>
          <y:Arrows source="none" target="none"/>
          <y:BendStyle smoothed="false"/>
        </y:PolyLineEdge>
      </data>
    </edge>
    <edge id="e21" source="n12" target="n15">
      <data key="d35"><![CDATA[Network Partner]]></data>
      <data key="d37"/>
      <data key="d38">
        <y:PolyLineEdge>
          <y:Path sx="0.0" sy="0.0" tx="0.0" ty="0.0"/>
          <y:LineStyle color="#339966" type="line" width="3.0"/>
          <y:Arrows source="none" target="none"/>
          <y:BendStyle smoothed="false"/>
        </y:PolyLineEdge>
      </data>
    </edge>
    <edge id="e22" source="n13" target="n14">
      <data key="d35"><![CDATA[Existing nTelos Fiber Network]]></data>
      <data key="d37"/>
      <data key="d38">
        <y:PolyLineEdge>
          <y:Path sx="0.0" sy="0.0" tx="0.0" ty="0.0"/>
          <y:LineStyle color="#FFFF00" type="line" width="3.0"/>
          <y:Arrows source="none" target="none"/>
          <y:BendStyle smoothed="false"/>
        </y:PolyLineEdge>
      </data>
    </edge>
    <edge id="e23" source="n15" target="n16">
      <data key="d35"><![CDATA[Network Partner]]></data>
      <data key="d37"/>
      <data key="d38">
        <y:PolyLineEdge>
          <y:Path sx="0.0" sy="0.0" tx="0.0" ty="0.0"/>
          <y:LineStyle color="#339966" type="line" width="3.0"/>
          <y:Arrows source="none" target="none"/>
          <y:BendStyle smoothed="false"/>
        </y:PolyLineEdge>
      </data>
    </edge>
    <edge id="e24" source="n16" target="n17">
      <data key="d35"><![CDATA[Existing nTelos Fiber Network]]></data>
      <data key="d37"/>
      <data key="d38">
        <y:PolyLineEdge>
          <y:Path sx="0.0" sy="0.0" tx="0.0" ty="0.0"/>
          <y:LineStyle color="#FFFF00" type="line" width="3.0"/>
          <y:Arrows source="none" target="none"/>
          <y:BendStyle smoothed="false"/>
        </y:PolyLineEdge>
      </data>
    </edge>
    <edge id="e25" source="n16" target="n44">
      <data key="d35"><![CDATA[Existing nTelos Fiber Network]]></data>
      <data key="d37"/>
      <data key="d38">
        <y:PolyLineEdge>
          <y:Path sx="0.0" sy="0.0" tx="0.0" ty="0.0"/>
          <y:LineStyle color="#FFFF00" type="line" width="3.0"/>
          <y:Arrows source="none" target="none"/>
          <y:BendStyle smoothed="false"/>
        </y:PolyLineEdge>
      </data>
    </edge>
    <edge id="e26" source="n17" target="n43">
      <data key="d35"><![CDATA[Existing nTelos Fiber Network]]></data>
      <data key="d37"/>
      <data key="d38">
        <y:PolyLineEdge>
          <y:Path sx="0.0" sy="0.0" tx="0.0" ty="0.0"/>
          <y:LineStyle color="#FFFF00" type="line" width="3.0"/>
          <y:Arrows source="none" target="none"/>
          <y:BendStyle smoothed="false"/>
        </y:PolyLineEdge>
      </data>
    </edge>
    <edge id="e27" source="n17" target="n39">
      <data key="d35"><![CDATA[Existing nTelos Fiber Network]]></data>
      <data key="d37"/>
      <data key="d38">
        <y:PolyLineEdge>
          <y:Path sx="0.0" sy="0.0" tx="0.0" ty="0.0"/>
          <y:LineStyle color="#FFFF00" type="line" width="3.0"/>
          <y:Arrows source="none" target="none"/>
          <y:BendStyle smoothed="false"/>
        </y:PolyLineEdge>
      </data>
    </edge>
    <edge id="e28" source="n18" target="n19">
      <data key="d35"><![CDATA[Existing nTelos Fiber Network]]></data>
      <data key="d37"/>
      <data key="d38">
        <y:PolyLineEdge>
          <y:Path sx="0.0" sy="0.0" tx="0.0" ty="0.0"/>
          <y:LineStyle color="#FFFF00" type="line" width="3.0"/>
          <y:Arrows source="none" target="none"/>
          <y:BendStyle smoothed="false"/>
        </y:PolyLineEdge>
      </data>
    </edge>
    <edge id="e29" source="n18" target="n45">
      <data key="d35"><![CDATA[Existing nTelos Fiber Network]]></data>
      <data key="d37"/>
      <data key="d38">
        <y:PolyLineEdge>
          <y:Path sx="0.0" sy="0.0" tx="0.0" ty="0.0"/>
          <y:LineStyle color="#FFFF00" type="line" width="3.0"/>
          <y:Arrows source="none" target="none"/>
          <y:BendStyle smoothed="false"/>
        </y:PolyLineEdge>
      </data>
    </edge>
    <edge id="e30" source="n18" target="n38">
      <data key="d35"><![CDATA[Existing nTelos Fiber Network]]></data>
      <data key="d37"/>
      <data key="d38">
        <y:PolyLineEdge>
          <y:Path sx="0.0" sy="0.0" tx="0.0" ty="0.0"/>
          <y:LineStyle color="#FFFF00" type="line" width="3.0"/>
          <y:Arrows source="none" target="none"/>
          <y:BendStyle smoothed="false"/>
        </y:PolyLineEdge>
      </data>
    </edge>
    <edge id="e31" source="n19" target="n20">
      <data key="d35"><![CDATA[Existing nTelos Fiber Network]]></data>
      <data key="d37"/>
      <data key="d38">
        <y:PolyLineEdge>
          <y:Path sx="0.0" sy="0.0" tx="0.0" ty="0.0">
            <y:Point x="1609.58972168" y="1349.87438965"/>
          </y:Path>
          <y:LineStyle color="#FFFF00" type="line" width="3.0"/>
          <y:Arrows source="none" target="none"/>
          <y:BendStyle smoothed="false"/>
        </y:PolyLineEdge>
      </data>
    </edge>
    <edge id="e32" source="n19" target="n20">
      <data key="d35"><![CDATA[Existing nTelos Fiber Network]]></data>
      <data key="d37"/>
      <data key="d38">
        <y:PolyLineEdge>
          <y:Path sx="0.0" sy="0.0" tx="0.0" ty="0.0">
            <y:Point x="1601.77722168" y="1441.67126465"/>
          </y:Path>
          <y:LineStyle color="#FFFF00" type="line" width="3.0"/>
          <y:Arrows source="none" target="none"/>
          <y:BendStyle smoothed="false"/>
        </y:PolyLineEdge>
      </data>
    </edge>
    <edge id="e33" source="n20" target="n21">
      <data key="d35"><![CDATA[Existing nTelos Fiber Network]]></data>
      <data key="d37"/>
      <data key="d38">
        <y:PolyLineEdge>
          <y:Path sx="0.0" sy="0.0" tx="0.0" ty="0.0"/>
          <y:LineStyle color="#FFFF00" type="line" width="3.0"/>
          <y:Arrows source="none" target="none"/>
          <y:BendStyle smoothed="false"/>
        </y:PolyLineEdge>
      </data>
    </edge>
    <edge id="e34" source="n21" target="n22">
      <data key="d35"><![CDATA[Existing nTelos Fiber Network]]></data>
      <data key="d37"/>
      <data key="d38">
        <y:PolyLineEdge>
          <y:Path sx="0.0" sy="0.0" tx="0.0" ty="0.0"/>
          <y:LineStyle color="#FFFF00" type="line" width="3.0"/>
          <y:Arrows source="none" target="none"/>
          <y:BendStyle smoothed="false"/>
        </y:PolyLineEdge>
      </data>
    </edge>
    <edge id="e35" source="n22" target="n27">
      <data key="d35"><![CDATA[Future nTelos Fiber Network]]></data>
      <data key="d37"/>
      <data key="d38">
        <y:PolyLineEdge>
          <y:Path sx="0.0" sy="0.0" tx="0.0" ty="0.0"/>
          <y:LineStyle color="#000000" type="line" width="3.0"/>
          <y:Arrows source="none" target="none"/>
          <y:BendStyle smoothed="false"/>
        </y:PolyLineEdge>
      </data>
    </edge>
    <edge id="e36" source="n24" target="n25">
      <data key="d35"><![CDATA[Existing nTelos Fiber Network]]></data>
      <data key="d37"/>
      <data key="d38">
        <y:PolyLineEdge>
          <y:Path sx="0.0" sy="0.0" tx="0.0" ty="0.0">
            <y:Point x="930.44909668" y="1128.57189941"/>
          </y:Path>
          <y:LineStyle color="#FFFF00" type="line" width="3.0"/>
          <y:Arrows source="none" target="none"/>
          <y:BendStyle smoothed="false"/>
        </y:PolyLineEdge>
      </data>
    </edge>
    <edge id="e37" source="n24" target="n25">
      <data key="d35"><![CDATA[Existing nTelos Fiber Network]]></data>
      <data key="d37"/>
      <data key="d38">
        <y:PolyLineEdge>
          <y:Path sx="0.0" sy="0.0" tx="0.0" ty="0.0">
            <y:Point x="908.96472168" y="1235.99377441"/>
          </y:Path>
          <y:LineStyle color="#FFFF00" type="line" width="3.0"/>
          <y:Arrows source="none" target="none"/>
          <y:BendStyle smoothed="false"/>
        </y:PolyLineEdge>
      </data>
    </edge>
    <edge id="e38" source="n24" target="n27">
      <data key="d35"><![CDATA[Existing nTelos Fiber Network]]></data>
      <data key="d37"/>
      <data key="d38">
        <y:PolyLineEdge>
          <y:Path sx="0.0" sy="0.0" tx="0.0" ty="0.0">
            <y:Point x="1107.63659668" y="1386.98376465"/>
          </y:Path>
          <y:LineStyle color="#FFFF00" type="line" width="3.0"/>
          <y:Arrows source="none" target="none"/>
          <y:BendStyle smoothed="false"/>
        </y:PolyLineEdge>
      </data>
    </edge>
    <edge id="e39" source="n24" target="n46">
      <data key="d35"><![CDATA[Future nTelos Fiber Network]]></data>
      <data key="d37"/>
      <data key="d38">
        <y:PolyLineEdge>
          <y:Path sx="0.0" sy="0.0" tx="0.0" ty="0.0"/>
          <y:LineStyle color="#000000" type="line" width="3.0"/>
          <y:Arrows source="none" target="none"/>
          <y:BendStyle smoothed="false"/>
        </y:PolyLineEdge>
      </data>
    </edge>
    <edge id="e40" source="n25" target="n26">
      <data key="d35"><![CDATA[Existing nTelos Fiber Network]]></data>
      <data key="d37"/>
      <data key="d38">
        <y:PolyLineEdge>
          <y:Path sx="0.0" sy="0.0" tx="0.0" ty="0.0">
            <y:Point x="785.91784668" y="1122.71252441"/>
          </y:Path>
          <y:LineStyle color="#FFFF00" type="line" width="3.0"/>
          <y:Arrows source="none" target="none"/>
          <y:BendStyle smoothed="false"/>
        </y:PolyLineEdge>
      </data>
    </edge>
    <edge id="e41" source="n25" target="n26">
      <data key="d35"><![CDATA[Existing nTelos Fiber Network]]></data>
      <data key="d37"/>
      <data key="d38">
        <y:PolyLineEdge>
          <y:Path sx="0.0" sy="0.0" tx="0.0" ty="0.0">
            <y:Point x="752.71472168" y="1177.40002441"/>
          </y:Path>
          <y:LineStyle color="#FFFF00" type="line" width="3.0"/>
          <y:Arrows source="none" target="none"/>
          <y:BendStyle smoothed="false"/>
        </y:PolyLineEdge>
      </data>
    </edge>
    <edge id="e42" source="n27" target="n46">
      <data key="d35"><![CDATA[Future nTelos Fiber Network]]></data>
      <data key="d37"/>
      <data key="d38">
        <y:PolyLineEdge>
          <y:Path sx="0.0" sy="0.0" tx="0.0" ty="0.0"/>
          <y:LineStyle color="#000000" type="line" width="3.0"/>
          <y:Arrows source="none" target="none"/>
          <y:BendStyle smoothed="false"/>
        </y:PolyLineEdge>
      </data>
    </edge>
    <edge id="e43" source="n28" target="n29">
      <data key="d35"><![CDATA[Available nTelos Fiber Network]]></data>
      <data key="d37"/>
      <data key="d38">
        <y:PolyLineEdge>
          <y:Path sx="0.0" sy="0.0" tx="0.0" ty="0.0"/>
          <y:LineStyle color="#000000" type="line" width="3.0"/>
          <y:Arrows source="none" target="none"/>
          <y:BendStyle smoothed="false"/>
        </y:PolyLineEdge>
      </data>
    </edge>
    <edge id="e44" source="n29" target="n30">
      <data key="d35"><![CDATA[Available nTelos Fiber Network]]></data>
      <data key="d37"/>
      <data key="d38">
        <y:PolyLineEdge>
          <y:Path sx="0.0" sy="0.0" tx="0.0" ty="0.0"/>
          <y:LineStyle color="#000000" type="line" width="3.0"/>
          <y:Arrows source="none" target="none"/>
          <y:BendStyle smoothed="false"/>
        </y:PolyLineEdge>
      </data>
    </edge>
    <edge id="e45" source="n30" target="n31">
      <data key="d35"><![CDATA[Available nTelos Fiber Network]]></data>
      <data key="d37"/>
      <data key="d38">
        <y:PolyLineEdge>
          <y:Path sx="0.0" sy="0.0" tx="0.0" ty="0.0"/>
          <y:LineStyle color="#000000" type="line" width="3.0"/>
          <y:Arrows source="none" target="none"/>
          <y:BendStyle smoothed="false"/>
        </y:PolyLineEdge>
      </data>
    </edge>
    <edge id="e46" source="n31" target="n32">
      <data key="d35"><![CDATA[Available nTelos Fiber Network]]></data>
      <data key="d37"/>
      <data key="d38">
        <y:PolyLineEdge>
          <y:Path sx="0.0" sy="0.0" tx="0.0" ty="0.0"/>
          <y:LineStyle color="#000000" type="line" width="3.0"/>
          <y:Arrows source="none" target="none"/>
          <y:BendStyle smoothed="false"/>
        </y:PolyLineEdge>
      </data>
    </edge>
    <edge id="e47" source="n31" target="n34">
      <data key="d35"><![CDATA[Existing nTelos Fiber Network]]></data>
      <data key="d37"/>
      <data key="d38">
        <y:PolyLineEdge>
          <y:Path sx="0.0" sy="0.0" tx="0.0" ty="0.0"/>
          <y:LineStyle color="#FFFF00" type="line" width="3.0"/>
          <y:Arrows source="none" target="none"/>
          <y:BendStyle smoothed="false"/>
        </y:PolyLineEdge>
      </data>
    </edge>
    <edge id="e48" source="n32" target="n33">
      <data key="d35"><![CDATA[Available nTelos Fiber Network]]></data>
      <data key="d37"/>
      <data key="d38">
        <y:PolyLineEdge>
          <y:Path sx="0.0" sy="0.0" tx="0.0" ty="0.0"/>
          <y:LineStyle color="#000000" type="line" width="3.0"/>
          <y:Arrows source="none" target="none"/>
          <y:BendStyle smoothed="false"/>
        </y:PolyLineEdge>
      </data>
    </edge>
    <edge id="e49" source="n33" target="n34">
      <data key="d35"><![CDATA[Existing nTelos Fiber Network]]></data>
      <data key="d37"/>
      <data key="d38">
        <y:PolyLineEdge>
          <y:Path sx="0.0" sy="0.0" tx="0.0" ty="0.0"/>
          <y:LineStyle color="#FFFF00" type="line" width="3.0"/>
          <y:Arrows source="none" target="none"/>
          <y:BendStyle smoothed="false"/>
        </y:PolyLineEdge>
      </data>
    </edge>
    <edge id="e50" source="n34" target="n35">
      <data key="d35"><![CDATA[Existing nTelos Fiber Network]]></data>
      <data key="d37"/>
      <data key="d38">
        <y:PolyLineEdge>
          <y:Path sx="0.0" sy="0.0" tx="0.0" ty="0.0"/>
          <y:LineStyle color="#FFFF00" type="line" width="3.0"/>
          <y:Arrows source="none" target="none"/>
          <y:BendStyle smoothed="false"/>
        </y:PolyLineEdge>
      </data>
    </edge>
    <edge id="e51" source="n35" target="n36">
      <data key="d35"><![CDATA[Existing nTelos Fiber Network]]></data>
      <data key="d37"/>
      <data key="d38">
        <y:PolyLineEdge>
          <y:Path sx="0.0" sy="0.0" tx="0.0" ty="0.0"/>
          <y:LineStyle color="#FFFF00" type="line" width="3.0"/>
          <y:Arrows source="none" target="none"/>
          <y:BendStyle smoothed="false"/>
        </y:PolyLineEdge>
      </data>
    </edge>
    <edge id="e52" source="n35" target="n37">
      <data key="d35"><![CDATA[Existing nTelos Fiber Network]]></data>
      <data key="d37"/>
      <data key="d38">
        <y:PolyLineEdge>
          <y:Path sx="0.0" sy="0.0" tx="0.0" ty="0.0"/>
          <y:LineStyle color="#FFFF00" type="line" width="3.0"/>
          <y:Arrows source="none" target="none"/>
          <y:BendStyle smoothed="false"/>
        </y:PolyLineEdge>
      </data>
    </edge>
    <edge id="e53" source="n36" target="n38">
      <data key="d35"><![CDATA[Existing nTelos Fiber Network]]></data>
      <data key="d37"/>
      <data key="d38">
        <y:PolyLineEdge>
          <y:Path sx="0.0" sy="0.0" tx="0.0" ty="0.0"/>
          <y:LineStyle color="#FFFF00" type="line" width="3.0"/>
          <y:Arrows source="none" target="none"/>
          <y:BendStyle smoothed="false"/>
        </y:PolyLineEdge>
      </data>
    </edge>
    <edge id="e54" source="n37" target="n38">
      <data key="d35"><![CDATA[Existing nTelos Fiber Network]]></data>
      <data key="d37"/>
      <data key="d38">
        <y:PolyLineEdge>
          <y:Path sx="0.0" sy="0.0" tx="0.0" ty="0.0"/>
          <y:LineStyle color="#FFFF00" type="line" width="3.0"/>
          <y:Arrows source="none" target="none"/>
          <y:BendStyle smoothed="false"/>
        </y:PolyLineEdge>
      </data>
    </edge>
    <edge id="e55" source="n38" target="n39">
      <data key="d35"><![CDATA[Existing nTelos Fiber Network]]></data>
      <data key="d37"/>
      <data key="d38">
        <y:PolyLineEdge>
          <y:Path sx="0.0" sy="0.0" tx="0.0" ty="0.0"/>
          <y:LineStyle color="#FFFF00" type="line" width="3.0"/>
          <y:Arrows source="none" target="none"/>
          <y:BendStyle smoothed="false"/>
        </y:PolyLineEdge>
      </data>
    </edge>
    <edge id="e56" source="n39" target="n40">
      <data key="d35"><![CDATA[Existing nTelos Fiber Network]]></data>
      <data key="d37"/>
      <data key="d38">
        <y:PolyLineEdge>
          <y:Path sx="0.0" sy="0.0" tx="0.0" ty="0.0"/>
          <y:LineStyle color="#FFFF00" type="line" width="3.0"/>
          <y:Arrows source="none" target="none"/>
          <y:BendStyle smoothed="false"/>
        </y:PolyLineEdge>
      </data>
    </edge>
    <edge id="e57" source="n40" target="n41">
      <data key="d35"><![CDATA[Existing nTelos Fiber Network]]></data>
      <data key="d37"/>
      <data key="d38">
        <y:PolyLineEdge>
          <y:Path sx="0.0" sy="0.0" tx="0.0" ty="0.0"/>
          <y:LineStyle color="#FFFF00" type="line" width="3.0"/>
          <y:Arrows source="none" target="none"/>
          <y:BendStyle smoothed="false"/>
        </y:PolyLineEdge>
      </data>
    </edge>
    <edge id="e58" source="n41" target="n43">
      <data key="d35"><![CDATA[Existing nTelos Fiber Network]]></data>
      <data key="d37"/>
      <data key="d38">
        <y:PolyLineEdge>
          <y:Path sx="0.0" sy="0.0" tx="0.0" ty="0.0"/>
          <y:LineStyle color="#FFFF00" type="line" width="3.0"/>
          <y:Arrows source="none" target="none"/>
          <y:BendStyle smoothed="false"/>
        </y:PolyLineEdge>
      </data>
    </edge>
    <edge id="e59" source="n42" target="n43">
      <data key="d35"><![CDATA[Existing nTelos Fiber Network]]></data>
      <data key="d37"/>
      <data key="d38">
        <y:PolyLineEdge>
          <y:Path sx="0.0" sy="0.0" tx="0.0" ty="0.0"/>
          <y:LineStyle color="#FFFF00" type="line" width="3.0"/>
          <y:Arrows source="none" target="none"/>
          <y:BendStyle smoothed="false"/>
        </y:PolyLineEdge>
      </data>
    </edge>
    <edge id="e60" source="n43" target="n44">
      <data key="d35"><![CDATA[Existing nTelos Fiber Network]]></data>
      <data key="d37"/>
      <data key="d38">
        <y:PolyLineEdge>
          <y:Path sx="0.0" sy="0.0" tx="0.0" ty="0.0"/>
          <y:LineStyle color="#FFFF00" type="line" width="3.0"/>
          <y:Arrows source="none" target="none"/>
          <y:BendStyle smoothed="false"/>
        </y:PolyLineEdge>
      </data>
    </edge>
  </graph>
  <data key="d0">
    <y:Resources/>
  </data>
</graphml>
