<?xml version="1.0" encoding="UTF-8" standalone="no"?>
<graphml xmlns="http://graphml.graphdrawing.org/xmlns" xmlns:xsi="http://www.w3.org/2001/XMLSchema-instance" xmlns:y="http://www.yworks.com/xml/graphml" xmlns:yed="http://www.yworks.com/xml/yed/3" xsi:schemaLocation="http://graphml.graphdrawing.org/xmlns http://www.yworks.com/xml/schema/graphml/1.1/ygraphml.xsd">
  <!--Created by yFiles for Java 2.8-->
  <key for="graphml" id="d0" yfiles.type="resources"/>
  <key for="port" id="d1" yfiles.type="portgraphics"/>
  <key for="port" id="d2" yfiles.type="portgeometry"/>
  <key for="port" id="d3" yfiles.type="portuserdata"/>
  <key attr.name="Internal" attr.type="boolean" for="node" id="d4"/>
  <key attr.name="geocode_name" attr.type="string" for="node" id="d5"/>
  <key attr.name="hyperedge" attr.type="boolean" for="node" id="d6"/>
  <key attr.name="type" attr.type="string" for="node" id="d7"/>
  <key attr.name="url" attr.type="string" for="node" id="d8"/>
  <key attr.name="description" attr.type="string" for="node" id="d9"/>
  <key for="node" id="d10" yfiles.type="nodegraphics"/>
  <key attr.name="Access" attr.type="boolean" for="graph" id="d11"/>
  <key attr.name="Backbone" attr.type="boolean" for="graph" id="d12"/>
  <key attr.name="Commercial" attr.type="boolean" for="graph" id="d13"/>
  <key attr.name="Creator" attr.type="string" for="graph" id="d14"/>
  <key attr.name="Customer" attr.type="boolean" for="graph" id="d15"/>
  <key attr.name="DateModifier" attr.type="string" for="graph" id="d16"/>
  <key attr.name="DateMonth" attr.type="int" for="graph" id="d17"/>
  <key attr.name="DateObtained" attr.type="string" for="graph" id="d18"/>
  <key attr.name="DateType" attr.type="string" for="graph" id="d19"/>
  <key attr.name="DateYear" attr.type="string" for="graph" id="d20"/>
  <key attr.name="Developed" attr.type="boolean" for="graph" id="d21"/>
  <key attr.name="GeoExtent" attr.type="string" for="graph" id="d22"/>
  <key attr.name="GeoLocation" attr.type="string" for="graph" id="d23"/>
  <key attr.name="IX" attr.type="boolean" for="graph" id="d24"/>
  <key attr.name="LastAccess" attr.type="string" for="graph" id="d25"/>
  <key attr.name="LastProcessed" attr.type="string" for="graph" id="d26"/>
  <key attr.name="Layer" attr.type="string" for="graph" id="d27"/>
  <key attr.name="Network" attr.type="string" for="graph" id="d28"/>
  <key attr.name="NetworkDate" attr.type="string" for="graph" id="d29"/>
  <key attr.name="Note" attr.type="string" for="graph" id="d30"/>
  <key attr.name="Provenance" attr.type="string" for="graph" id="d31"/>
  <key attr.name="Source" attr.type="string" for="graph" id="d32"/>
  <key attr.name="Testbed" attr.type="boolean" for="graph" id="d33"/>
  <key attr.name="Transit" attr.type="boolean" for="graph" id="d34"/>
  <key attr.name="Type" attr.type="string" for="graph" id="d35"/>
  <key attr.name="Version" attr.type="string" for="graph" id="d36"/>
  <key attr.name="label" attr.type="string" for="edge" id="d37"/>
  <key attr.name="url" attr.type="string" for="edge" id="d38"/>
  <key attr.name="description" attr.type="string" for="edge" id="d39"/>
  <key for="edge" id="d40" yfiles.type="edgegraphics"/>
  <graph edgedefault="directed" id="G">
    <data key="d11">false</data>
    <data key="d12">true</data>
    <data key="d13">false</data>
    <data key="d14"><![CDATA[Topology Zoo Toolset]]></data>
    <data key="d15">true</data>
    <data key="d16"><![CDATA[=]]></data>
    <data key="d17">0</data>
    <data key="d18"><![CDATA[3/02/11]]></data>
    <data key="d19"><![CDATA[Historic]]></data>
    <data key="d20"><![CDATA[2010]]></data>
    <data key="d21">false</data>
    <data key="d22"><![CDATA[Country]]></data>
    <data key="d23"><![CDATA[Chile]]></data>
    <data key="d24">false</data>
    <data key="d25"><![CDATA[6/03/11]]></data>
    <data key="d26"><![CDATA[2011_09_01]]></data>
    <data key="d27"><![CDATA[IP]]></data>
    <data key="d28"><![CDATA[Reuna]]></data>
    <data key="d29"><![CDATA[2010]]></data>
    <data key="d30"><![CDATA[Grid services + possible others, Names from http://www.reuna.cl/index.php/es/ique-es-reuna/miembros/socios]]></data>
    <data key="d31"><![CDATA[Primary]]></data>
    <data key="d32"><![CDATA[http://www.reuna.cl/images/stories/documentos/Mapa_Topologia_REUNA_2010.pdf]]></data>
    <data key="d33">false</data>
    <data key="d34">false</data>
    <data key="d35"><![CDATA[REN]]></data>
    <data key="d36"><![CDATA[1.0]]></data>
    <node id="n0">
      <data key="d4">true</data>
      <data key="d5"/>
      <data key="d7"><![CDATA[Router Acceso G-REUNA (Catalyst 6503)]]></data>
      <data key="d9"/>
      <data key="d10">
        <y:ShapeNode>
          <y:Geometry height="30.0" width="30.0" x="624.434936523" y="482.459899902"/>
          <y:Fill color="#0000FF" transparent="false"/>
          <y:BorderStyle color="#000000" type="line" width="1.0"/>
          <y:NodeLabel alignment="center" autoSizePolicy="content" fontFamily="Dialog" fontSize="8" fontStyle="plain" hasBackgroundColor="false" hasLineColor="false" height="13.421875" modelName="internal" modelPosition="c" textColor="#000000" visible="true" width="21.0546875" x="4.47265625" y="8.2890625">UDA</y:NodeLabel>
          <y:Shape type="ellipse"/>
        </y:ShapeNode>
      </data>
    </node>
    <node id="n1">
      <data key="d4">true</data>
      <data key="d5"><![CDATA[La Serena]]></data>
      <data key="d7"><![CDATA[Router Acceso G-REUNA (Catalyst 6503)]]></data>
      <data key="d9"/>
      <data key="d10">
        <y:ShapeNode>
          <y:Geometry height="30.0" width="30.0" x="624.434936523" y="560.283874512"/>
          <y:Fill color="#0000FF" transparent="false"/>
          <y:BorderStyle color="#000000" type="line" width="1.0"/>
          <y:NodeLabel alignment="center" autoSizePolicy="content" fontFamily="Dialog" fontSize="8" fontStyle="plain" hasBackgroundColor="false" hasLineColor="false" height="13.421875" modelName="internal" modelPosition="c" textColor="#000000" visible="true" width="18.1171875" x="5.94140625" y="8.2890625">ULS</y:NodeLabel>
          <y:Shape type="ellipse"/>
        </y:ShapeNode>
      </data>
    </node>
    <node id="n2">
      <data key="d4">true</data>
      <data key="d5"><![CDATA[La Serena]]></data>
      <data key="d7"><![CDATA[Router Acceso G-REUNA (Catalyst 6503)]]></data>
      <data key="d9"/>
      <data key="d10">
        <y:ShapeNode>
          <y:Geometry height="30.0" width="30.0" x="621.362915039" y="611.995910645"/>
          <y:Fill color="#0000FF" transparent="false"/>
          <y:BorderStyle color="#000000" type="line" width="1.0"/>
          <y:NodeLabel alignment="center" autoSizePolicy="content" fontFamily="Dialog" fontSize="8" fontStyle="plain" hasBackgroundColor="false" hasLineColor="false" height="13.421875" modelName="internal" modelPosition="c" textColor="#000000" visible="true" width="25.640625" x="2.1796875" y="8.2890625">AURA</y:NodeLabel>
          <y:Shape type="ellipse"/>
        </y:ShapeNode>
      </data>
    </node>
    <node id="n3">
      <data key="d4">true</data>
      <data key="d5"/>
      <data key="d7"><![CDATA[Router Acceso G-REUNA (Catalyst 6503)]]></data>
      <data key="d9"/>
      <data key="d10">
        <y:ShapeNode>
          <y:Geometry height="30.0" width="30.0" x="785.202941895" y="627.867919922"/>
          <y:Fill color="#0000FF" transparent="false"/>
          <y:BorderStyle color="#000000" type="line" width="1.0"/>
          <y:NodeLabel alignment="center" autoSizePolicy="content" fontFamily="Dialog" fontSize="8" fontStyle="plain" hasBackgroundColor="false" hasLineColor="false" height="13.421875" modelName="internal" modelPosition="c" textColor="#000000" visible="true" width="31.86328125" x="-0.931640625" y="8.2890625">UCHILE</y:NodeLabel>
          <y:Shape type="ellipse"/>
        </y:ShapeNode>
      </data>
    </node>
    <node id="n4">
      <data key="d4">true</data>
      <data key="d5"/>
      <data key="d7"><![CDATA[Router Acceso G-REUNA (Catalyst 6503)]]></data>
      <data key="d9"/>
      <data key="d10">
        <y:ShapeNode>
          <y:Geometry height="30.0" width="30.0" x="792.88293457" y="657.563903809"/>
          <y:Fill color="#0000FF" transparent="false"/>
          <y:BorderStyle color="#000000" type="line" width="1.0"/>
          <y:NodeLabel alignment="center" autoSizePolicy="content" fontFamily="Dialog" fontSize="8" fontStyle="plain" hasBackgroundColor="false" hasLineColor="false" height="13.421875" modelName="internal" modelPosition="c" textColor="#000000" visible="true" width="25.828125" x="2.0859375" y="8.2890625">UTEM</y:NodeLabel>
          <y:Shape type="ellipse"/>
        </y:ShapeNode>
      </data>
    </node>
    <node id="n5">
      <data key="d4">true</data>
      <data key="d5"/>
      <data key="d7"><![CDATA[Router Acceso G-REUNA (Catalyst 6503)]]></data>
      <data key="d9"/>
      <data key="d10">
        <y:ShapeNode>
          <y:Geometry height="30.0" width="30.0" x="793.394958496" y="690.843933105"/>
          <y:Fill color="#0000FF" transparent="false"/>
          <y:BorderStyle color="#000000" type="line" width="1.0"/>
          <y:NodeLabel alignment="center" autoSizePolicy="content" fontFamily="Dialog" fontSize="8" fontStyle="plain" hasBackgroundColor="false" hasLineColor="false" height="13.421875" modelName="internal" modelPosition="c" textColor="#000000" visible="true" width="26.3046875" x="1.84765625" y="8.2890625">UMCE</y:NodeLabel>
          <y:Shape type="ellipse"/>
        </y:ShapeNode>
      </data>
    </node>
    <node id="n6">
      <data key="d4">true</data>
      <data key="d5"/>
      <data key="d7"><![CDATA[Router Acceso G-REUNA (Catalyst 6503)]]></data>
      <data key="d9"/>
      <data key="d10">
        <y:ShapeNode>
          <y:Geometry height="30.0" width="30.0" x="791.346923828" y="726.683898926"/>
          <y:Fill color="#0000FF" transparent="false"/>
          <y:BorderStyle color="#000000" type="line" width="1.0"/>
          <y:NodeLabel alignment="center" autoSizePolicy="content" fontFamily="Dialog" fontSize="8" fontStyle="plain" hasBackgroundColor="false" hasLineColor="false" height="13.421875" modelName="internal" modelPosition="c" textColor="#000000" visible="true" width="30.78515625" x="-0.392578125" y="8.2890625">USACH</y:NodeLabel>
          <y:Shape type="ellipse"/>
        </y:ShapeNode>
      </data>
    </node>
    <node id="n7">
      <data key="d4">true</data>
      <data key="d5"/>
      <data key="d7"><![CDATA[Router Acceso G-REUNA (Catalyst 6503)]]></data>
      <data key="d9"/>
      <data key="d10">
        <y:ShapeNode>
          <y:Geometry height="30.0" width="30.0" x="789.810913086" y="758.42791748"/>
          <y:Fill color="#0000FF" transparent="false"/>
          <y:BorderStyle color="#000000" type="line" width="1.0"/>
          <y:NodeLabel alignment="center" autoSizePolicy="content" fontFamily="Dialog" fontSize="8" fontStyle="plain" hasBackgroundColor="false" hasLineColor="false" height="13.421875" modelName="internal" modelPosition="c" textColor="#000000" visible="true" width="30.3671875" x="-0.18359375" y="8.2890625">REUNA</y:NodeLabel>
          <y:Shape type="ellipse"/>
        </y:ShapeNode>
      </data>
    </node>
    <node id="n8">
      <data key="d4">true</data>
      <data key="d5"/>
      <data key="d7"><![CDATA[Router Acceso G-REUNA (Catalyst 6503)]]></data>
      <data key="d9"/>
      <data key="d10">
        <y:ShapeNode>
          <y:Geometry height="30.0" width="30.0" x="608.562927246" y="777.883911133"/>
          <y:Fill color="#0000FF" transparent="false"/>
          <y:BorderStyle color="#000000" type="line" width="1.0"/>
          <y:NodeLabel alignment="center" autoSizePolicy="content" fontFamily="Dialog" fontSize="8" fontStyle="plain" hasBackgroundColor="false" hasLineColor="false" height="13.421875" modelName="internal" modelPosition="c" textColor="#000000" visible="true" width="25.40625" x="2.296875" y="8.2890625">UDEC</y:NodeLabel>
          <y:Shape type="ellipse"/>
        </y:ShapeNode>
      </data>
    </node>
    <node id="n9">
      <data key="d4">true</data>
      <data key="d5"/>
      <data key="d7"><![CDATA[Router Acceso G-REUNA (Catalyst 6503)]]></data>
      <data key="d9"/>
      <data key="d10">
        <y:ShapeNode>
          <y:Geometry height="30.0" width="30.0" x="621.362915039" y="817.307922363"/>
          <y:Fill color="#0000FF" transparent="false"/>
          <y:BorderStyle color="#000000" type="line" width="1.0"/>
          <y:NodeLabel alignment="center" autoSizePolicy="content" fontFamily="Dialog" fontSize="8" fontStyle="plain" hasBackgroundColor="false" hasLineColor="false" height="13.421875" modelName="internal" modelPosition="c" textColor="#000000" visible="true" width="18.74609375" x="5.626953125" y="8.2890625">UBB</y:NodeLabel>
          <y:Shape type="ellipse"/>
        </y:ShapeNode>
      </data>
    </node>
    <node id="n10">
      <data key="d4">true</data>
      <data key="d5"/>
      <data key="d7"><![CDATA[Router Acceso G-REUNA (Catalyst 6503)]]></data>
      <data key="d9"/>
      <data key="d10">
        <y:ShapeNode>
          <y:Geometry height="30.0" width="30.0" x="625.970947266" y="909.467895508"/>
          <y:Fill color="#0000FF" transparent="false"/>
          <y:BorderStyle color="#000000" type="line" width="1.0"/>
          <y:NodeLabel alignment="center" autoSizePolicy="content" fontFamily="Dialog" fontSize="8" fontStyle="plain" hasBackgroundColor="false" hasLineColor="false" height="13.421875" modelName="internal" modelPosition="c" textColor="#000000" visible="true" width="26.4765625" x="1.76171875" y="8.2890625">UACH</y:NodeLabel>
          <y:Shape type="ellipse"/>
        </y:ShapeNode>
      </data>
    </node>
    <node id="n11">
      <data key="d4">true</data>
      <data key="d5"/>
      <data key="d7"><![CDATA[Router Acceso G-REUNA (Catalyst 6503)]]></data>
      <data key="d9"/>
      <data key="d10">
        <y:ShapeNode>
          <y:Geometry height="30.0" width="30.0" x="797.490966797" y="839.835876465"/>
          <y:Fill color="#0000FF" transparent="false"/>
          <y:BorderStyle color="#000000" type="line" width="1.0"/>
          <y:NodeLabel alignment="center" autoSizePolicy="content" fontFamily="Dialog" fontSize="8" fontStyle="plain" hasBackgroundColor="false" hasLineColor="false" height="13.421875" modelName="internal" modelPosition="c" textColor="#000000" visible="true" width="25.10546875" x="2.447265625" y="8.2890625">UFRO</y:NodeLabel>
          <y:Shape type="ellipse"/>
        </y:ShapeNode>
      </data>
    </node>
    <node id="n12">
      <data key="d4">true</data>
      <data key="d5"/>
      <data key="d7"><![CDATA[Router Acceso G-REUNA (Catalyst 6503)]]></data>
      <data key="d9"/>
      <data key="d10">
        <y:ShapeNode>
          <y:Geometry height="30.0" width="30.0" x="787.762939453" y="869.531921387"/>
          <y:Fill color="#0000FF" transparent="false"/>
          <y:BorderStyle color="#000000" type="line" width="1.0"/>
          <y:NodeLabel alignment="center" autoSizePolicy="content" fontFamily="Dialog" fontSize="8" fontStyle="plain" hasBackgroundColor="false" hasLineColor="false" height="13.421875" modelName="internal" modelPosition="c" textColor="#000000" visible="true" width="20.13671875" x="4.931640625" y="8.2890625">UCT</y:NodeLabel>
          <y:Shape type="ellipse"/>
        </y:ShapeNode>
      </data>
    </node>
    <node id="n13">
      <data key="d4">true</data>
      <data key="d5"><![CDATA[Osorno]]></data>
      <data key="d7"><![CDATA[Router Acceso G-REUNA (Catalyst 6503)]]></data>
      <data key="d9"/>
      <data key="d10">
        <y:ShapeNode>
          <y:Geometry height="30.0" width="30.0" x="794.418945312" y="957.08392334"/>
          <y:Fill color="#0000FF" transparent="false"/>
          <y:BorderStyle color="#000000" type="line" width="1.0"/>
          <y:NodeLabel alignment="center" autoSizePolicy="content" fontFamily="Dialog" fontSize="8" fontStyle="plain" hasBackgroundColor="false" hasLineColor="false" height="13.421875" modelName="internal" modelPosition="c" textColor="#000000" visible="true" width="35.6328125" x="-2.81640625" y="8.2890625">ULAGOS</y:NodeLabel>
          <y:Shape type="ellipse"/>
        </y:ShapeNode>
      </data>
    </node>
    <node id="n14">
      <data key="d4">true</data>
      <data key="d5"/>
      <data key="d7"><![CDATA[Router Acceso G-REUNA (Catalyst 6503)]]></data>
      <data key="d9"/>
      <data key="d10">
        <y:ShapeNode>
          <y:Geometry height="30.0" width="30.0" x="624.434936523" y="247.451904297"/>
          <y:Fill color="#0000FF" transparent="false"/>
          <y:BorderStyle color="#000000" type="line" width="1.0"/>
          <y:NodeLabel alignment="center" autoSizePolicy="content" fontFamily="Dialog" fontSize="8" fontStyle="plain" hasBackgroundColor="false" hasLineColor="false" height="13.421875" modelName="internal" modelPosition="c" textColor="#000000" visible="true" width="25.39453125" x="2.302734375" y="8.2890625">UNAP</y:NodeLabel>
          <y:Shape type="ellipse"/>
        </y:ShapeNode>
      </data>
    </node>
    <node id="n15">
      <data key="d4">true</data>
      <data key="d5"><![CDATA[Arica]]></data>
      <data key="d7"><![CDATA[Router Acceso G-REUNA (Catalyst 6503)]]></data>
      <data key="d9"/>
      <data key="d10">
        <y:ShapeNode>
          <y:Geometry height="30.0" width="30.0" x="788.78692627" y="187.547912598"/>
          <y:Fill color="#0000FF" transparent="false"/>
          <y:BorderStyle color="#000000" type="line" width="1.0"/>
          <y:NodeLabel alignment="center" autoSizePolicy="content" fontFamily="Dialog" fontSize="8" fontStyle="plain" hasBackgroundColor="false" hasLineColor="false" height="13.421875" modelName="internal" modelPosition="c" textColor="#000000" visible="true" width="20.12109375" x="4.939453125" y="8.2890625">UTA</y:NodeLabel>
          <y:Shape type="ellipse"/>
        </y:ShapeNode>
      </data>
    </node>
    <node id="n16">
      <data key="d4">true</data>
      <data key="d5"/>
      <data key="d7"><![CDATA[Router Acceso G-REUNA (Catalyst 6503)]]></data>
      <data key="d9"/>
      <data key="d10">
        <y:ShapeNode>
          <y:Geometry height="30.0" width="30.0" x="791.346923828" y="352.411895752"/>
          <y:Fill color="#0000FF" transparent="false"/>
          <y:BorderStyle color="#000000" type="line" width="1.0"/>
          <y:NodeLabel alignment="center" autoSizePolicy="content" fontFamily="Dialog" fontSize="8" fontStyle="plain" hasBackgroundColor="false" hasLineColor="false" height="13.421875" modelName="internal" modelPosition="c" textColor="#000000" visible="true" width="20.98828125" x="4.505859375" y="8.2890625">UCN</y:NodeLabel>
          <y:Shape type="ellipse"/>
        </y:ShapeNode>
      </data>
    </node>
    <node id="n17">
      <data key="d4">true</data>
      <data key="d5"/>
      <data key="d7"><![CDATA[Router Accesso REUNA2 (Cisco 7204)]]></data>
      <data key="d9"/>
      <data key="d10">
        <y:ShapeNode>
          <y:Geometry height="30.0" width="30.0" x="896.358154297" y="774.197509766"/>
          <y:Fill color="#00FF00" transparent="false"/>
          <y:BorderStyle color="#000000" type="line" width="1.0"/>
          <y:NodeLabel alignment="center" autoSizePolicy="content" fontFamily="Dialog" fontSize="8" fontStyle="plain" hasBackgroundColor="false" hasLineColor="false" height="13.421875" modelName="internal" modelPosition="c" textColor="#000000" visible="true" width="82.03125" x="-26.015625" y="8.2890625">UNAP Sede Santiago</y:NodeLabel>
          <y:Shape type="ellipse"/>
        </y:ShapeNode>
      </data>
    </node>
    <node id="n18">
      <data key="d4">true</data>
      <data key="d5"><![CDATA[Puerto Montt]]></data>
      <data key="d7"><![CDATA[Router Accesso REUNA2 (Cisco 7204)]]></data>
      <data key="d9"/>
      <data key="d10">
        <y:ShapeNode>
          <y:Geometry height="30.0" width="30.0" x="886.630126953" y="952.373535156"/>
          <y:Fill color="#00FF00" transparent="false"/>
          <y:BorderStyle color="#000000" type="line" width="1.0"/>
          <y:NodeLabel alignment="center" autoSizePolicy="content" fontFamily="Dialog" fontSize="8" fontStyle="plain" hasBackgroundColor="false" hasLineColor="false" height="13.421875" modelName="internal" modelPosition="c" textColor="#000000" visible="true" width="84.1640625" x="-27.08203125" y="8.2890625">ULAGO Puerto Montt</y:NodeLabel>
          <y:Shape type="ellipse"/>
        </y:ShapeNode>
      </data>
    </node>
    <node id="n19">
      <data key="d4">true</data>
      <data key="d5"/>
      <data key="d7"><![CDATA[Switch Troncal G-REUNA (Cisco 7606)]]></data>
      <data key="d9"/>
      <data key="d10">
        <y:ShapeNode>
          <y:Geometry height="30.0" width="30.0" x="709.478149414" y="185.397506714"/>
          <y:Fill color="#FF9900" transparent="false"/>
          <y:BorderStyle color="#000000" type="line" width="1.0"/>
          <y:NodeLabel alignment="center" autoSizePolicy="content" fontFamily="Dialog" fontSize="8" fontStyle="plain" hasBackgroundColor="false" hasLineColor="false" height="13.421875" modelName="internal" modelPosition="c" textColor="#000000" visible="true" width="23.62109375" x="3.189453125" y="8.2890625">Arica</y:NodeLabel>
          <y:Shape type="ellipse"/>
        </y:ShapeNode>
      </data>
    </node>
    <node id="n20">
      <data key="d4">true</data>
      <data key="d5"/>
      <data key="d7"><![CDATA[Switch Troncal G-REUNA (Cisco 7606)]]></data>
      <data key="d9"/>
      <data key="d10">
        <y:ShapeNode>
          <y:Geometry height="30.0" width="30.0" x="706.918151855" y="251.957504272"/>
          <y:Fill color="#FF9900" transparent="false"/>
          <y:BorderStyle color="#000000" type="line" width="1.0"/>
          <y:NodeLabel alignment="center" autoSizePolicy="content" fontFamily="Dialog" fontSize="8" fontStyle="plain" hasBackgroundColor="false" hasLineColor="false" height="13.421875" modelName="internal" modelPosition="c" textColor="#000000" visible="true" width="33.07421875" x="-1.537109375" y="8.2890625">Iquique</y:NodeLabel>
          <y:Shape type="ellipse"/>
        </y:ShapeNode>
      </data>
    </node>
    <node id="n21">
      <data key="d4">true</data>
      <data key="d5"/>
      <data key="d7"><![CDATA[Switch Troncal G-REUNA (Cisco 7606)]]></data>
      <data key="d9"/>
      <data key="d10">
        <y:ShapeNode>
          <y:Geometry height="30.0" width="30.0" x="707.942138672" y="343.605499268"/>
          <y:Fill color="#FF9900" transparent="false"/>
          <y:BorderStyle color="#000000" type="line" width="1.0"/>
          <y:NodeLabel alignment="center" autoSizePolicy="content" fontFamily="Dialog" fontSize="8" fontStyle="plain" hasBackgroundColor="false" hasLineColor="false" height="13.421875" modelName="internal" modelPosition="c" textColor="#000000" visible="true" width="50.64453125" x="-10.322265625" y="8.2890625">Antofagasta</y:NodeLabel>
          <y:Shape type="ellipse"/>
        </y:ShapeNode>
      </data>
    </node>
    <node id="n22">
      <data key="d4">true</data>
      <data key="d5"/>
      <data key="d7"><![CDATA[Switch Troncal G-REUNA (Cisco 7606)]]></data>
      <data key="d9"/>
      <data key="d10">
        <y:ShapeNode>
          <y:Geometry height="30.0" width="30.0" x="704.870117188" y="496.181518555"/>
          <y:Fill color="#FF9900" transparent="false"/>
          <y:BorderStyle color="#000000" type="line" width="1.0"/>
          <y:NodeLabel alignment="center" autoSizePolicy="content" fontFamily="Dialog" fontSize="8" fontStyle="plain" hasBackgroundColor="false" hasLineColor="false" height="13.421875" modelName="internal" modelPosition="c" textColor="#000000" visible="true" width="36.1640625" x="-3.08203125" y="8.2890625">Copiapo</y:NodeLabel>
          <y:Shape type="ellipse"/>
        </y:ShapeNode>
      </data>
    </node>
    <node id="n23">
      <data key="d4">true</data>
      <data key="d5"/>
      <data key="d7"><![CDATA[Switch Troncal G-REUNA (Cisco 7606)]]></data>
      <data key="d9"/>
      <data key="d10">
        <y:ShapeNode>
          <y:Geometry height="30.0" width="30.0" x="706.918151855" y="587.829528809"/>
          <y:Fill color="#FF9900" transparent="false"/>
          <y:BorderStyle color="#000000" type="line" width="1.0"/>
          <y:NodeLabel alignment="center" autoSizePolicy="content" fontFamily="Dialog" fontSize="8" fontStyle="plain" hasBackgroundColor="false" hasLineColor="false" height="13.421875" modelName="internal" modelPosition="c" textColor="#000000" visible="true" width="41.09375" x="-5.546875" y="8.2890625">La Serena</y:NodeLabel>
          <y:Shape type="ellipse"/>
        </y:ShapeNode>
      </data>
    </node>
    <node id="n24">
      <data key="d4">true</data>
      <data key="d5"/>
      <data key="d7"><![CDATA[Switch Troncal G-REUNA (Cisco 7606)]]></data>
      <data key="d9"/>
      <data key="d10">
        <y:ShapeNode>
          <y:Geometry height="30.0" width="30.0" x="704.614135742" y="710.325500488"/>
          <y:Fill color="#FF9900" transparent="false"/>
          <y:BorderStyle color="#000000" type="line" width="1.0"/>
          <y:NodeLabel alignment="center" autoSizePolicy="content" fontFamily="Dialog" fontSize="8" fontStyle="plain" hasBackgroundColor="false" hasLineColor="false" height="13.421875" modelName="internal" modelPosition="c" textColor="#000000" visible="true" width="37.31640625" x="-3.658203125" y="8.2890625">Santiago</y:NodeLabel>
          <y:Shape type="ellipse"/>
        </y:ShapeNode>
      </data>
    </node>
    <node id="n25">
      <data key="d4">true</data>
      <data key="d5"/>
      <data key="d7"><![CDATA[Switch Troncal G-REUNA (Cisco 7606)]]></data>
      <data key="d9"/>
      <data key="d10">
        <y:ShapeNode>
          <y:Geometry height="30.0" width="30.0" x="703.33416748" y="798.005493164"/>
          <y:Fill color="#FF9900" transparent="false"/>
          <y:BorderStyle color="#000000" type="line" width="1.0"/>
          <y:NodeLabel alignment="center" autoSizePolicy="content" fontFamily="Dialog" fontSize="8" fontStyle="plain" hasBackgroundColor="false" hasLineColor="false" height="13.421875" modelName="internal" modelPosition="c" textColor="#000000" visible="true" width="49.29296875" x="-9.646484375" y="8.2890625">Concepcion</y:NodeLabel>
          <y:Shape type="ellipse"/>
        </y:ShapeNode>
      </data>
    </node>
    <node id="n26">
      <data key="d4">true</data>
      <data key="d5"/>
      <data key="d7"><![CDATA[Switch Troncal G-REUNA (Cisco 7606)]]></data>
      <data key="d9"/>
      <data key="d10">
        <y:ShapeNode>
          <y:Geometry height="30.0" width="30.0" x="707.814147949" y="855.605529785"/>
          <y:Fill color="#FF9900" transparent="false"/>
          <y:BorderStyle color="#000000" type="line" width="1.0"/>
          <y:NodeLabel alignment="center" autoSizePolicy="content" fontFamily="Dialog" fontSize="8" fontStyle="plain" hasBackgroundColor="false" hasLineColor="false" height="13.421875" modelName="internal" modelPosition="c" textColor="#000000" visible="true" width="34.9609375" x="-2.48046875" y="8.2890625">Temuco</y:NodeLabel>
          <y:Shape type="ellipse"/>
        </y:ShapeNode>
      </data>
    </node>
    <node id="n27">
      <data key="d4">true</data>
      <data key="d5"/>
      <data key="d7"><![CDATA[Switch Troncal G-REUNA (Cisco 7606)]]></data>
      <data key="d9"/>
      <data key="d10">
        <y:ShapeNode>
          <y:Geometry height="30.0" width="30.0" x="709.094116211" y="894.645507812"/>
          <y:Fill color="#FF9900" transparent="false"/>
          <y:BorderStyle color="#000000" type="line" width="1.0"/>
          <y:NodeLabel alignment="center" autoSizePolicy="content" fontFamily="Dialog" fontSize="8" fontStyle="plain" hasBackgroundColor="false" hasLineColor="false" height="13.421875" modelName="internal" modelPosition="c" textColor="#000000" visible="true" width="34.1796875" x="-2.08984375" y="8.2890625">Valdivia</y:NodeLabel>
          <y:Shape type="ellipse"/>
        </y:ShapeNode>
      </data>
    </node>
    <node id="n28">
      <data key="d4">true</data>
      <data key="d5"/>
      <data key="d7"><![CDATA[Switch Troncal G-REUNA (Cisco 7606)]]></data>
      <data key="d9"/>
      <data key="d10">
        <y:ShapeNode>
          <y:Geometry height="30.0" width="30.0" x="707.814147949" y="959.925476074"/>
          <y:Fill color="#FF9900" transparent="false"/>
          <y:BorderStyle color="#000000" type="line" width="1.0"/>
          <y:NodeLabel alignment="center" autoSizePolicy="content" fontFamily="Dialog" fontSize="8" fontStyle="plain" hasBackgroundColor="false" hasLineColor="false" height="13.421875" modelName="internal" modelPosition="c" textColor="#000000" visible="true" width="32.359375" x="-1.1796875" y="8.2890625">Osorno</y:NodeLabel>
          <y:Shape type="ellipse"/>
        </y:ShapeNode>
      </data>
    </node>
    <node id="n29">
      <data key="d4">false</data>
      <data key="d5"/>
      <data key="d7"/>
      <data key="d9"/>
      <data key="d10">
        <y:ShapeNode>
          <y:Geometry height="30.0" width="30.0" x="421.734130859" y="626.485534668"/>
          <y:Fill color="#FFCC00" transparent="false"/>
          <y:BorderStyle color="#000000" type="line" width="1.0"/>
          <y:NodeLabel alignment="center" autoSizePolicy="content" fontFamily="Dialog" fontSize="8" fontStyle="plain" hasBackgroundColor="false" hasLineColor="false" height="13.421875" modelName="internal" modelPosition="c" textColor="#000000" visible="true" width="44.44921875" x="-7.224609375" y="8.2890625">RedCLARA</y:NodeLabel>
          <y:Shape type="triangle"/>
        </y:ShapeNode>
      </data>
    </node>
    <node id="n30">
      <data key="d4">false</data>
      <data key="d5"/>
      <data key="d7"/>
      <data key="d9"/>
      <data key="d10">
        <y:ShapeNode>
          <y:Geometry height="30.0" width="30.0" x="413.414154053" y="744.245483398"/>
          <y:Fill color="#FFCC00" transparent="false"/>
          <y:BorderStyle color="#000000" type="line" width="1.0"/>
          <y:NodeLabel alignment="center" autoSizePolicy="content" fontFamily="Dialog" fontSize="8" fontStyle="plain" hasBackgroundColor="false" hasLineColor="false" height="13.421875" modelName="internal" modelPosition="c" textColor="#000000" visible="true" width="64.27734375" x="-17.138671875" y="8.2890625">PITs Nacionales</y:NodeLabel>
          <y:Shape type="triangle"/>
        </y:ShapeNode>
      </data>
    </node>
    <node id="n31">
      <data key="d4">true</data>
      <data key="d5"/>
      <data key="d7"/>
      <data key="d9"/>
      <data key="d10">
        <y:ShapeNode>
          <y:Geometry height="30.0" width="30.0" x="567.014160156" y="676.405517578"/>
          <y:Fill color="#FFCC00" transparent="false"/>
          <y:BorderStyle color="#000000" type="line" width="1.0"/>
          <y:NodeLabel alignment="center" autoSizePolicy="content" fontFamily="Dialog" fontSize="8" fontStyle="plain" hasBackgroundColor="false" hasLineColor="false" height="13.421875" modelName="internal" modelPosition="c" textColor="#000000" visible="true" width="29.33984375" x="0.330078125" y="8.2890625">RC-12</y:NodeLabel>
          <y:Shape type="ellipse"/>
        </y:ShapeNode>
      </data>
    </node>
    <node id="n32">
      <data key="d4">true</data>
      <data key="d5"/>
      <data key="d7"/>
      <data key="d9"/>
      <data key="d10">
        <y:ShapeNode>
          <y:Geometry height="30.0" width="30.0" x="575.974121094" y="711.605529785"/>
          <y:Fill color="#FFCC00" transparent="false"/>
          <y:BorderStyle color="#000000" type="line" width="1.0"/>
          <y:NodeLabel alignment="center" autoSizePolicy="content" fontFamily="Dialog" fontSize="8" fontStyle="plain" hasBackgroundColor="false" hasLineColor="false" height="13.421875" modelName="internal" modelPosition="c" textColor="#000000" visible="true" width="52.5703125" x="-11.28515625" y="8.2890625">RC-Nacional</y:NodeLabel>
          <y:Shape type="ellipse"/>
        </y:ShapeNode>
      </data>
    </node>
    <node id="n33">
      <data key="d4">true</data>
      <data key="d5"/>
      <data key="d6">true</data>
      <data key="d7"/>
      <data key="d9"/>
      <data key="d10">
        <y:ShapeNode>
          <y:Geometry height="16.6879997253" width="16.6879997253" x="749.549804688" y="853.705993652"/>
          <y:Fill color="#FFCC00" transparent="false"/>
          <y:BorderStyle color="#000000" type="line" width="1.0"/>
          <y:NodeLabel alignment="center" autoSizePolicy="content" fontFamily="Dialog" fontSize="8" fontStyle="plain" hasBackgroundColor="false" hasLineColor="false" hasText="false" height="4.0" modelName="internal" modelPosition="c" textColor="#000000" visible="true" width="4.0" x="6.34399986264998" y="6.34399986264998"/>
          <y:Shape type="octagon"/>
        </y:ShapeNode>
      </data>
    </node>
    <node id="n34">
      <data key="d4">true</data>
      <data key="d5"/>
      <data key="d6">true</data>
      <data key="d7"/>
      <data key="d9"/>
      <data key="d10">
        <y:ShapeNode>
          <y:Geometry height="16.6879997253" width="16.6879997253" x="659.437805176" y="793.802001953"/>
          <y:Fill color="#FFCC00" transparent="false"/>
          <y:BorderStyle color="#000000" type="line" width="1.0"/>
          <y:NodeLabel alignment="center" autoSizePolicy="content" fontFamily="Dialog" fontSize="8" fontStyle="plain" hasBackgroundColor="false" hasLineColor="false" hasText="false" height="4.0" modelName="internal" modelPosition="c" textColor="#000000" visible="true" width="4.0" x="6.34399986264998" y="6.34399986264998"/>
          <y:Shape type="octagon"/>
        </y:ShapeNode>
      </data>
    </node>
    <node id="n35">
      <data key="d4">true</data>
      <data key="d5"/>
      <data key="d6">true</data>
      <data key="d7"/>
      <data key="d9"/>
      <data key="d10">
        <y:ShapeNode>
          <y:Geometry height="16.6879997253" width="16.6879997253" x="664.557800293" y="591.562011719"/>
          <y:Fill color="#FFCC00" transparent="false"/>
          <y:BorderStyle color="#000000" type="line" width="1.0"/>
          <y:NodeLabel alignment="center" autoSizePolicy="content" fontFamily="Dialog" fontSize="8" fontStyle="plain" hasBackgroundColor="false" hasLineColor="false" hasText="false" height="4.0" modelName="internal" modelPosition="c" textColor="#000000" visible="true" width="4.0" x="6.34399986264998" y="6.34399986264998"/>
          <y:Shape type="octagon"/>
        </y:ShapeNode>
      </data>
    </node>
    <node id="n36">
      <data key="d4">true</data>
      <data key="d5"/>
      <data key="d6">true</data>
      <data key="d7"/>
      <data key="d9"/>
      <data key="d10">
        <y:ShapeNode>
          <y:Geometry height="16.6879997253" width="16.6879997253" x="750.061828613" y="703.177978516"/>
          <y:Fill color="#FFCC00" transparent="false"/>
          <y:BorderStyle color="#000000" type="line" width="1.0"/>
          <y:NodeLabel alignment="center" autoSizePolicy="content" fontFamily="Dialog" fontSize="8" fontStyle="plain" hasBackgroundColor="false" hasLineColor="false" hasText="false" height="4.0" modelName="internal" modelPosition="c" textColor="#000000" visible="true" width="4.0" x="6.34399986264998" y="6.34399986264998"/>
          <y:Shape type="octagon"/>
        </y:ShapeNode>
      </data>
    </node>
    <edge id="e0" source="n0" target="n22">
      <data key="d37"><![CDATA[Conexion G-REUNA 1 Gbps]]></data>
      <data key="d39"/>
      <data key="d40">
        <y:PolyLineEdge>
          <y:Path sx="0.0" sy="0.0" tx="0.0" ty="0.0"/>
          <y:LineStyle color="#FF6600" type="line" width="2.0"/>
          <y:Arrows source="none" target="none"/>
          <y:BendStyle smoothed="false"/>
        </y:PolyLineEdge>
      </data>
    </edge>
    <edge id="e1" source="n1" target="n35">
      <data key="d37"><![CDATA[Conexion G-REUNA 1 Gbps]]></data>
      <data key="d39"/>
      <data key="d40">
        <y:PolyLineEdge>
          <y:Path sx="0.0" sy="0.0" tx="0.0" ty="0.0">
            <y:Point x="654.829833984" y="566.473999023"/>
          </y:Path>
          <y:LineStyle color="#FF6600" type="line" width="2.0"/>
          <y:Arrows source="none" target="none"/>
          <y:BendStyle smoothed="false"/>
        </y:PolyLineEdge>
      </data>
    </edge>
    <edge id="e2" source="n2" target="n35">
      <data key="d37"><![CDATA[Conexion G-REUNA 1 Gbps]]></data>
      <data key="d39"/>
      <data key="d40">
        <y:PolyLineEdge>
          <y:Path sx="0.0" sy="0.0" tx="0.0" ty="0.0">
            <y:Point x="660.461791992" y="617.67401123"/>
          </y:Path>
          <y:LineStyle color="#FF6600" type="line" width="2.0"/>
          <y:Arrows source="none" target="none"/>
          <y:BendStyle smoothed="false"/>
        </y:PolyLineEdge>
      </data>
    </edge>
    <edge id="e3" source="n3" target="n36">
      <data key="d37"><![CDATA[Conexion G-REUNA 1 Gbps]]></data>
      <data key="d39"/>
      <data key="d40">
        <y:PolyLineEdge>
          <y:Path sx="0.0" sy="0.0" tx="0.0" ty="0.0">
            <y:Point x="759.277832031" y="625.865966797"/>
          </y:Path>
          <y:LineStyle color="#FF6600" type="line" width="2.0"/>
          <y:Arrows source="none" target="none"/>
          <y:BendStyle smoothed="false"/>
        </y:PolyLineEdge>
      </data>
    </edge>
    <edge id="e4" source="n4" target="n36">
      <data key="d37"><![CDATA[Conexion G-REUNA 1 Gbps]]></data>
      <data key="d39"/>
      <data key="d40">
        <y:PolyLineEdge>
          <y:Path sx="0.0" sy="0.0" tx="0.0" ty="0.0"/>
          <y:LineStyle color="#FF6600" type="line" width="2.0"/>
          <y:Arrows source="none" target="none"/>
          <y:BendStyle smoothed="false"/>
        </y:PolyLineEdge>
      </data>
    </edge>
    <edge id="e5" source="n5" target="n36">
      <data key="d37"><![CDATA[Conexion G-REUNA 1 Gbps]]></data>
      <data key="d39"/>
      <data key="d40">
        <y:PolyLineEdge>
          <y:Path sx="0.0" sy="0.0" tx="0.0" ty="0.0"/>
          <y:LineStyle color="#FF6600" type="line" width="2.0"/>
          <y:Arrows source="none" target="none"/>
          <y:BendStyle smoothed="false"/>
        </y:PolyLineEdge>
      </data>
    </edge>
    <edge id="e6" source="n6" target="n36">
      <data key="d37"><![CDATA[Conexion G-REUNA 1 Gbps]]></data>
      <data key="d39"/>
      <data key="d40">
        <y:PolyLineEdge>
          <y:Path sx="0.0" sy="0.0" tx="0.0" ty="0.0"/>
          <y:LineStyle color="#FF6600" type="line" width="2.0"/>
          <y:Arrows source="none" target="none"/>
          <y:BendStyle smoothed="false"/>
        </y:PolyLineEdge>
      </data>
    </edge>
    <edge id="e7" source="n7" target="n17">
      <data key="d37"/>
      <data key="d39"/>
      <data key="d40">
        <y:PolyLineEdge>
          <y:Path sx="0.0" sy="0.0" tx="0.0" ty="0.0">
            <y:Point x="791.021789551" y="790.729980469"/>
          </y:Path>
          <y:LineStyle color="#999999" type="line" width="2.0"/>
          <y:Arrows source="none" target="none"/>
          <y:BendStyle smoothed="false"/>
        </y:PolyLineEdge>
      </data>
    </edge>
    <edge id="e8" source="n7" target="n36">
      <data key="d37"><![CDATA[Conexion G-REUNA 1 Gbps]]></data>
      <data key="d39"/>
      <data key="d40">
        <y:PolyLineEdge>
          <y:Path sx="0.0" sy="0.0" tx="0.0" ty="0.0">
            <y:Point x="756.205810547" y="749.769958496"/>
          </y:Path>
          <y:LineStyle color="#FF6600" type="line" width="2.0"/>
          <y:Arrows source="none" target="none"/>
          <y:BendStyle smoothed="false"/>
        </y:PolyLineEdge>
      </data>
    </edge>
    <edge id="e9" source="n8" target="n34">
      <data key="d37"><![CDATA[Conexion G-REUNA 1 Gbps]]></data>
      <data key="d39"/>
      <data key="d40">
        <y:PolyLineEdge>
          <y:Path sx="0.0" sy="0.0" tx="0.0" ty="0.0">
            <y:Point x="660.973815918" y="771.273986816"/>
          </y:Path>
          <y:LineStyle color="#FF6600" type="line" width="2.0"/>
          <y:Arrows source="none" target="none"/>
          <y:BendStyle smoothed="false"/>
        </y:PolyLineEdge>
      </data>
    </edge>
    <edge id="e10" source="n9" target="n34">
      <data key="d37"><![CDATA[Conexion G-REUNA 1 Gbps]]></data>
      <data key="d39"/>
      <data key="d40">
        <y:PolyLineEdge>
          <y:Path sx="0.0" sy="0.0" tx="0.0" ty="0.0">
            <y:Point x="655.341796875" y="818.377990723"/>
          </y:Path>
          <y:LineStyle color="#FF6600" type="line" width="2.0"/>
          <y:Arrows source="none" target="none"/>
          <y:BendStyle smoothed="false"/>
        </y:PolyLineEdge>
      </data>
    </edge>
    <edge id="e11" source="n10" target="n27">
      <data key="d37"><![CDATA[Conexion G-REUNA 1 Gbps]]></data>
      <data key="d39"/>
      <data key="d40">
        <y:PolyLineEdge>
          <y:Path sx="0.0" sy="0.0" tx="0.0" ty="0.0"/>
          <y:LineStyle color="#FF6600" type="line" width="2.0"/>
          <y:Arrows source="none" target="none"/>
          <y:BendStyle smoothed="false"/>
        </y:PolyLineEdge>
      </data>
    </edge>
    <edge id="e12" source="n11" target="n33">
      <data key="d37"><![CDATA[Conexion G-REUNA 1 Gbps]]></data>
      <data key="d39"/>
      <data key="d40">
        <y:PolyLineEdge>
          <y:Path sx="0.0" sy="0.0" tx="0.0" ty="0.0">
            <y:Point x="768.493835449" y="826.057983398"/>
          </y:Path>
          <y:LineStyle color="#FF6600" type="line" width="2.0"/>
          <y:Arrows source="none" target="none"/>
          <y:BendStyle smoothed="false"/>
        </y:PolyLineEdge>
      </data>
    </edge>
    <edge id="e13" source="n12" target="n33">
      <data key="d37"><![CDATA[Conexion G-REUNA 1 Gbps]]></data>
      <data key="d39"/>
      <data key="d40">
        <y:PolyLineEdge>
          <y:Path sx="0.0" sy="0.0" tx="0.0" ty="0.0"/>
          <y:LineStyle color="#FF6600" type="line" width="2.0"/>
          <y:Arrows source="none" target="none"/>
          <y:BendStyle smoothed="false"/>
        </y:PolyLineEdge>
      </data>
    </edge>
    <edge id="e14" source="n13" target="n18">
      <data key="d37"/>
      <data key="d39"/>
      <data key="d40">
        <y:PolyLineEdge>
          <y:Path sx="0.0" sy="0.0" tx="0.0" ty="0.0"/>
          <y:LineStyle color="#999999" type="line" width="2.0"/>
          <y:Arrows source="none" target="none"/>
          <y:BendStyle smoothed="false"/>
        </y:PolyLineEdge>
      </data>
    </edge>
    <edge id="e15" source="n13" target="n28">
      <data key="d37"><![CDATA[Conexion G-REUNA 1 Gbps]]></data>
      <data key="d39"/>
      <data key="d40">
        <y:PolyLineEdge>
          <y:Path sx="0.0" sy="0.0" tx="0.0" ty="0.0"/>
          <y:LineStyle color="#FF6600" type="line" width="2.0"/>
          <y:Arrows source="none" target="none"/>
          <y:BendStyle smoothed="false"/>
        </y:PolyLineEdge>
      </data>
    </edge>
    <edge id="e16" source="n14" target="n20">
      <data key="d37"><![CDATA[Conexion G-REUNA 1 Gbps]]></data>
      <data key="d39"/>
      <data key="d40">
        <y:PolyLineEdge>
          <y:Path sx="0.0" sy="0.0" tx="0.0" ty="0.0"/>
          <y:LineStyle color="#FF6600" type="line" width="2.0"/>
          <y:Arrows source="none" target="none"/>
          <y:BendStyle smoothed="false"/>
        </y:PolyLineEdge>
      </data>
    </edge>
    <edge id="e17" source="n15" target="n19">
      <data key="d37"><![CDATA[Conexion G-REUNA 1 Gbps]]></data>
      <data key="d39"/>
      <data key="d40">
        <y:PolyLineEdge>
          <y:Path sx="0.0" sy="0.0" tx="0.0" ty="0.0"/>
          <y:LineStyle color="#FF6600" type="line" width="2.0"/>
          <y:Arrows source="none" target="none"/>
          <y:BendStyle smoothed="false"/>
        </y:PolyLineEdge>
      </data>
    </edge>
    <edge id="e18" source="n16" target="n21">
      <data key="d37"><![CDATA[Conexion G-REUNA 1 Gbps]]></data>
      <data key="d39"/>
      <data key="d40">
        <y:PolyLineEdge>
          <y:Path sx="0.0" sy="0.0" tx="0.0" ty="0.0"/>
          <y:LineStyle color="#FF6600" type="line" width="2.0"/>
          <y:Arrows source="none" target="none"/>
          <y:BendStyle smoothed="false"/>
        </y:PolyLineEdge>
      </data>
    </edge>
    <edge id="e19" source="n19" target="n20">
      <data key="d37"><![CDATA[155 Mbps]]></data>
      <data key="d39"/>
      <data key="d40">
        <y:PolyLineEdge>
          <y:Path sx="0.0" sy="0.0" tx="0.0" ty="0.0"/>
          <y:LineStyle color="#0000FF" type="line" width="2.0"/>
          <y:Arrows source="none" target="none"/>
          <y:BendStyle smoothed="false"/>
        </y:PolyLineEdge>
      </data>
    </edge>
    <edge id="e20" source="n20" target="n21">
      <data key="d37"><![CDATA[155 Mbps]]></data>
      <data key="d39"/>
      <data key="d40">
        <y:PolyLineEdge>
          <y:Path sx="0.0" sy="0.0" tx="0.0" ty="0.0"/>
          <y:LineStyle color="#0000FF" type="line" width="2.0"/>
          <y:Arrows source="none" target="none"/>
          <y:BendStyle smoothed="false"/>
        </y:PolyLineEdge>
      </data>
    </edge>
    <edge id="e21" source="n21" target="n22">
      <data key="d37"><![CDATA[205 Mbps]]></data>
      <data key="d39"/>
      <data key="d40">
        <y:PolyLineEdge>
          <y:Path sx="0.0" sy="0.0" tx="0.0" ty="0.0"/>
          <y:LineStyle color="#0000FF" type="line" width="2.0"/>
          <y:Arrows source="none" target="none"/>
          <y:BendStyle smoothed="false"/>
        </y:PolyLineEdge>
      </data>
    </edge>
    <edge id="e22" source="n22" target="n23">
      <data key="d37"><![CDATA[205 Mbps]]></data>
      <data key="d39"/>
      <data key="d40">
        <y:PolyLineEdge>
          <y:Path sx="0.0" sy="0.0" tx="0.0" ty="0.0"/>
          <y:LineStyle color="#0000FF" type="line" width="2.0"/>
          <y:Arrows source="none" target="none"/>
          <y:BendStyle smoothed="false"/>
        </y:PolyLineEdge>
      </data>
    </edge>
    <edge id="e23" source="n23" target="n24">
      <data key="d37"><![CDATA[301 Mbps]]></data>
      <data key="d39"/>
      <data key="d40">
        <y:PolyLineEdge>
          <y:Path sx="0.0" sy="0.0" tx="0.0" ty="0.0"/>
          <y:LineStyle color="#0000FF" type="line" width="2.0"/>
          <y:Arrows source="none" target="none"/>
          <y:BendStyle smoothed="false"/>
        </y:PolyLineEdge>
      </data>
    </edge>
    <edge id="e24" source="n23" target="n35">
      <data key="d37"><![CDATA[Conexion G-REUNA 1 Gbps]]></data>
      <data key="d39"/>
      <data key="d40">
        <y:PolyLineEdge>
          <y:Path sx="0.0" sy="0.0" tx="0.0" ty="0.0"/>
          <y:LineStyle color="#FF6600" type="line" width="2.0"/>
          <y:Arrows source="none" target="none"/>
          <y:BendStyle smoothed="false"/>
        </y:PolyLineEdge>
      </data>
    </edge>
    <edge id="e25" source="n24" target="n32">
      <data key="d37"><![CDATA[Conexion G-REUNA 1 Gbps]]></data>
      <data key="d39"/>
      <data key="d40">
        <y:PolyLineEdge>
          <y:Path sx="0.0" sy="0.0" tx="0.0" ty="0.0"/>
          <y:LineStyle color="#FF6600" type="line" width="2.0"/>
          <y:Arrows source="none" target="none"/>
          <y:BendStyle smoothed="false"/>
        </y:PolyLineEdge>
      </data>
    </edge>
    <edge id="e26" source="n24" target="n25">
      <data key="d37"><![CDATA[301 Mbps]]></data>
      <data key="d39"/>
      <data key="d40">
        <y:PolyLineEdge>
          <y:Path sx="0.0" sy="0.0" tx="0.0" ty="0.0"/>
          <y:LineStyle color="#0000FF" type="line" width="2.0"/>
          <y:Arrows source="none" target="none"/>
          <y:BendStyle smoothed="false"/>
        </y:PolyLineEdge>
      </data>
    </edge>
    <edge id="e27" source="n24" target="n31">
      <data key="d37"><![CDATA[Conexion G-REUNA 1 Gbps]]></data>
      <data key="d39"/>
      <data key="d40">
        <y:PolyLineEdge>
          <y:Path sx="0.0" sy="0.0" tx="0.0" ty="0.0">
            <y:Point x="619.501831055" y="698.057983398"/>
          </y:Path>
          <y:LineStyle color="#FF6600" type="line" width="2.0"/>
          <y:Arrows source="none" target="none"/>
          <y:BendStyle smoothed="false"/>
        </y:PolyLineEdge>
      </data>
    </edge>
    <edge id="e28" source="n24" target="n36">
      <data key="d37"><![CDATA[Conexion G-REUNA 1 Gbps]]></data>
      <data key="d39"/>
      <data key="d40">
        <y:PolyLineEdge>
          <y:Path sx="0.0" sy="0.0" tx="0.0" ty="0.0"/>
          <y:LineStyle color="#FF6600" type="line" width="2.0"/>
          <y:Arrows source="none" target="none"/>
          <y:BendStyle smoothed="false"/>
        </y:PolyLineEdge>
      </data>
    </edge>
    <edge id="e29" source="n25" target="n26">
      <data key="d37"><![CDATA[205 Mbps]]></data>
      <data key="d39"/>
      <data key="d40">
        <y:PolyLineEdge>
          <y:Path sx="0.0" sy="0.0" tx="0.0" ty="0.0"/>
          <y:LineStyle color="#0000FF" type="line" width="2.0"/>
          <y:Arrows source="none" target="none"/>
          <y:BendStyle smoothed="false"/>
        </y:PolyLineEdge>
      </data>
    </edge>
    <edge id="e30" source="n25" target="n34">
      <data key="d37"><![CDATA[Conexion G-REUNA 1 Gbps]]></data>
      <data key="d39"/>
      <data key="d40">
        <y:PolyLineEdge>
          <y:Path sx="0.0" sy="0.0" tx="0.0" ty="0.0"/>
          <y:LineStyle color="#FF6600" type="line" width="2.0"/>
          <y:Arrows source="none" target="none"/>
          <y:BendStyle smoothed="false"/>
        </y:PolyLineEdge>
      </data>
    </edge>
    <edge id="e31" source="n26" target="n33">
      <data key="d37"><![CDATA[Conexion G-REUNA 1 Gbps]]></data>
      <data key="d39"/>
      <data key="d40">
        <y:PolyLineEdge>
          <y:Path sx="0.0" sy="0.0" tx="0.0" ty="0.0"/>
          <y:LineStyle color="#FF6600" type="line" width="2.0"/>
          <y:Arrows source="none" target="none"/>
          <y:BendStyle smoothed="false"/>
        </y:PolyLineEdge>
      </data>
    </edge>
    <edge id="e32" source="n26" target="n27">
      <data key="d37"><![CDATA[155 Mbps]]></data>
      <data key="d39"/>
      <data key="d40">
        <y:PolyLineEdge>
          <y:Path sx="0.0" sy="0.0" tx="0.0" ty="0.0"/>
          <y:LineStyle color="#0000FF" type="line" width="2.0"/>
          <y:Arrows source="none" target="none"/>
          <y:BendStyle smoothed="false"/>
        </y:PolyLineEdge>
      </data>
    </edge>
    <edge id="e33" source="n27" target="n28">
      <data key="d37"><![CDATA[155 Mbps]]></data>
      <data key="d39"/>
      <data key="d40">
        <y:PolyLineEdge>
          <y:Path sx="0.0" sy="0.0" tx="0.0" ty="0.0"/>
          <y:LineStyle color="#0000FF" type="line" width="2.0"/>
          <y:Arrows source="none" target="none"/>
          <y:BendStyle smoothed="false"/>
        </y:PolyLineEdge>
      </data>
    </edge>
    <edge id="e34" source="n29" target="n31">
      <data key="d37"><![CDATA[1 Gbps]]></data>
      <data key="d39"/>
      <data key="d40">
        <y:PolyLineEdge>
          <y:Path sx="0.0" sy="0.0" tx="0.0" ty="0.0">
            <y:Point x="498.669830322" y="666.313964844"/>
          </y:Path>
          <y:LineStyle color="#00FF00" type="line" width="2.0"/>
          <y:Arrows source="none" target="none"/>
          <y:BendStyle smoothed="false"/>
        </y:PolyLineEdge>
      </data>
    </edge>
    <edge id="e35" source="n30" target="n32">
      <data key="d37"><![CDATA[4x1 Gbps + 2x STM-1]]></data>
      <data key="d39"/>
      <data key="d40">
        <y:PolyLineEdge>
          <y:Path sx="0.0" sy="0.0" tx="0.0" ty="0.0">
            <y:Point x="519.661804199" y="714.953979492"/>
          </y:Path>
          <y:LineStyle color="#00FF00" type="line" width="2.0"/>
          <y:Arrows source="none" target="none"/>
          <y:BendStyle smoothed="false"/>
        </y:PolyLineEdge>
      </data>
    </edge>
  </graph>
  <data key="d0">
    <y:Resources/>
  </data>
</graphml>
