<?xml version="1.0" encoding="UTF-8" standalone="no"?>
<graphml xmlns="http://graphml.graphdrawing.org/xmlns" xmlns:xsi="http://www.w3.org/2001/XMLSchema-instance" xmlns:y="http://www.yworks.com/xml/graphml" xmlns:yed="http://www.yworks.com/xml/yed/3" xsi:schemaLocation="http://graphml.graphdrawing.org/xmlns http://www.yworks.com/xml/schema/graphml/1.1/ygraphml.xsd">
  <!--Created by yFiles for Java 2.8-->
  <key for="graphml" id="d0" yfiles.type="resources"/>
  <key for="port" id="d1" yfiles.type="portgraphics"/>
  <key for="port" id="d2" yfiles.type="portgeometry"/>
  <key for="port" id="d3" yfiles.type="portuserdata"/>
  <key attr.name="Internal" attr.type="boolean" for="node" id="d4"/>
  <key attr.name="geocode_id" attr.type="string" for="node" id="d5"/>
  <key attr.name="hyperedge" attr.type="boolean" for="node" id="d6"/>
  <key attr.name="type" attr.type="string" for="node" id="d7"/>
  <key attr.name="url" attr.type="string" for="node" id="d8"/>
  <key attr.name="description" attr.type="string" for="node" id="d9"/>
  <key for="node" id="d10" yfiles.type="nodegraphics"/>
  <key attr.name="Access" attr.type="boolean" for="graph" id="d11"/>
  <key attr.name="Backbone" attr.type="boolean" for="graph" id="d12"/>
  <key attr.name="Commercial" attr.type="boolean" for="graph" id="d13"/>
  <key attr.name="Creator" attr.type="string" for="graph" id="d14"/>
  <key attr.name="Customer" attr.type="boolean" for="graph" id="d15"/>
  <key attr.name="DateModifier" attr.type="string" for="graph" id="d16"/>
  <key attr.name="DateMonth" attr.type="string" for="graph" id="d17"/>
  <key attr.name="DateObtained" attr.type="string" for="graph" id="d18"/>
  <key attr.name="DateType" attr.type="string" for="graph" id="d19"/>
  <key attr.name="DateYear" attr.type="string" for="graph" id="d20"/>
  <key attr.name="Developed" attr.type="boolean" for="graph" id="d21"/>
  <key attr.name="GeoExtent" attr.type="string" for="graph" id="d22"/>
  <key attr.name="GeoLocation" attr.type="string" for="graph" id="d23"/>
  <key attr.name="IX" attr.type="boolean" for="graph" id="d24"/>
  <key attr.name="LastAccess" attr.type="string" for="graph" id="d25"/>
  <key attr.name="LastProcessed" attr.type="string" for="graph" id="d26"/>
  <key attr.name="Layer" attr.type="string" for="graph" id="d27"/>
  <key attr.name="Network" attr.type="string" for="graph" id="d28"/>
  <key attr.name="NetworkDate" attr.type="string" for="graph" id="d29"/>
  <key attr.name="Note" attr.type="string" for="graph" id="d30"/>
  <key attr.name="Provenance" attr.type="string" for="graph" id="d31"/>
  <key attr.name="Source" attr.type="string" for="graph" id="d32"/>
  <key attr.name="Testbed" attr.type="boolean" for="graph" id="d33"/>
  <key attr.name="Transit" attr.type="boolean" for="graph" id="d34"/>
  <key attr.name="Type" attr.type="string" for="graph" id="d35"/>
  <key attr.name="Version" attr.type="string" for="graph" id="d36"/>
  <key attr.name="label" attr.type="string" for="edge" id="d37"/>
  <key attr.name="url" attr.type="string" for="edge" id="d38"/>
  <key attr.name="description" attr.type="string" for="edge" id="d39"/>
  <key for="edge" id="d40" yfiles.type="edgegraphics"/>
  <graph edgedefault="directed" id="G">
    <data key="d11">false</data>
    <data key="d12">true</data>
    <data key="d13">false</data>
    <data key="d14"><![CDATA[Topology Zoo Toolset]]></data>
    <data key="d15">false</data>
    <data key="d16"><![CDATA[=]]></data>
    <data key="d17"><![CDATA[09]]></data>
    <data key="d18"><![CDATA[6/07/11]]></data>
    <data key="d19"><![CDATA[Historic]]></data>
    <data key="d20"><![CDATA[2010]]></data>
    <data key="d21">false</data>
    <data key="d22"><![CDATA[Country]]></data>
    <data key="d23"><![CDATA[Romania]]></data>
    <data key="d24">false</data>
    <data key="d25"><![CDATA[6/07/11]]></data>
    <data key="d26"><![CDATA[2011_09_01]]></data>
    <data key="d27"><![CDATA[Simplified Fibre]]></data>
    <data key="d28"><![CDATA[RoEduNet]]></data>
    <data key="d29"><![CDATA[2010_09]]></data>
    <data key="d30"><![CDATA[Taken from slide 8 of presentation. Names from https://admin.roedu.net/weathermap/ Geant Peering at Bucharest from slide 4]]></data>
    <data key="d31"><![CDATA[Primary]]></data>
    <data key="d32"><![CDATA[http://www.ces.net/events/2010/cef/p/rusu.pdf]]></data>
    <data key="d33">false</data>
    <data key="d34">false</data>
    <data key="d35"><![CDATA[REN]]></data>
    <data key="d36"><![CDATA[1.0]]></data>
    <node id="n0">
      <data key="d4">true</data>
      <data key="d5"/>
      <data key="d7"><![CDATA[Node]]></data>
      <data key="d9"/>
      <data key="d10">
        <y:ShapeNode>
          <y:Geometry height="30.0" width="30.0" x="480.0" y="236.0"/>
          <y:Fill color="#FFCC00" transparent="false"/>
          <y:BorderStyle color="#000000" type="line" width="1.0"/>
          <y:NodeLabel alignment="center" autoSizePolicy="content" fontFamily="Dialog" fontSize="8" fontStyle="plain" hasBackgroundColor="false" hasLineColor="false" height="13.421875" modelName="internal" modelPosition="c" textColor="#000000" visible="true" width="42.25390625" x="-6.126953125" y="8.2890625">Satu Mare</y:NodeLabel>
          <y:Shape type="ellipse"/>
        </y:ShapeNode>
      </data>
    </node>
    <node id="n1">
      <data key="d4">true</data>
      <data key="d5"/>
      <data key="d7"><![CDATA[Node]]></data>
      <data key="d9"/>
      <data key="d10">
        <y:ShapeNode>
          <y:Geometry height="30.0" width="30.0" x="579.0" y="235.0"/>
          <y:Fill color="#FFCC00" transparent="false"/>
          <y:BorderStyle color="#000000" type="line" width="1.0"/>
          <y:NodeLabel alignment="center" autoSizePolicy="content" fontFamily="Dialog" fontSize="8" fontStyle="plain" hasBackgroundColor="false" hasLineColor="false" height="13.421875" modelName="internal" modelPosition="c" textColor="#000000" visible="true" width="47.2421875" x="-8.62109375" y="8.2890625">Maramures</y:NodeLabel>
          <y:Shape type="ellipse"/>
        </y:ShapeNode>
      </data>
    </node>
    <node id="n2">
      <data key="d4">true</data>
      <data key="d5"/>
      <data key="d7"><![CDATA[NOC]]></data>
      <data key="d9"/>
      <data key="d10">
        <y:ShapeNode>
          <y:Geometry height="30.0" width="30.0" x="550.200012207" y="353.399993896"/>
          <y:Fill color="#00FF00" transparent="false"/>
          <y:BorderStyle color="#000000" type="line" width="1.0"/>
          <y:NodeLabel alignment="center" autoSizePolicy="content" fontFamily="Dialog" fontSize="8" fontStyle="plain" hasBackgroundColor="false" hasLineColor="false" height="13.421875" modelName="internal" modelPosition="c" textColor="#000000" visible="true" width="19.24609375" x="5.376953125" y="8.2890625">Cluj</y:NodeLabel>
          <y:Shape type="ellipse"/>
        </y:ShapeNode>
      </data>
    </node>
    <node id="n3">
      <data key="d4">true</data>
      <data key="d5"/>
      <data key="d7"><![CDATA[Blue dashed node]]></data>
      <data key="d9"/>
      <data key="d10">
        <y:ShapeNode>
          <y:Geometry height="30.0" width="30.0" x="506.200012207" y="296.600006104"/>
          <y:Fill color="#3366FF" transparent="false"/>
          <y:BorderStyle color="#000000" type="line" width="1.0"/>
          <y:NodeLabel alignment="center" autoSizePolicy="content" fontFamily="Dialog" fontSize="8" fontStyle="plain" hasBackgroundColor="false" hasLineColor="false" height="13.421875" modelName="internal" modelPosition="c" textColor="#000000" visible="true" width="21.890625" x="4.0546875" y="8.2890625">Salaj</y:NodeLabel>
          <y:Shape type="ellipse"/>
        </y:ShapeNode>
      </data>
    </node>
    <node id="n4">
      <data key="d4">true</data>
      <data key="d5"/>
      <data key="d7"><![CDATA[Node]]></data>
      <data key="d9"/>
      <data key="d10">
        <y:ShapeNode>
          <y:Geometry height="30.0" width="30.0" x="419.799987793" y="308.600006104"/>
          <y:Fill color="#FFCC00" transparent="false"/>
          <y:BorderStyle color="#000000" type="line" width="1.0"/>
          <y:NodeLabel alignment="center" autoSizePolicy="content" fontFamily="Dialog" fontSize="8" fontStyle="plain" hasBackgroundColor="false" hasLineColor="false" height="13.421875" modelName="internal" modelPosition="c" textColor="#000000" visible="true" width="24.06640625" x="2.966796875" y="8.2890625">Bihor</y:NodeLabel>
          <y:Shape type="ellipse"/>
        </y:ShapeNode>
      </data>
    </node>
    <node id="n5">
      <data key="d4">true</data>
      <data key="d5"/>
      <data key="d7"><![CDATA[Node]]></data>
      <data key="d9"/>
      <data key="d10">
        <y:ShapeNode>
          <y:Geometry height="30.0" width="30.0" x="369.399993896" y="405.399993896"/>
          <y:Fill color="#FFCC00" transparent="false"/>
          <y:BorderStyle color="#000000" type="line" width="1.0"/>
          <y:NodeLabel alignment="center" autoSizePolicy="content" fontFamily="Dialog" fontSize="8" fontStyle="plain" hasBackgroundColor="false" hasLineColor="false" height="13.421875" modelName="internal" modelPosition="c" textColor="#000000" visible="true" width="22.24609375" x="3.876953125" y="8.2890625">Arad</y:NodeLabel>
          <y:Shape type="ellipse"/>
        </y:ShapeNode>
      </data>
    </node>
    <node id="n6">
      <data key="d4">true</data>
      <data key="d5"/>
      <data key="d7"><![CDATA[NOC]]></data>
      <data key="d9"/>
      <data key="d10">
        <y:ShapeNode>
          <y:Geometry height="30.0" width="30.0" x="354.200012207" y="488.600006104"/>
          <y:Fill color="#00FF00" transparent="false"/>
          <y:BorderStyle color="#000000" type="line" width="1.0"/>
          <y:NodeLabel alignment="center" autoSizePolicy="content" fontFamily="Dialog" fontSize="8" fontStyle="plain" hasBackgroundColor="false" hasLineColor="false" height="13.421875" modelName="internal" modelPosition="c" textColor="#000000" visible="true" width="25.23046875" x="2.384765625" y="8.2890625">Timis</y:NodeLabel>
          <y:Shape type="ellipse"/>
        </y:ShapeNode>
      </data>
    </node>
    <node id="n7">
      <data key="d4">true</data>
      <data key="d5"/>
      <data key="d7"><![CDATA[Node]]></data>
      <data key="d9"/>
      <data key="d10">
        <y:ShapeNode>
          <y:Geometry height="30.0" width="30.0" x="454.799987793" y="473.200012207"/>
          <y:Fill color="#FFCC00" transparent="false"/>
          <y:BorderStyle color="#000000" type="line" width="1.0"/>
          <y:NodeLabel alignment="center" autoSizePolicy="content" fontFamily="Dialog" fontSize="8" fontStyle="plain" hasBackgroundColor="false" hasLineColor="false" height="13.421875" modelName="internal" modelPosition="c" textColor="#000000" visible="true" width="41.90625" x="-5.953125" y="8.2890625">Hunedora</y:NodeLabel>
          <y:Shape type="ellipse"/>
        </y:ShapeNode>
      </data>
    </node>
    <node id="n8">
      <data key="d4">true</data>
      <data key="d5"/>
      <data key="d7"><![CDATA[Node]]></data>
      <data key="d9"/>
      <data key="d10">
        <y:ShapeNode>
          <y:Geometry height="30.0" width="30.0" x="395.799987793" y="570.200012207"/>
          <y:Fill color="#FFCC00" transparent="false"/>
          <y:BorderStyle color="#000000" type="line" width="1.0"/>
          <y:NodeLabel alignment="center" autoSizePolicy="content" fontFamily="Dialog" fontSize="8" fontStyle="plain" hasBackgroundColor="false" hasLineColor="false" height="13.421875" modelName="internal" modelPosition="c" textColor="#000000" visible="true" width="58.265625" x="-14.1328125" y="8.2890625">Caras-Severin</y:NodeLabel>
          <y:Shape type="ellipse"/>
        </y:ShapeNode>
      </data>
    </node>
    <node id="n9">
      <data key="d4">true</data>
      <data key="d5"/>
      <data key="d7"><![CDATA[Node]]></data>
      <data key="d9"/>
      <data key="d10">
        <y:ShapeNode>
          <y:Geometry height="30.0" width="30.0" x="473.399993896" y="631.799987793"/>
          <y:Fill color="#FFCC00" transparent="false"/>
          <y:BorderStyle color="#000000" type="line" width="1.0"/>
          <y:NodeLabel alignment="center" autoSizePolicy="content" fontFamily="Dialog" fontSize="8" fontStyle="plain" hasBackgroundColor="false" hasLineColor="false" height="13.421875" modelName="internal" modelPosition="c" textColor="#000000" visible="true" width="42.38671875" x="-6.193359375" y="8.2890625">Mehedinti</y:NodeLabel>
          <y:Shape type="ellipse"/>
        </y:ShapeNode>
      </data>
    </node>
    <node id="n10">
      <data key="d4">true</data>
      <data key="d5"/>
      <data key="d7"><![CDATA[Node]]></data>
      <data key="d9"/>
      <data key="d10">
        <y:ShapeNode>
          <y:Geometry height="30.0" width="30.0" x="519.799987793" y="588.599975586"/>
          <y:Fill color="#FFCC00" transparent="false"/>
          <y:BorderStyle color="#000000" type="line" width="1.0"/>
          <y:NodeLabel alignment="center" autoSizePolicy="content" fontFamily="Dialog" fontSize="8" fontStyle="plain" hasBackgroundColor="false" hasLineColor="false" height="13.421875" modelName="internal" modelPosition="c" textColor="#000000" visible="true" width="20.40234375" x="4.798828125" y="8.2890625">Gorj</y:NodeLabel>
          <y:Shape type="ellipse"/>
        </y:ShapeNode>
      </data>
    </node>
    <node id="n11">
      <data key="d4">true</data>
      <data key="d5"/>
      <data key="d7"><![CDATA[Blue dashed node]]></data>
      <data key="d9"/>
      <data key="d10">
        <y:ShapeNode>
          <y:Geometry height="30.0" width="30.0" x="591.0" y="599.0"/>
          <y:Fill color="#3366FF" transparent="false"/>
          <y:BorderStyle color="#000000" type="line" width="1.0"/>
          <y:NodeLabel alignment="center" autoSizePolicy="content" fontFamily="Dialog" fontSize="8" fontStyle="plain" hasBackgroundColor="false" hasLineColor="false" height="13.421875" modelName="internal" modelPosition="c" textColor="#000000" visible="true" width="28.93359375" x="0.533203125" y="8.2890625">Valcea</y:NodeLabel>
          <y:Shape type="ellipse"/>
        </y:ShapeNode>
      </data>
    </node>
    <node id="n12">
      <data key="d4">true</data>
      <data key="d5"/>
      <data key="d7"><![CDATA[NOC]]></data>
      <data key="d9"/>
      <data key="d10">
        <y:ShapeNode>
          <y:Geometry height="30.0" width="30.0" x="542.200012207" y="691.0"/>
          <y:Fill color="#00FF00" transparent="false"/>
          <y:BorderStyle color="#000000" type="line" width="1.0"/>
          <y:NodeLabel alignment="center" autoSizePolicy="content" fontFamily="Dialog" fontSize="8" fontStyle="plain" hasBackgroundColor="false" hasLineColor="false" height="13.421875" modelName="internal" modelPosition="c" textColor="#000000" visible="true" width="19.65234375" x="5.173828125" y="8.2890625">Dolj</y:NodeLabel>
          <y:Shape type="ellipse"/>
        </y:ShapeNode>
      </data>
    </node>
    <node id="n13">
      <data key="d4">true</data>
      <data key="d5"/>
      <data key="d7"><![CDATA[Blue dashed node]]></data>
      <data key="d9"/>
      <data key="d10">
        <y:ShapeNode>
          <y:Geometry height="30.0" width="30.0" x="621.400024414" y="721.400024414"/>
          <y:Fill color="#3366FF" transparent="false"/>
          <y:BorderStyle color="#000000" type="line" width="1.0"/>
          <y:NodeLabel alignment="center" autoSizePolicy="content" fontFamily="Dialog" fontSize="8" fontStyle="plain" hasBackgroundColor="false" hasLineColor="false" height="13.421875" modelName="internal" modelPosition="c" textColor="#000000" visible="true" width="15.51953125" x="7.240234375" y="8.2890625">Olt</y:NodeLabel>
          <y:Shape type="ellipse"/>
        </y:ShapeNode>
      </data>
    </node>
    <node id="n14">
      <data key="d4">true</data>
      <data key="d5"/>
      <data key="d7"><![CDATA[Blue dashed node]]></data>
      <data key="d9"/>
      <data key="d10">
        <y:ShapeNode>
          <y:Geometry height="30.0" width="30.0" x="693.400024414" y="721.400024414"/>
          <y:Fill color="#3366FF" transparent="false"/>
          <y:BorderStyle color="#000000" type="line" width="1.0"/>
          <y:NodeLabel alignment="center" autoSizePolicy="content" fontFamily="Dialog" fontSize="8" fontStyle="plain" hasBackgroundColor="false" hasLineColor="false" height="13.421875" modelName="internal" modelPosition="c" textColor="#000000" visible="true" width="45.32421875" x="-7.662109375" y="8.2890625">Teleorman</y:NodeLabel>
          <y:Shape type="ellipse"/>
        </y:ShapeNode>
      </data>
    </node>
    <node id="n15">
      <data key="d4">true</data>
      <data key="d5"/>
      <data key="d7"><![CDATA[Node]]></data>
      <data key="d9"/>
      <data key="d10">
        <y:ShapeNode>
          <y:Geometry height="30.0" width="30.0" x="759.799987793" y="730.200012207"/>
          <y:Fill color="#FFCC00" transparent="false"/>
          <y:BorderStyle color="#000000" type="line" width="1.0"/>
          <y:NodeLabel alignment="center" autoSizePolicy="content" fontFamily="Dialog" fontSize="8" fontStyle="plain" hasBackgroundColor="false" hasLineColor="false" height="13.421875" modelName="internal" modelPosition="c" textColor="#000000" visible="true" width="32.59765625" x="-1.298828125" y="8.2890625">Giurgiu</y:NodeLabel>
          <y:Shape type="ellipse"/>
        </y:ShapeNode>
      </data>
    </node>
    <node id="n16">
      <data key="d4">true</data>
      <data key="d5"/>
      <data key="d7"><![CDATA[NOC]]></data>
      <data key="d9"/>
      <data key="d10">
        <y:ShapeNode>
          <y:Geometry height="30.0" width="30.0" x="767.799987793" y="650.200012207"/>
          <y:Fill color="#00FF00" transparent="false"/>
          <y:BorderStyle color="#000000" type="line" width="1.0"/>
          <y:NodeLabel alignment="center" autoSizePolicy="content" fontFamily="Dialog" fontSize="8" fontStyle="plain" hasBackgroundColor="false" hasLineColor="false" height="13.421875" modelName="internal" modelPosition="c" textColor="#000000" visible="true" width="39.1953125" x="-4.59765625" y="8.2890625">Bucaresti</y:NodeLabel>
          <y:Shape type="ellipse"/>
        </y:ShapeNode>
      </data>
    </node>
    <node id="n17">
      <data key="d4">true</data>
      <data key="d5"/>
      <data key="d7"><![CDATA[Node]]></data>
      <data key="d9"/>
      <data key="d10">
        <y:ShapeNode>
          <y:Geometry height="30.0" width="30.0" x="874.200012207" y="635.799987793"/>
          <y:Fill color="#FFCC00" transparent="false"/>
          <y:BorderStyle color="#000000" type="line" width="1.0"/>
          <y:NodeLabel alignment="center" autoSizePolicy="content" fontFamily="Dialog" fontSize="8" fontStyle="plain" hasBackgroundColor="false" hasLineColor="false" height="13.421875" modelName="internal" modelPosition="c" textColor="#000000" visible="true" width="35.140625" x="-2.5703125" y="8.2890625">Ialomita</y:NodeLabel>
          <y:Shape type="ellipse"/>
        </y:ShapeNode>
      </data>
    </node>
    <node id="n18">
      <data key="d4">true</data>
      <data key="d5"><![CDATA[683022]]></data>
      <data key="d7"><![CDATA[Node]]></data>
      <data key="d9"/>
      <data key="d10">
        <y:ShapeNode>
          <y:Geometry height="30.0" width="30.0" x="895.0" y="719.799987793"/>
          <y:Fill color="#FFCC00" transparent="false"/>
          <y:BorderStyle color="#000000" type="line" width="1.0"/>
          <y:NodeLabel alignment="center" autoSizePolicy="content" fontFamily="Dialog" fontSize="8" fontStyle="plain" hasBackgroundColor="false" hasLineColor="false" height="13.421875" modelName="internal" modelPosition="c" textColor="#000000" visible="true" width="34.765625" x="-2.3828125" y="8.2890625">Calarasi</y:NodeLabel>
          <y:Shape type="ellipse"/>
        </y:ShapeNode>
      </data>
    </node>
    <node id="n19">
      <data key="d4">true</data>
      <data key="d5"/>
      <data key="d7"><![CDATA[Node]]></data>
      <data key="d9"/>
      <data key="d10">
        <y:ShapeNode>
          <y:Geometry height="30.0" width="30.0" x="1007.79998779" y="704.599975586"/>
          <y:Fill color="#FFCC00" transparent="false"/>
          <y:BorderStyle color="#000000" type="line" width="1.0"/>
          <y:NodeLabel alignment="center" autoSizePolicy="content" fontFamily="Dialog" fontSize="8" fontStyle="plain" hasBackgroundColor="false" hasLineColor="false" height="13.421875" modelName="internal" modelPosition="c" textColor="#000000" visible="true" width="43.27734375" x="-6.638671875" y="8.2890625">Constanta</y:NodeLabel>
          <y:Shape type="ellipse"/>
        </y:ShapeNode>
      </data>
    </node>
    <node id="n20">
      <data key="d4">true</data>
      <data key="d5"/>
      <data key="d7"><![CDATA[Node]]></data>
      <data key="d9"/>
      <data key="d10">
        <y:ShapeNode>
          <y:Geometry height="30.0" width="30.0" x="951.799987793" y="575.0"/>
          <y:Fill color="#FFCC00" transparent="false"/>
          <y:BorderStyle color="#000000" type="line" width="1.0"/>
          <y:NodeLabel alignment="center" autoSizePolicy="content" fontFamily="Dialog" fontSize="8" fontStyle="plain" hasBackgroundColor="false" hasLineColor="false" height="13.421875" modelName="internal" modelPosition="c" textColor="#000000" visible="true" width="25.3359375" x="2.33203125" y="8.2890625">Braila</y:NodeLabel>
          <y:Shape type="ellipse"/>
        </y:ShapeNode>
      </data>
    </node>
    <node id="n21">
      <data key="d4">true</data>
      <data key="d5"/>
      <data key="d7"><![CDATA[Blue dashed node]]></data>
      <data key="d9"/>
      <data key="d10">
        <y:ShapeNode>
          <y:Geometry height="30.0" width="30.0" x="1034.19995117" y="579.799987793"/>
          <y:Fill color="#3366FF" transparent="false"/>
          <y:BorderStyle color="#000000" type="line" width="1.0"/>
          <y:NodeLabel alignment="center" autoSizePolicy="content" fontFamily="Dialog" fontSize="8" fontStyle="plain" hasBackgroundColor="false" hasLineColor="false" height="13.421875" modelName="internal" modelPosition="c" textColor="#000000" visible="true" width="29.30859375" x="0.345703125" y="8.2890625">Tulcea</y:NodeLabel>
          <y:Shape type="ellipse"/>
        </y:ShapeNode>
      </data>
    </node>
    <node id="n22">
      <data key="d4">true</data>
      <data key="d5"/>
      <data key="d7"><![CDATA[NOC]]></data>
      <data key="d9"/>
      <data key="d10">
        <y:ShapeNode>
          <y:Geometry height="30.0" width="30.0" x="943.799987793" y="499.799987793"/>
          <y:Fill color="#00FF00" transparent="false"/>
          <y:BorderStyle color="#000000" type="line" width="1.0"/>
          <y:NodeLabel alignment="center" autoSizePolicy="content" fontFamily="Dialog" fontSize="8" fontStyle="plain" hasBackgroundColor="false" hasLineColor="false" height="13.421875" modelName="internal" modelPosition="c" textColor="#000000" visible="true" width="26.234375" x="1.8828125" y="8.2890625">Galati</y:NodeLabel>
          <y:Shape type="ellipse"/>
        </y:ShapeNode>
      </data>
    </node>
    <node id="n23">
      <data key="d4">true</data>
      <data key="d5"/>
      <data key="d7"><![CDATA[Node]]></data>
      <data key="d9"/>
      <data key="d10">
        <y:ShapeNode>
          <y:Geometry height="30.0" width="30.0" x="930.200012207" y="381.399993896"/>
          <y:Fill color="#FFCC00" transparent="false"/>
          <y:BorderStyle color="#000000" type="line" width="1.0"/>
          <y:NodeLabel alignment="center" autoSizePolicy="content" fontFamily="Dialog" fontSize="8" fontStyle="plain" hasBackgroundColor="false" hasLineColor="false" height="13.421875" modelName="internal" modelPosition="c" textColor="#000000" visible="true" width="27.31640625" x="1.341796875" y="8.2890625">Vaslui</y:NodeLabel>
          <y:Shape type="ellipse"/>
        </y:ShapeNode>
      </data>
    </node>
    <node id="n24">
      <data key="d4">true</data>
      <data key="d5"/>
      <data key="d7"><![CDATA[NOC]]></data>
      <data key="d9"/>
      <data key="d10">
        <y:ShapeNode>
          <y:Geometry height="30.0" width="30.0" x="908.599975586" y="294.200012207"/>
          <y:Fill color="#00FF00" transparent="false"/>
          <y:BorderStyle color="#000000" type="line" width="1.0"/>
          <y:NodeLabel alignment="center" autoSizePolicy="content" fontFamily="Dialog" fontSize="8" fontStyle="plain" hasBackgroundColor="false" hasLineColor="false" height="13.421875" modelName="internal" modelPosition="c" textColor="#000000" visible="true" width="17.11328125" x="6.443359375" y="8.2890625">Iasi</y:NodeLabel>
          <y:Shape type="ellipse"/>
        </y:ShapeNode>
      </data>
    </node>
    <node id="n25">
      <data key="d4">true</data>
      <data key="d5"/>
      <data key="d7"><![CDATA[Node]]></data>
      <data key="d9"/>
      <data key="d10">
        <y:ShapeNode>
          <y:Geometry height="30.0" width="30.0" x="856.599975586" y="215.800003052"/>
          <y:Fill color="#FFCC00" transparent="false"/>
          <y:BorderStyle color="#000000" type="line" width="1.0"/>
          <y:NodeLabel alignment="center" autoSizePolicy="content" fontFamily="Dialog" fontSize="8" fontStyle="plain" hasBackgroundColor="false" hasLineColor="false" height="13.421875" modelName="internal" modelPosition="c" textColor="#000000" visible="true" width="37.1953125" x="-3.59765625" y="8.2890625">Botosani</y:NodeLabel>
          <y:Shape type="ellipse"/>
        </y:ShapeNode>
      </data>
    </node>
    <node id="n26">
      <data key="d4">true</data>
      <data key="d5"/>
      <data key="d7"><![CDATA[Node]]></data>
      <data key="d9"/>
      <data key="d10">
        <y:ShapeNode>
          <y:Geometry height="30.0" width="30.0" x="754.200012207" y="246.199996948"/>
          <y:Fill color="#FFCC00" transparent="false"/>
          <y:BorderStyle color="#000000" type="line" width="1.0"/>
          <y:NodeLabel alignment="center" autoSizePolicy="content" fontFamily="Dialog" fontSize="8" fontStyle="plain" hasBackgroundColor="false" hasLineColor="false" height="13.421875" modelName="internal" modelPosition="c" textColor="#000000" visible="true" width="34.8046875" x="-2.40234375" y="8.289062500000028">Suceava</y:NodeLabel>
          <y:Shape type="ellipse"/>
        </y:ShapeNode>
      </data>
    </node>
    <node id="n27">
      <data key="d4">true</data>
      <data key="d5"/>
      <data key="d7"><![CDATA[Blue dashed node]]></data>
      <data key="d9"/>
      <data key="d10">
        <y:ShapeNode>
          <y:Geometry height="30.0" width="30.0" x="783.799987793" y="338.200012207"/>
          <y:Fill color="#3366FF" transparent="false"/>
          <y:BorderStyle color="#000000" type="line" width="1.0"/>
          <y:NodeLabel alignment="center" autoSizePolicy="content" fontFamily="Dialog" fontSize="8" fontStyle="plain" hasBackgroundColor="false" hasLineColor="false" height="13.421875" modelName="internal" modelPosition="c" textColor="#000000" visible="true" width="29.24609375" x="0.376953125" y="8.2890625">Neamt</y:NodeLabel>
          <y:Shape type="ellipse"/>
        </y:ShapeNode>
      </data>
    </node>
    <node id="n28">
      <data key="d4">true</data>
      <data key="d5"/>
      <data key="d7"><![CDATA[Blue dashed node]]></data>
      <data key="d9"/>
      <data key="d10">
        <y:ShapeNode>
          <y:Geometry height="30.0" width="30.0" x="642.200012207" y="307.0"/>
          <y:Fill color="#3366FF" transparent="false"/>
          <y:BorderStyle color="#000000" type="line" width="1.0"/>
          <y:NodeLabel alignment="center" autoSizePolicy="content" fontFamily="Dialog" fontSize="8" fontStyle="plain" hasBackgroundColor="false" hasLineColor="false" height="13.421875" modelName="internal" modelPosition="c" textColor="#000000" visible="true" width="64.43359375" x="-17.216796875" y="8.2890625">Bistrita-Nasaud</y:NodeLabel>
          <y:Shape type="ellipse"/>
        </y:ShapeNode>
      </data>
    </node>
    <node id="n29">
      <data key="d4">true</data>
      <data key="d5"/>
      <data key="d7"><![CDATA[NOC]]></data>
      <data key="d9"/>
      <data key="d10">
        <y:ShapeNode>
          <y:Geometry height="30.0" width="30.0" x="663.0" y="371.0"/>
          <y:Fill color="#00FF00" transparent="false"/>
          <y:BorderStyle color="#000000" type="line" width="1.0"/>
          <y:NodeLabel alignment="center" autoSizePolicy="content" fontFamily="Dialog" fontSize="8" fontStyle="plain" hasBackgroundColor="false" hasLineColor="false" height="13.421875" modelName="internal" modelPosition="c" textColor="#000000" visible="true" width="27.6640625" x="1.16796875" y="8.2890625">Mures</y:NodeLabel>
          <y:Shape type="ellipse"/>
        </y:ShapeNode>
      </data>
    </node>
    <node id="n30">
      <data key="d4">true</data>
      <data key="d5"/>
      <data key="d7"><![CDATA[Node]]></data>
      <data key="d9"/>
      <data key="d10">
        <y:ShapeNode>
          <y:Geometry height="30.0" width="30.0" x="541.599975586" y="445.399993896"/>
          <y:Fill color="#FFCC00" transparent="false"/>
          <y:BorderStyle color="#000000" type="line" width="1.0"/>
          <y:NodeLabel alignment="center" autoSizePolicy="content" fontFamily="Dialog" fontSize="8" fontStyle="plain" hasBackgroundColor="false" hasLineColor="false" height="13.421875" modelName="internal" modelPosition="c" textColor="#000000" visible="true" width="21.28515625" x="4.357421875" y="8.2890625">Alba</y:NodeLabel>
          <y:Shape type="ellipse"/>
        </y:ShapeNode>
      </data>
    </node>
    <node id="n31">
      <data key="d4">true</data>
      <data key="d5"/>
      <data key="d7"><![CDATA[Node]]></data>
      <data key="d9"/>
      <data key="d10">
        <y:ShapeNode>
          <y:Geometry height="30.0" width="30.0" x="707.0" y="484.600006104"/>
          <y:Fill color="#FFCC00" transparent="false"/>
          <y:BorderStyle color="#000000" type="line" width="1.0"/>
          <y:NodeLabel alignment="center" autoSizePolicy="content" fontFamily="Dialog" fontSize="8" fontStyle="plain" hasBackgroundColor="false" hasLineColor="false" height="13.421875" modelName="internal" modelPosition="c" textColor="#000000" visible="true" width="29.42578125" x="0.287109375" y="8.2890625">Brasov</y:NodeLabel>
          <y:Shape type="ellipse"/>
        </y:ShapeNode>
      </data>
    </node>
    <node id="n32">
      <data key="d4">true</data>
      <data key="d5"/>
      <data key="d7"><![CDATA[Node]]></data>
      <data key="d9"/>
      <data key="d10">
        <y:ShapeNode>
          <y:Geometry height="30.0" width="30.0" x="656.599975586" y="575.0"/>
          <y:Fill color="#FFCC00" transparent="false"/>
          <y:BorderStyle color="#000000" type="line" width="1.0"/>
          <y:NodeLabel alignment="center" autoSizePolicy="content" fontFamily="Dialog" fontSize="8" fontStyle="plain" hasBackgroundColor="false" hasLineColor="false" height="13.421875" modelName="internal" modelPosition="c" textColor="#000000" visible="true" width="26.31640625" x="1.841796875" y="8.2890625">Arges</y:NodeLabel>
          <y:Shape type="ellipse"/>
        </y:ShapeNode>
      </data>
    </node>
    <node id="n33">
      <data key="d4">true</data>
      <data key="d5"/>
      <data key="d7"><![CDATA[Node]]></data>
      <data key="d9"/>
      <data key="d10">
        <y:ShapeNode>
          <y:Geometry height="30.0" width="30.0" x="714.200012207" y="596.599975586"/>
          <y:Fill color="#FFCC00" transparent="false"/>
          <y:BorderStyle color="#000000" type="line" width="1.0"/>
          <y:NodeLabel alignment="center" autoSizePolicy="content" fontFamily="Dialog" fontSize="8" fontStyle="plain" hasBackgroundColor="false" hasLineColor="false" height="13.421875" modelName="internal" modelPosition="c" textColor="#000000" visible="true" width="45.69140625" x="-7.845703125" y="8.2890625">Dambovita</y:NodeLabel>
          <y:Shape type="ellipse"/>
        </y:ShapeNode>
      </data>
    </node>
    <node id="n34">
      <data key="d4">true</data>
      <data key="d5"/>
      <data key="d7"><![CDATA[Node]]></data>
      <data key="d9"/>
      <data key="d10">
        <y:ShapeNode>
          <y:Geometry height="30.0" width="30.0" x="756.799987793" y="566.200012207"/>
          <y:Fill color="#FFCC00" transparent="false"/>
          <y:BorderStyle color="#000000" type="line" width="1.0"/>
          <y:NodeLabel alignment="center" autoSizePolicy="content" fontFamily="Dialog" fontSize="8" fontStyle="plain" hasBackgroundColor="false" hasLineColor="false" height="13.421875" modelName="internal" modelPosition="c" textColor="#000000" visible="true" width="34.55078125" x="-2.275390625" y="8.2890625">Prahova</y:NodeLabel>
          <y:Shape type="ellipse"/>
        </y:ShapeNode>
      </data>
    </node>
    <node id="n35">
      <data key="d4">true</data>
      <data key="d5"/>
      <data key="d7"><![CDATA[Node]]></data>
      <data key="d9"/>
      <data key="d10">
        <y:ShapeNode>
          <y:Geometry height="30.0" width="30.0" x="825.400024414" y="559.0"/>
          <y:Fill color="#FFCC00" transparent="false"/>
          <y:BorderStyle color="#000000" type="line" width="1.0"/>
          <y:NodeLabel alignment="center" autoSizePolicy="content" fontFamily="Dialog" fontSize="8" fontStyle="plain" hasBackgroundColor="false" hasLineColor="false" height="13.421875" modelName="internal" modelPosition="c" textColor="#000000" visible="true" width="27.53515625" x="1.232421875" y="8.2890625">Buzau</y:NodeLabel>
          <y:Shape type="ellipse"/>
        </y:ShapeNode>
      </data>
    </node>
    <node id="n36">
      <data key="d4">true</data>
      <data key="d5"/>
      <data key="d7"><![CDATA[Node]]></data>
      <data key="d9"/>
      <data key="d10">
        <y:ShapeNode>
          <y:Geometry height="30.0" width="30.0" x="850.200012207" y="496.600006104"/>
          <y:Fill color="#FFCC00" transparent="false"/>
          <y:BorderStyle color="#000000" type="line" width="1.0"/>
          <y:NodeLabel alignment="center" autoSizePolicy="content" fontFamily="Dialog" fontSize="8" fontStyle="plain" hasBackgroundColor="false" hasLineColor="false" height="13.421875" modelName="internal" modelPosition="c" textColor="#000000" visible="true" width="34.859375" x="-2.4296875" y="8.289062499999943">Vrancea</y:NodeLabel>
          <y:Shape type="ellipse"/>
        </y:ShapeNode>
      </data>
    </node>
    <node id="n37">
      <data key="d4">true</data>
      <data key="d5"/>
      <data key="d7"><![CDATA[Node]]></data>
      <data key="d9"/>
      <data key="d10">
        <y:ShapeNode>
          <y:Geometry height="30.0" width="30.0" x="846.200012207" y="419.0"/>
          <y:Fill color="#FFCC00" transparent="false"/>
          <y:BorderStyle color="#000000" type="line" width="1.0"/>
          <y:NodeLabel alignment="center" autoSizePolicy="content" fontFamily="Dialog" fontSize="8" fontStyle="plain" hasBackgroundColor="false" hasLineColor="false" height="13.421875" modelName="internal" modelPosition="c" textColor="#000000" visible="true" width="26.5" x="1.75" y="8.2890625">Bacau</y:NodeLabel>
          <y:Shape type="ellipse"/>
        </y:ShapeNode>
      </data>
    </node>
    <node id="n38">
      <data key="d4">true</data>
      <data key="d5"/>
      <data key="d7"><![CDATA[Node]]></data>
      <data key="d9"/>
      <data key="d10">
        <y:ShapeNode>
          <y:Geometry height="30.0" width="30.0" x="743.799987793" y="385.399993896"/>
          <y:Fill color="#FFCC00" transparent="false"/>
          <y:BorderStyle color="#000000" type="line" width="1.0"/>
          <y:NodeLabel alignment="center" autoSizePolicy="content" fontFamily="Dialog" fontSize="8" fontStyle="plain" hasBackgroundColor="false" hasLineColor="false" height="13.421875" modelName="internal" modelPosition="c" textColor="#000000" visible="true" width="37.24609375" x="-3.623046875" y="8.2890625">Harghita</y:NodeLabel>
          <y:Shape type="ellipse"/>
        </y:ShapeNode>
      </data>
    </node>
    <node id="n39">
      <data key="d4">true</data>
      <data key="d5"/>
      <data key="d7"><![CDATA[Node]]></data>
      <data key="d9"/>
      <data key="d10">
        <y:ShapeNode>
          <y:Geometry height="30.0" width="30.0" x="783.0" y="470.200012207"/>
          <y:Fill color="#FFCC00" transparent="false"/>
          <y:BorderStyle color="#000000" type="line" width="1.0"/>
          <y:NodeLabel alignment="center" autoSizePolicy="content" fontFamily="Dialog" fontSize="8" fontStyle="plain" hasBackgroundColor="false" hasLineColor="false" height="13.421875" modelName="internal" modelPosition="c" textColor="#000000" visible="true" width="36.46875" x="-3.234375" y="8.2890625">Covasna</y:NodeLabel>
          <y:Shape type="ellipse"/>
        </y:ShapeNode>
      </data>
    </node>
    <node id="n40">
      <data key="d4">true</data>
      <data key="d5"/>
      <data key="d7"><![CDATA[Node]]></data>
      <data key="d9"/>
      <data key="d10">
        <y:ShapeNode>
          <y:Geometry height="30.0" width="30.0" x="588.599975586" y="502.200012207"/>
          <y:Fill color="#FFCC00" transparent="false"/>
          <y:BorderStyle color="#000000" type="line" width="1.0"/>
          <y:NodeLabel alignment="center" autoSizePolicy="content" fontFamily="Dialog" fontSize="8" fontStyle="plain" hasBackgroundColor="false" hasLineColor="false" height="13.421875" modelName="internal" modelPosition="c" textColor="#000000" visible="true" width="22.93359375" x="3.533203125" y="8.2890625">Sibiu</y:NodeLabel>
          <y:Shape type="ellipse"/>
        </y:ShapeNode>
      </data>
    </node>
    <node id="n41">
      <data key="d4">false</data>
      <data key="d5"/>
      <data key="d7"/>
      <data key="d9"/>
      <data key="d10">
        <y:ShapeNode>
          <y:Geometry height="30.0" width="30.0" x="1069.40002441" y="340.200012207"/>
          <y:Fill color="#FFCC00" transparent="false"/>
          <y:BorderStyle color="#000000" type="line" width="1.0"/>
          <y:NodeLabel alignment="center" autoSizePolicy="content" fontFamily="Dialog" fontSize="8" fontStyle="plain" hasBackgroundColor="false" hasLineColor="false" height="13.421875" modelName="internal" modelPosition="c" textColor="#000000" visible="true" width="67.796875" x="-18.8984375" y="8.2890625">Chisinau RENAM</y:NodeLabel>
          <y:Shape type="triangle"/>
        </y:ShapeNode>
      </data>
    </node>
    <node id="n42">
      <data key="d4">true</data>
      <data key="d5"/>
      <data key="d6">true</data>
      <data key="d7"/>
      <data key="d9"/>
      <data key="d10">
        <y:ShapeNode>
          <y:Geometry height="30.0" width="30.0" x="824.400024414" y="301.799987793"/>
          <y:Fill color="#FFCC00" transparent="false"/>
          <y:BorderStyle color="#000000" type="line" width="1.0"/>
          <y:NodeLabel alignment="center" autoSizePolicy="content" fontFamily="Dialog" fontSize="8" fontStyle="plain" hasBackgroundColor="false" hasLineColor="false" hasText="false" height="4.0" modelName="internal" modelPosition="c" textColor="#000000" visible="true" width="4.0" x="13.0" y="13.0"/>
          <y:Shape type="octagon"/>
        </y:ShapeNode>
      </data>
    </node>
    <node id="n43">
      <data key="d4">true</data>
      <data key="d5"/>
      <data key="d6">true</data>
      <data key="d7"/>
      <data key="d9"/>
      <data key="d10">
        <y:ShapeNode>
          <y:Geometry height="30.0" width="30.0" x="580.599975586" y="288.440002441"/>
          <y:Fill color="#FFCC00" transparent="false"/>
          <y:BorderStyle color="#000000" type="line" width="1.0"/>
          <y:NodeLabel alignment="center" autoSizePolicy="content" fontFamily="Dialog" fontSize="8" fontStyle="plain" hasBackgroundColor="false" hasLineColor="false" hasText="false" height="4.0" modelName="internal" modelPosition="c" textColor="#000000" visible="true" width="4.0" x="13.0" y="13.0"/>
          <y:Shape type="octagon"/>
        </y:ShapeNode>
      </data>
    </node>
    <node id="n44">
      <data key="d4">true</data>
      <data key="d5"/>
      <data key="d6">true</data>
      <data key="d7"/>
      <data key="d9"/>
      <data key="d10">
        <y:ShapeNode>
          <y:Geometry height="30.0" width="30.0" x="577.400024414" y="398.799987793"/>
          <y:Fill color="#FFCC00" transparent="false"/>
          <y:BorderStyle color="#000000" type="line" width="1.0"/>
          <y:NodeLabel alignment="center" autoSizePolicy="content" fontFamily="Dialog" fontSize="8" fontStyle="plain" hasBackgroundColor="false" hasLineColor="false" hasText="false" height="4.0" modelName="internal" modelPosition="c" textColor="#000000" visible="true" width="4.0" x="13.0" y="13.0"/>
          <y:Shape type="octagon"/>
        </y:ShapeNode>
      </data>
    </node>
    <node id="n45">
      <data key="d4">true</data>
      <data key="d5"/>
      <data key="d6">true</data>
      <data key="d7"/>
      <data key="d9"/>
      <data key="d10">
        <y:ShapeNode>
          <y:Geometry height="30.0" width="30.0" x="624.400024414" y="449.799987793"/>
          <y:Fill color="#FFCC00" transparent="false"/>
          <y:BorderStyle color="#000000" type="line" width="1.0"/>
          <y:NodeLabel alignment="center" autoSizePolicy="content" fontFamily="Dialog" fontSize="8" fontStyle="plain" hasBackgroundColor="false" hasLineColor="false" hasText="false" height="4.0" modelName="internal" modelPosition="c" textColor="#000000" visible="true" width="4.0" x="13.0" y="13.0"/>
          <y:Shape type="octagon"/>
        </y:ShapeNode>
      </data>
    </node>
    <node id="n46">
      <data key="d4">true</data>
      <data key="d5"/>
      <data key="d6">true</data>
      <data key="d7"/>
      <data key="d9"/>
      <data key="d10">
        <y:ShapeNode>
          <y:Geometry height="30.0" width="30.0" x="931.400024414" y="671.799987793"/>
          <y:Fill color="#FFCC00" transparent="false"/>
          <y:BorderStyle color="#000000" type="line" width="1.0"/>
          <y:NodeLabel alignment="center" autoSizePolicy="content" fontFamily="Dialog" fontSize="8" fontStyle="plain" hasBackgroundColor="false" hasLineColor="false" hasText="false" height="4.0" modelName="internal" modelPosition="c" textColor="#000000" visible="true" width="4.0" x="13.0" y="13.0"/>
          <y:Shape type="octagon"/>
        </y:ShapeNode>
      </data>
    </node>
    <node id="n47">
      <data key="d4">false</data>
      <data key="d5"/>
      <data key="d7"/>
      <data key="d9"/>
      <data key="d10">
        <y:ShapeNode>
          <y:Geometry height="30.0" width="30.0" x="831.900024414" y="753.0"/>
          <y:Fill color="#FFCC00" transparent="false"/>
          <y:BorderStyle color="#000000" type="line" width="1.0"/>
          <y:NodeLabel alignment="center" autoSizePolicy="content" fontFamily="Dialog" fontSize="8" fontStyle="plain" hasBackgroundColor="false" hasLineColor="false" height="13.421875" modelName="internal" modelPosition="c" textColor="#000000" visible="true" width="30.60546875" x="-0.302734375" y="8.2890625">GEANT</y:NodeLabel>
          <y:Shape type="triangle"/>
        </y:ShapeNode>
      </data>
    </node>
    <edge id="e0" source="n0" target="n1">
      <data key="d37"/>
      <data key="d39"/>
      <data key="d40">
        <y:PolyLineEdge>
          <y:Path sx="0.0" sy="0.0" tx="0.0" ty="0.0"/>
          <y:LineStyle color="#000000" type="line" width="2.0"/>
          <y:Arrows source="none" target="none"/>
          <y:BendStyle smoothed="false"/>
        </y:PolyLineEdge>
      </data>
    </edge>
    <edge id="e1" source="n0" target="n4">
      <data key="d37"/>
      <data key="d39"/>
      <data key="d40">
        <y:PolyLineEdge>
          <y:Path sx="0.0" sy="0.0" tx="0.0" ty="0.0"/>
          <y:LineStyle color="#000000" type="line" width="2.0"/>
          <y:Arrows source="none" target="none"/>
          <y:BendStyle smoothed="false"/>
        </y:PolyLineEdge>
      </data>
    </edge>
    <edge id="e2" source="n1" target="n43">
      <data key="d37"/>
      <data key="d39"/>
      <data key="d40">
        <y:PolyLineEdge>
          <y:Path sx="0.0" sy="0.0" tx="0.0" ty="0.0"/>
          <y:LineStyle color="#000000" type="line" width="2.0"/>
          <y:Arrows source="none" target="none"/>
          <y:BendStyle smoothed="false"/>
        </y:PolyLineEdge>
      </data>
    </edge>
    <edge id="e3" source="n2" target="n3">
      <data key="d37"><![CDATA[Blue Dashed]]></data>
      <data key="d39"/>
      <data key="d40">
        <y:PolyLineEdge>
          <y:Path sx="0.0" sy="0.0" tx="0.0" ty="0.0"/>
          <y:LineStyle color="#3366FF" type="line" width="3.0"/>
          <y:Arrows source="none" target="none"/>
          <y:BendStyle smoothed="false"/>
        </y:PolyLineEdge>
      </data>
    </edge>
    <edge id="e4" source="n2" target="n4">
      <data key="d37"/>
      <data key="d39"/>
      <data key="d40">
        <y:PolyLineEdge>
          <y:Path sx="0.0" sy="0.0" tx="0.0" ty="0.0"/>
          <y:LineStyle color="#000000" type="line" width="2.0"/>
          <y:Arrows source="none" target="none"/>
          <y:BendStyle smoothed="false"/>
        </y:PolyLineEdge>
      </data>
    </edge>
    <edge id="e5" source="n2" target="n43">
      <data key="d37"/>
      <data key="d39"/>
      <data key="d40">
        <y:PolyLineEdge>
          <y:Path sx="0.0" sy="0.0" tx="0.0" ty="0.0"/>
          <y:LineStyle color="#000000" type="line" width="2.0"/>
          <y:Arrows source="none" target="none"/>
          <y:BendStyle smoothed="false"/>
        </y:PolyLineEdge>
      </data>
    </edge>
    <edge id="e6" source="n2" target="n44">
      <data key="d37"/>
      <data key="d39"/>
      <data key="d40">
        <y:PolyLineEdge>
          <y:Path sx="0.0" sy="0.0" tx="0.0" ty="0.0"/>
          <y:LineStyle color="#000000" type="line" width="2.0"/>
          <y:Arrows source="none" target="none"/>
          <y:BendStyle smoothed="false"/>
        </y:PolyLineEdge>
      </data>
    </edge>
    <edge id="e7" source="n2" target="n28">
      <data key="d37"><![CDATA[Blue Dashed]]></data>
      <data key="d39"/>
      <data key="d40">
        <y:PolyLineEdge>
          <y:Path sx="0.0" sy="0.0" tx="0.0" ty="0.0"/>
          <y:LineStyle color="#3366FF" type="line" width="3.0"/>
          <y:Arrows source="none" target="none"/>
          <y:BendStyle smoothed="false"/>
        </y:PolyLineEdge>
      </data>
    </edge>
    <edge id="e8" source="n2" target="n29">
      <data key="d37"/>
      <data key="d39"/>
      <data key="d40">
        <y:PolyLineEdge>
          <y:Path sx="0.0" sy="0.0" tx="0.0" ty="0.0"/>
          <y:LineStyle color="#000000" type="line" width="2.0"/>
          <y:Arrows source="none" target="none"/>
          <y:BendStyle smoothed="false"/>
        </y:PolyLineEdge>
      </data>
    </edge>
    <edge id="e9" source="n4" target="n5">
      <data key="d37"/>
      <data key="d39"/>
      <data key="d40">
        <y:PolyLineEdge>
          <y:Path sx="0.0" sy="0.0" tx="0.0" ty="0.0"/>
          <y:LineStyle color="#000000" type="line" width="2.0"/>
          <y:Arrows source="none" target="none"/>
          <y:BendStyle smoothed="false"/>
        </y:PolyLineEdge>
      </data>
    </edge>
    <edge id="e10" source="n5" target="n6">
      <data key="d37"/>
      <data key="d39"/>
      <data key="d40">
        <y:PolyLineEdge>
          <y:Path sx="0.0" sy="0.0" tx="0.0" ty="0.0"/>
          <y:LineStyle color="#000000" type="line" width="2.0"/>
          <y:Arrows source="none" target="none"/>
          <y:BendStyle smoothed="false"/>
        </y:PolyLineEdge>
      </data>
    </edge>
    <edge id="e11" source="n5" target="n7">
      <data key="d37"/>
      <data key="d39"/>
      <data key="d40">
        <y:PolyLineEdge>
          <y:Path sx="0.0" sy="0.0" tx="0.0" ty="0.0"/>
          <y:LineStyle color="#000000" type="line" width="2.0"/>
          <y:Arrows source="none" target="none"/>
          <y:BendStyle smoothed="false"/>
        </y:PolyLineEdge>
      </data>
    </edge>
    <edge id="e12" source="n6" target="n8">
      <data key="d37"/>
      <data key="d39"/>
      <data key="d40">
        <y:PolyLineEdge>
          <y:Path sx="0.0" sy="0.0" tx="0.0" ty="0.0"/>
          <y:LineStyle color="#000000" type="line" width="2.0"/>
          <y:Arrows source="none" target="none"/>
          <y:BendStyle smoothed="false"/>
        </y:PolyLineEdge>
      </data>
    </edge>
    <edge id="e13" source="n7" target="n10">
      <data key="d37"/>
      <data key="d39"/>
      <data key="d40">
        <y:PolyLineEdge>
          <y:Path sx="0.0" sy="0.0" tx="0.0" ty="0.0"/>
          <y:LineStyle color="#000000" type="line" width="2.0"/>
          <y:Arrows source="none" target="none"/>
          <y:BendStyle smoothed="false"/>
        </y:PolyLineEdge>
      </data>
    </edge>
    <edge id="e14" source="n7" target="n30">
      <data key="d37"/>
      <data key="d39"/>
      <data key="d40">
        <y:PolyLineEdge>
          <y:Path sx="0.0" sy="0.0" tx="0.0" ty="0.0"/>
          <y:LineStyle color="#000000" type="line" width="2.0"/>
          <y:Arrows source="none" target="none"/>
          <y:BendStyle smoothed="false"/>
        </y:PolyLineEdge>
      </data>
    </edge>
    <edge id="e15" source="n9" target="n12">
      <data key="d37"/>
      <data key="d39"/>
      <data key="d40">
        <y:PolyLineEdge>
          <y:Path sx="0.0" sy="0.0" tx="0.0" ty="0.0"/>
          <y:LineStyle color="#000000" type="line" width="2.0"/>
          <y:Arrows source="none" target="none"/>
          <y:BendStyle smoothed="false"/>
        </y:PolyLineEdge>
      </data>
    </edge>
    <edge id="e16" source="n10" target="n12">
      <data key="d37"/>
      <data key="d39"/>
      <data key="d40">
        <y:PolyLineEdge>
          <y:Path sx="0.0" sy="0.0" tx="0.0" ty="0.0"/>
          <y:LineStyle color="#000000" type="line" width="2.0"/>
          <y:Arrows source="none" target="none"/>
          <y:BendStyle smoothed="false"/>
        </y:PolyLineEdge>
      </data>
    </edge>
    <edge id="e17" source="n11" target="n12">
      <data key="d37"><![CDATA[Blue Dashed]]></data>
      <data key="d39"/>
      <data key="d40">
        <y:PolyLineEdge>
          <y:Path sx="0.0" sy="0.0" tx="0.0" ty="0.0"/>
          <y:LineStyle color="#3366FF" type="line" width="3.0"/>
          <y:Arrows source="none" target="none"/>
          <y:BendStyle smoothed="false"/>
        </y:PolyLineEdge>
      </data>
    </edge>
    <edge id="e18" source="n12" target="n16">
      <data key="d37"/>
      <data key="d39"/>
      <data key="d40">
        <y:PolyLineEdge>
          <y:Path sx="0.0" sy="0.0" tx="0.0" ty="0.0"/>
          <y:LineStyle color="#000000" type="line" width="2.0"/>
          <y:Arrows source="none" target="none"/>
          <y:BendStyle smoothed="false"/>
        </y:PolyLineEdge>
      </data>
    </edge>
    <edge id="e19" source="n12" target="n13">
      <data key="d37"><![CDATA[Blue Dashed]]></data>
      <data key="d39"/>
      <data key="d40">
        <y:PolyLineEdge>
          <y:Path sx="0.0" sy="0.0" tx="0.0" ty="0.0"/>
          <y:LineStyle color="#3366FF" type="line" width="3.0"/>
          <y:Arrows source="none" target="none"/>
          <y:BendStyle smoothed="false"/>
        </y:PolyLineEdge>
      </data>
    </edge>
    <edge id="e20" source="n14" target="n16">
      <data key="d37"><![CDATA[Blue Dashed]]></data>
      <data key="d39"/>
      <data key="d40">
        <y:PolyLineEdge>
          <y:Path sx="0.0" sy="0.0" tx="0.0" ty="0.0"/>
          <y:LineStyle color="#3366FF" type="line" width="3.0"/>
          <y:Arrows source="none" target="none"/>
          <y:BendStyle smoothed="false"/>
        </y:PolyLineEdge>
      </data>
    </edge>
    <edge id="e21" source="n15" target="n16">
      <data key="d37"/>
      <data key="d39"/>
      <data key="d40">
        <y:PolyLineEdge>
          <y:Path sx="0.0" sy="0.0" tx="0.0" ty="0.0"/>
          <y:LineStyle color="#000000" type="line" width="2.0"/>
          <y:Arrows source="none" target="none"/>
          <y:BendStyle smoothed="false"/>
        </y:PolyLineEdge>
      </data>
    </edge>
    <edge id="e22" source="n16" target="n34">
      <data key="d37"/>
      <data key="d39"/>
      <data key="d40">
        <y:PolyLineEdge>
          <y:Path sx="0.0" sy="0.0" tx="0.0" ty="0.0"/>
          <y:LineStyle color="#000000" type="line" width="2.0"/>
          <y:Arrows source="none" target="none"/>
          <y:BendStyle smoothed="false"/>
        </y:PolyLineEdge>
      </data>
    </edge>
    <edge id="e23" source="n16" target="n46">
      <data key="d37"/>
      <data key="d39"/>
      <data key="d40">
        <y:PolyLineEdge>
          <y:Path sx="0.0" sy="0.0" tx="0.0" ty="0.0"/>
          <y:LineStyle color="#000000" type="line" width="2.0"/>
          <y:Arrows source="none" target="none"/>
          <y:BendStyle smoothed="false"/>
        </y:PolyLineEdge>
      </data>
    </edge>
    <edge id="e24" source="n16" target="n47">
      <data key="d37"/>
      <data key="d39"/>
      <data key="d40">
        <y:PolyLineEdge>
          <y:Path sx="0.0" sy="0.0" tx="0.0" ty="0.0"/>
          <y:LineStyle color="#000000" type="line" width="2.0"/>
          <y:Arrows source="none" target="none"/>
          <y:BendStyle smoothed="false"/>
        </y:PolyLineEdge>
      </data>
    </edge>
    <edge id="e25" source="n17" target="n46">
      <data key="d37"/>
      <data key="d39"/>
      <data key="d40">
        <y:PolyLineEdge>
          <y:Path sx="0.0" sy="0.0" tx="0.0" ty="0.0"/>
          <y:LineStyle color="#000000" type="line" width="2.0"/>
          <y:Arrows source="none" target="none"/>
          <y:BendStyle smoothed="false"/>
        </y:PolyLineEdge>
      </data>
    </edge>
    <edge id="e26" source="n18" target="n46">
      <data key="d37"/>
      <data key="d39"/>
      <data key="d40">
        <y:PolyLineEdge>
          <y:Path sx="0.0" sy="0.0" tx="0.0" ty="0.0"/>
          <y:LineStyle color="#000000" type="line" width="2.0"/>
          <y:Arrows source="none" target="none"/>
          <y:BendStyle smoothed="false"/>
        </y:PolyLineEdge>
      </data>
    </edge>
    <edge id="e27" source="n19" target="n46">
      <data key="d37"/>
      <data key="d39"/>
      <data key="d40">
        <y:PolyLineEdge>
          <y:Path sx="0.0" sy="0.0" tx="0.0" ty="0.0"/>
          <y:LineStyle color="#000000" type="line" width="2.0"/>
          <y:Arrows source="none" target="none"/>
          <y:BendStyle smoothed="false"/>
        </y:PolyLineEdge>
      </data>
    </edge>
    <edge id="e28" source="n20" target="n46">
      <data key="d37"/>
      <data key="d39"/>
      <data key="d40">
        <y:PolyLineEdge>
          <y:Path sx="0.0" sy="0.0" tx="0.0" ty="0.0"/>
          <y:LineStyle color="#000000" type="line" width="2.0"/>
          <y:Arrows source="none" target="none"/>
          <y:BendStyle smoothed="false"/>
        </y:PolyLineEdge>
      </data>
    </edge>
    <edge id="e29" source="n20" target="n22">
      <data key="d37"/>
      <data key="d39"/>
      <data key="d40">
        <y:PolyLineEdge>
          <y:Path sx="0.0" sy="0.0" tx="0.0" ty="0.0"/>
          <y:LineStyle color="#000000" type="line" width="2.0"/>
          <y:Arrows source="none" target="none"/>
          <y:BendStyle smoothed="false"/>
        </y:PolyLineEdge>
      </data>
    </edge>
    <edge id="e30" source="n21" target="n22">
      <data key="d37"><![CDATA[Blue Dashed]]></data>
      <data key="d39"/>
      <data key="d40">
        <y:PolyLineEdge>
          <y:Path sx="0.0" sy="0.0" tx="0.0" ty="0.0"/>
          <y:LineStyle color="#3366FF" type="line" width="3.0"/>
          <y:Arrows source="none" target="none"/>
          <y:BendStyle smoothed="false"/>
        </y:PolyLineEdge>
      </data>
    </edge>
    <edge id="e31" source="n22" target="n23">
      <data key="d37"/>
      <data key="d39"/>
      <data key="d40">
        <y:PolyLineEdge>
          <y:Path sx="0.0" sy="0.0" tx="0.0" ty="0.0"/>
          <y:LineStyle color="#000000" type="line" width="2.0"/>
          <y:Arrows source="none" target="none"/>
          <y:BendStyle smoothed="false"/>
        </y:PolyLineEdge>
      </data>
    </edge>
    <edge id="e32" source="n23" target="n24">
      <data key="d37"/>
      <data key="d39"/>
      <data key="d40">
        <y:PolyLineEdge>
          <y:Path sx="0.0" sy="0.0" tx="0.0" ty="0.0"/>
          <y:LineStyle color="#000000" type="line" width="2.0"/>
          <y:Arrows source="none" target="none"/>
          <y:BendStyle smoothed="false"/>
        </y:PolyLineEdge>
      </data>
    </edge>
    <edge id="e33" source="n24" target="n41">
      <data key="d37"/>
      <data key="d39"/>
      <data key="d40">
        <y:PolyLineEdge>
          <y:Path sx="0.0" sy="0.0" tx="0.0" ty="0.0"/>
          <y:LineStyle color="#000000" type="line" width="2.0"/>
          <y:Arrows source="none" target="none"/>
          <y:BendStyle smoothed="false"/>
        </y:PolyLineEdge>
      </data>
    </edge>
    <edge id="e34" source="n24" target="n27">
      <data key="d37"><![CDATA[Blue Dashed]]></data>
      <data key="d39"/>
      <data key="d40">
        <y:PolyLineEdge>
          <y:Path sx="0.0" sy="0.0" tx="0.0" ty="0.0"/>
          <y:LineStyle color="#3366FF" type="line" width="3.0"/>
          <y:Arrows source="none" target="none"/>
          <y:BendStyle smoothed="false"/>
        </y:PolyLineEdge>
      </data>
    </edge>
    <edge id="e35" source="n25" target="n42">
      <data key="d37"/>
      <data key="d39"/>
      <data key="d40">
        <y:PolyLineEdge>
          <y:Path sx="0.0" sy="0.0" tx="0.0" ty="0.0"/>
          <y:LineStyle color="#000000" type="line" width="2.0"/>
          <y:Arrows source="none" target="none"/>
          <y:BendStyle smoothed="false"/>
        </y:PolyLineEdge>
      </data>
    </edge>
    <edge id="e36" source="n26" target="n42">
      <data key="d37"/>
      <data key="d39"/>
      <data key="d40">
        <y:PolyLineEdge>
          <y:Path sx="0.0" sy="0.0" tx="0.0" ty="0.0"/>
          <y:LineStyle color="#000000" type="line" width="2.0"/>
          <y:Arrows source="none" target="none"/>
          <y:BendStyle smoothed="false"/>
        </y:PolyLineEdge>
      </data>
    </edge>
    <edge id="e37" source="n26" target="n43">
      <data key="d37"/>
      <data key="d39"/>
      <data key="d40">
        <y:PolyLineEdge>
          <y:Path sx="0.0" sy="0.0" tx="0.0" ty="0.0"/>
          <y:LineStyle color="#000000" type="line" width="2.0"/>
          <y:Arrows source="none" target="none"/>
          <y:BendStyle smoothed="false"/>
        </y:PolyLineEdge>
      </data>
    </edge>
    <edge id="e38" source="n30" target="n44">
      <data key="d37"/>
      <data key="d39"/>
      <data key="d40">
        <y:PolyLineEdge>
          <y:Path sx="0.0" sy="0.0" tx="0.0" ty="0.0"/>
          <y:LineStyle color="#000000" type="line" width="2.0"/>
          <y:Arrows source="none" target="none"/>
          <y:BendStyle smoothed="false"/>
        </y:PolyLineEdge>
      </data>
    </edge>
    <edge id="e39" source="n31" target="n34">
      <data key="d37"/>
      <data key="d39"/>
      <data key="d40">
        <y:PolyLineEdge>
          <y:Path sx="0.0" sy="0.0" tx="0.0" ty="0.0"/>
          <y:LineStyle color="#000000" type="line" width="2.0"/>
          <y:Arrows source="none" target="none"/>
          <y:BendStyle smoothed="false"/>
        </y:PolyLineEdge>
      </data>
    </edge>
    <edge id="e40" source="n31" target="n45">
      <data key="d37"/>
      <data key="d39"/>
      <data key="d40">
        <y:PolyLineEdge>
          <y:Path sx="0.0" sy="0.0" tx="0.0" ty="0.0"/>
          <y:LineStyle color="#000000" type="line" width="2.0"/>
          <y:Arrows source="none" target="none"/>
          <y:BendStyle smoothed="false"/>
        </y:PolyLineEdge>
      </data>
    </edge>
    <edge id="e41" source="n31" target="n39">
      <data key="d37"/>
      <data key="d39"/>
      <data key="d40">
        <y:PolyLineEdge>
          <y:Path sx="0.0" sy="0.0" tx="0.0" ty="0.0"/>
          <y:LineStyle color="#000000" type="line" width="2.0"/>
          <y:Arrows source="none" target="none"/>
          <y:BendStyle smoothed="false"/>
        </y:PolyLineEdge>
      </data>
    </edge>
    <edge id="e42" source="n32" target="n40">
      <data key="d37"/>
      <data key="d39"/>
      <data key="d40">
        <y:PolyLineEdge>
          <y:Path sx="0.0" sy="0.0" tx="0.0" ty="0.0"/>
          <y:LineStyle color="#000000" type="line" width="2.0"/>
          <y:Arrows source="none" target="none"/>
          <y:BendStyle smoothed="false"/>
        </y:PolyLineEdge>
      </data>
    </edge>
    <edge id="e43" source="n32" target="n33">
      <data key="d37"/>
      <data key="d39"/>
      <data key="d40">
        <y:PolyLineEdge>
          <y:Path sx="0.0" sy="0.0" tx="0.0" ty="0.0"/>
          <y:LineStyle color="#000000" type="line" width="2.0"/>
          <y:Arrows source="none" target="none"/>
          <y:BendStyle smoothed="false"/>
        </y:PolyLineEdge>
      </data>
    </edge>
    <edge id="e44" source="n33" target="n34">
      <data key="d37"/>
      <data key="d39"/>
      <data key="d40">
        <y:PolyLineEdge>
          <y:Path sx="0.0" sy="0.0" tx="0.0" ty="0.0"/>
          <y:LineStyle color="#000000" type="line" width="2.0"/>
          <y:Arrows source="none" target="none"/>
          <y:BendStyle smoothed="false"/>
        </y:PolyLineEdge>
      </data>
    </edge>
    <edge id="e45" source="n34" target="n35">
      <data key="d37"/>
      <data key="d39"/>
      <data key="d40">
        <y:PolyLineEdge>
          <y:Path sx="0.0" sy="0.0" tx="0.0" ty="0.0"/>
          <y:LineStyle color="#000000" type="line" width="2.0"/>
          <y:Arrows source="none" target="none"/>
          <y:BendStyle smoothed="false"/>
        </y:PolyLineEdge>
      </data>
    </edge>
    <edge id="e46" source="n35" target="n36">
      <data key="d37"/>
      <data key="d39"/>
      <data key="d40">
        <y:PolyLineEdge>
          <y:Path sx="0.0" sy="0.0" tx="0.0" ty="0.0"/>
          <y:LineStyle color="#000000" type="line" width="2.0"/>
          <y:Arrows source="none" target="none"/>
          <y:BendStyle smoothed="false"/>
        </y:PolyLineEdge>
      </data>
    </edge>
    <edge id="e47" source="n36" target="n37">
      <data key="d37"/>
      <data key="d39"/>
      <data key="d40">
        <y:PolyLineEdge>
          <y:Path sx="0.0" sy="0.0" tx="0.0" ty="0.0"/>
          <y:LineStyle color="#000000" type="line" width="2.0"/>
          <y:Arrows source="none" target="none"/>
          <y:BendStyle smoothed="false"/>
        </y:PolyLineEdge>
      </data>
    </edge>
    <edge id="e48" source="n37" target="n42">
      <data key="d37"/>
      <data key="d39"/>
      <data key="d40">
        <y:PolyLineEdge>
          <y:Path sx="0.0" sy="0.0" tx="0.0" ty="0.0"/>
          <y:LineStyle color="#000000" type="line" width="2.0"/>
          <y:Arrows source="none" target="none"/>
          <y:BendStyle smoothed="false"/>
        </y:PolyLineEdge>
      </data>
    </edge>
    <edge id="e49" source="n38" target="n39">
      <data key="d37"/>
      <data key="d39"/>
      <data key="d40">
        <y:PolyLineEdge>
          <y:Path sx="0.0" sy="0.0" tx="0.0" ty="0.0"/>
          <y:LineStyle color="#000000" type="line" width="2.0"/>
          <y:Arrows source="none" target="none"/>
          <y:BendStyle smoothed="false"/>
        </y:PolyLineEdge>
      </data>
    </edge>
    <edge id="e50" source="n40" target="n44">
      <data key="d37"/>
      <data key="d39"/>
      <data key="d40">
        <y:PolyLineEdge>
          <y:Path sx="0.0" sy="0.0" tx="0.0" ty="0.0"/>
          <y:LineStyle color="#000000" type="line" width="2.0"/>
          <y:Arrows source="none" target="none"/>
          <y:BendStyle smoothed="false"/>
        </y:PolyLineEdge>
      </data>
    </edge>
    <edge id="e51" source="n44" target="n45">
      <data key="d37"/>
      <data key="d39"/>
      <data key="d40">
        <y:PolyLineEdge>
          <y:Path sx="0.0" sy="0.0" tx="0.0" ty="0.0"/>
          <y:LineStyle color="#000000" type="line" width="2.0"/>
          <y:Arrows source="none" target="none"/>
          <y:BendStyle smoothed="false"/>
        </y:PolyLineEdge>
      </data>
    </edge>
  </graph>
  <data key="d0">
    <y:Resources/>
  </data>
</graphml>
