<?xml version="1.0" encoding="UTF-8" standalone="no"?>
        <graphml xmlns="http://graphml.graphdrawing.org/xmlns" xmlns:xsi="http://www.w3.org/2001/XMLSchema-instance" xmlns:y="http://www.yworks.com/xml/graphml" xmlns:yed="http://www.yworks.com/xml/yed/3" xsi:schemaLocation="http://graphml.graphdrawing.org/xmlns http://www.yworks.com/xml/schema/graphml/1.1/ygraphml.xsd">       
        <key for="node" id="d50" yfiles.type="nodegraphics"/>
<key for="edge" id="d51" yfiles.type="edgegraphics"/>"
  <key attr.name="Access" attr.type="boolean" for="graph" id="d5" />
  <key attr.name="Backbone" attr.type="boolean" for="graph" id="d10" />
  <key attr.name="Commercial" attr.type="boolean" for="graph" id="d11" />
  <key attr.name="Creator" attr.type="string" for="graph" id="d19" />
  <key attr.name="Customer" attr.type="boolean" for="graph" id="d13" />
  <key attr.name="DateModifier" attr.type="string" for="graph" id="d15" />
  <key attr.name="DateMonth" attr.type="int" for="graph" id="d16" />
  <key attr.name="DateObtained" attr.type="string" for="graph" id="d0" />
  <key attr.name="DateType" attr.type="string" for="graph" id="d9" />
  <key attr.name="DateYear" attr.type="string" for="graph" id="d23" />
  <key attr.name="Developed" attr.type="boolean" for="graph" id="d20" />
  <key attr.name="GeoExtent" attr.type="string" for="graph" id="d2" />
  <key attr.name="GeoLocation" attr.type="string" for="graph" id="d1" />
  <key attr.name="IX" attr.type="boolean" for="graph" id="d14" />
  <key attr.name="Internal" attr.type="boolean" for="node" id="d26" />
  <key attr.name="LastAccess" attr.type="string" for="graph" id="d17" />
  <key attr.name="LastProcessed" attr.type="string" for="graph" id="d24" />
  <key attr.name="Layer" attr.type="string" for="graph" id="d18" />
  <key attr.name="Network" attr.type="string" for="graph" id="d3" />
  <key attr.name="NetworkDate" attr.type="string" for="graph" id="d22" />
  <key attr.name="Provenance" attr.type="string" for="graph" id="d4" />
  <key attr.name="Source" attr.type="string" for="graph" id="d6" />
  <key attr.name="Testbed" attr.type="boolean" for="graph" id="d25" />
  <key attr.name="Transit" attr.type="boolean" for="graph" id="d21" />
  <key attr.name="Type" attr.type="string" for="graph" id="d8" />
  <key attr.name="Version" attr.type="string" for="graph" id="d7" />
  <key attr.name="geocode_extent" attr.type="string" for="node" id="d28" />
  <graph edgedefault="undirected">
    <data key="d0">24/10/10</data>
    <data key="d1">Florida and Georgia, USA</data>
    <data key="d2">Region</data>
    <data key="d3">Sago</data>
    <data key="d4">Secondary</data>
    <data key="d5">False</data>
    <data key="d6">http://www.isp-planet.com/resources/backbones/sago_networks.html</data>
    <data key="d7">1.0</data>
    <data key="d8">COM</data>
    <data key="d9">Historic</data>
    <data key="d10">True</data>
    <data key="d11">False</data>
    <data key="d13">True</data>
    <data key="d14">False</data>
    <data key="d15">=</data>
    <data key="d16">0</data>
    <data key="d17">3/08/10</data>
    <data key="d18">Fibre</data>
    <data key="d19">Topology Zoo Toolset</data>
    <data key="d20">True</data>
    <data key="d21">False</data>
    <data key="d22">2000</data>
    <data key="d23">2000</data>
    <data key="d24">2011_09_01</data>
    <data key="d25">False</data>
    <node id="0">
      <data key="d50">
            <y:ShapeNode>
            <y:Geometry height="21.0" width="21.0" x="248.0" y="45.0"/>
            <y:Fill color="#FFCC00" transparent="false"/>
            <y:BorderStyle color="#000000" type="line" width="1.0"/>
            <y:NodeLabel alignment="center" autoSizePolicy="content"
            fontFamily="Dialog" fontSize="8" fontStyle="plain"
            hasBackgroundColor="false" hasLineColor="false" height="13.421875"
            modelName="internal" modelPosition="c" textColor="#000000"
            visible="true" width="29.16796875" x="-7.083984375"
            y="0.7890625">Atlanta</y:NodeLabel>
            <y:Shape type="ellipse"/>
            </y:ShapeNode>
            </data>  
                  <data key="d26">True</data>
    </node>
    <node id="1">
      <data key="d50">
            <y:ShapeNode>
            <y:Geometry height="21.0" width="21.0" x="349.0" y="132.0"/>
            <y:Fill color="#FFCC00" transparent="false"/>
            <y:BorderStyle color="#000000" type="line" width="1.0"/>
            <y:NodeLabel alignment="center" autoSizePolicy="content"
            fontFamily="Dialog" fontSize="8" fontStyle="plain"
            hasBackgroundColor="false" hasLineColor="false" height="13.421875"
            modelName="internal" modelPosition="c" textColor="#000000"
            visible="true" width="29.16796875" x="-7.083984375"
            y="0.7890625">Flovilla</y:NodeLabel>
            <y:Shape type="ellipse"/>
            </y:ShapeNode>
            </data>  
                  <data key="d26">True</data>
    </node>
    <node id="2">
      <data key="d50">
            <y:ShapeNode>
            <y:Geometry height="21.0" width="21.0" x="458.0" y="258.0"/>
            <y:Fill color="#FFCC00" transparent="false"/>
            <y:BorderStyle color="#000000" type="line" width="1.0"/>
            <y:NodeLabel alignment="center" autoSizePolicy="content"
            fontFamily="Dialog" fontSize="8" fontStyle="plain"
            hasBackgroundColor="false" hasLineColor="false" height="13.421875"
            modelName="internal" modelPosition="c" textColor="#000000"
            visible="true" width="29.16796875" x="-7.083984375"
            y="0.7890625">Gordon</y:NodeLabel>
            <y:Shape type="ellipse"/>
            </y:ShapeNode>
            </data>  
                  <data key="d26">True</data>
    </node>
    <node id="3">
      <data key="d50">
            <y:ShapeNode>
            <y:Geometry height="21.0" width="21.0" x="620.0" y="379.0"/>
            <y:Fill color="#FFCC00" transparent="false"/>
            <y:BorderStyle color="#000000" type="line" width="1.0"/>
            <y:NodeLabel alignment="center" autoSizePolicy="content"
            fontFamily="Dialog" fontSize="8" fontStyle="plain"
            hasBackgroundColor="false" hasLineColor="false" height="13.421875"
            modelName="internal" modelPosition="c" textColor="#000000"
            visible="true" width="29.16796875" x="-7.083984375"
            y="0.7890625">Tarrytown</y:NodeLabel>
            <y:Shape type="ellipse"/>
            </y:ShapeNode>
            </data>  
                  <data key="d26">True</data>
      <data key="d28">GA</data>
    </node>
    <node id="4">
      <data key="d50">
            <y:ShapeNode>
            <y:Geometry height="21.0" width="21.0" x="694.0" y="564.0"/>
            <y:Fill color="#FFCC00" transparent="false"/>
            <y:BorderStyle color="#000000" type="line" width="1.0"/>
            <y:NodeLabel alignment="center" autoSizePolicy="content"
            fontFamily="Dialog" fontSize="8" fontStyle="plain"
            hasBackgroundColor="false" hasLineColor="false" height="13.421875"
            modelName="internal" modelPosition="c" textColor="#000000"
            visible="true" width="29.16796875" x="-7.083984375"
            y="0.7890625">Surrency</y:NodeLabel>
            <y:Shape type="ellipse"/>
            </y:ShapeNode>
            </data>  
                  <data key="d26">True</data>
    </node>
    <node id="5">
      <data key="d50">
            <y:ShapeNode>
            <y:Geometry height="21.0" width="21.0" x="729.0" y="717.0"/>
            <y:Fill color="#FFCC00" transparent="false"/>
            <y:BorderStyle color="#000000" type="line" width="1.0"/>
            <y:NodeLabel alignment="center" autoSizePolicy="content"
            fontFamily="Dialog" fontSize="8" fontStyle="plain"
            hasBackgroundColor="false" hasLineColor="false" height="13.421875"
            modelName="internal" modelPosition="c" textColor="#000000"
            visible="true" width="29.16796875" x="-7.083984375"
            y="0.7890625">Newell</y:NodeLabel>
            <y:Shape type="ellipse"/>
            </y:ShapeNode>
            </data>  
                  <data key="d26">True</data>
      <data key="d28">GA</data>
    </node>
    <node id="6">
      <data key="d50">
            <y:ShapeNode>
            <y:Geometry height="21.0" width="21.0" x="810.0" y="908.0"/>
            <y:Fill color="#FFCC00" transparent="false"/>
            <y:BorderStyle color="#000000" type="line" width="1.0"/>
            <y:NodeLabel alignment="center" autoSizePolicy="content"
            fontFamily="Dialog" fontSize="8" fontStyle="plain"
            hasBackgroundColor="false" hasLineColor="false" height="13.421875"
            modelName="internal" modelPosition="c" textColor="#000000"
            visible="true" width="29.16796875" x="-7.083984375"
            y="0.7890625">Jacksonville</y:NodeLabel>
            <y:Shape type="ellipse"/>
            </y:ShapeNode>
            </data>  
                  <data key="d26">True</data>
    </node>
    <node id="7">
      <data key="d50">
            <y:ShapeNode>
            <y:Geometry height="21.0" width="21.0" x="907.0" y="1048.0"/>
            <y:Fill color="#FFCC00" transparent="false"/>
            <y:BorderStyle color="#000000" type="line" width="1.0"/>
            <y:NodeLabel alignment="center" autoSizePolicy="content"
            fontFamily="Dialog" fontSize="8" fontStyle="plain"
            hasBackgroundColor="false" hasLineColor="false" height="13.421875"
            modelName="internal" modelPosition="c" textColor="#000000"
            visible="true" width="29.16796875" x="-7.083984375"
            y="0.7890625">St. Augustine</y:NodeLabel>
            <y:Shape type="ellipse"/>
            </y:ShapeNode>
            </data>  
                  <data key="d26">True</data>
    </node>
    <node id="8">
      <data key="d50">
            <y:ShapeNode>
            <y:Geometry height="21.0" width="21.0" x="951.0" y="1204.0"/>
            <y:Fill color="#FFCC00" transparent="false"/>
            <y:BorderStyle color="#000000" type="line" width="1.0"/>
            <y:NodeLabel alignment="center" autoSizePolicy="content"
            fontFamily="Dialog" fontSize="8" fontStyle="plain"
            hasBackgroundColor="false" hasLineColor="false" height="13.421875"
            modelName="internal" modelPosition="c" textColor="#000000"
            visible="true" width="29.16796875" x="-7.083984375"
            y="0.7890625">Daytona Beach</y:NodeLabel>
            <y:Shape type="ellipse"/>
            </y:ShapeNode>
            </data>  
                  <data key="d26">True</data>
    </node>
    <node id="9">
      <data key="d50">
            <y:ShapeNode>
            <y:Geometry height="21.0" width="21.0" x="1001.0" y="1326.0"/>
            <y:Fill color="#FFCC00" transparent="false"/>
            <y:BorderStyle color="#000000" type="line" width="1.0"/>
            <y:NodeLabel alignment="center" autoSizePolicy="content"
            fontFamily="Dialog" fontSize="8" fontStyle="plain"
            hasBackgroundColor="false" hasLineColor="false" height="13.421875"
            modelName="internal" modelPosition="c" textColor="#000000"
            visible="true" width="29.16796875" x="-7.083984375"
            y="0.7890625">Titusville</y:NodeLabel>
            <y:Shape type="ellipse"/>
            </y:ShapeNode>
            </data>  
                  <data key="d26">True</data>
    </node>
    <node id="10">
      <data key="d50">
            <y:ShapeNode>
            <y:Geometry height="21.0" width="21.0" x="1071.0" y="1551.0"/>
            <y:Fill color="#FFCC00" transparent="false"/>
            <y:BorderStyle color="#000000" type="line" width="1.0"/>
            <y:NodeLabel alignment="center" autoSizePolicy="content"
            fontFamily="Dialog" fontSize="8" fontStyle="plain"
            hasBackgroundColor="false" hasLineColor="false" height="13.421875"
            modelName="internal" modelPosition="c" textColor="#000000"
            visible="true" width="29.16796875" x="-7.083984375"
            y="0.7890625">Melbourne</y:NodeLabel>
            <y:Shape type="ellipse"/>
            </y:ShapeNode>
            </data>  
                  <data key="d26">True</data>
    </node>
    <node id="11">
      <data key="d50">
            <y:ShapeNode>
            <y:Geometry height="21.0" width="21.0" x="1089.0" y="1657.0"/>
            <y:Fill color="#FFCC00" transparent="false"/>
            <y:BorderStyle color="#000000" type="line" width="1.0"/>
            <y:NodeLabel alignment="center" autoSizePolicy="content"
            fontFamily="Dialog" fontSize="8" fontStyle="plain"
            hasBackgroundColor="false" hasLineColor="false" height="13.421875"
            modelName="internal" modelPosition="c" textColor="#000000"
            visible="true" width="29.16796875" x="-7.083984375"
            y="0.7890625">Ft. Pierce</y:NodeLabel>
            <y:Shape type="ellipse"/>
            </y:ShapeNode>
            </data>  
                  <data key="d26">True</data>
    </node>
    <node id="12">
      <data key="d50">
            <y:ShapeNode>
            <y:Geometry height="21.0" width="21.0" x="874.0" y="1338.0"/>
            <y:Fill color="#FFCC00" transparent="false"/>
            <y:BorderStyle color="#000000" type="line" width="1.0"/>
            <y:NodeLabel alignment="center" autoSizePolicy="content"
            fontFamily="Dialog" fontSize="8" fontStyle="plain"
            hasBackgroundColor="false" hasLineColor="false" height="13.421875"
            modelName="internal" modelPosition="c" textColor="#000000"
            visible="true" width="29.16796875" x="-7.083984375"
            y="0.7890625">Orlando</y:NodeLabel>
            <y:Shape type="ellipse"/>
            </y:ShapeNode>
            </data>  
                  <data key="d26">True</data>
    </node>
    <node id="13">
      <data key="d50">
            <y:ShapeNode>
            <y:Geometry height="21.0" width="21.0" x="765.0" y="1438.0"/>
            <y:Fill color="#FFCC00" transparent="false"/>
            <y:BorderStyle color="#000000" type="line" width="1.0"/>
            <y:NodeLabel alignment="center" autoSizePolicy="content"
            fontFamily="Dialog" fontSize="8" fontStyle="plain"
            hasBackgroundColor="false" hasLineColor="false" height="13.421875"
            modelName="internal" modelPosition="c" textColor="#000000"
            visible="true" width="29.16796875" x="-7.083984375"
            y="0.7890625">Lake Alfred</y:NodeLabel>
            <y:Shape type="ellipse"/>
            </y:ShapeNode>
            </data>  
                  <data key="d26">True</data>
    </node>
    <node id="14">
      <data key="d50">
            <y:ShapeNode>
            <y:Geometry height="21.0" width="21.0" x="637.0" y="1482.0"/>
            <y:Fill color="#FFCC00" transparent="false"/>
            <y:BorderStyle color="#000000" type="line" width="1.0"/>
            <y:NodeLabel alignment="center" autoSizePolicy="content"
            fontFamily="Dialog" fontSize="8" fontStyle="plain"
            hasBackgroundColor="false" hasLineColor="false" height="13.421875"
            modelName="internal" modelPosition="c" textColor="#000000"
            visible="true" width="29.16796875" x="-7.083984375"
            y="0.7890625">Tampa</y:NodeLabel>
            <y:Shape type="ellipse"/>
            </y:ShapeNode>
            </data>  
                  <data key="d26">True</data>
    </node>
    <node id="15">
      <data key="d50">
            <y:ShapeNode>
            <y:Geometry height="21.0" width="21.0" x="1185.0" y="1838.0"/>
            <y:Fill color="#FFCC00" transparent="false"/>
            <y:BorderStyle color="#000000" type="line" width="1.0"/>
            <y:NodeLabel alignment="center" autoSizePolicy="content"
            fontFamily="Dialog" fontSize="8" fontStyle="plain"
            hasBackgroundColor="false" hasLineColor="false" height="13.421875"
            modelName="internal" modelPosition="c" textColor="#000000"
            visible="true" width="29.16796875" x="-7.083984375"
            y="0.7890625">West Palm Beach</y:NodeLabel>
            <y:Shape type="ellipse"/>
            </y:ShapeNode>
            </data>  
                  <data key="d26">True</data>
    </node>
    <node id="16">
      <data key="d50">
            <y:ShapeNode>
            <y:Geometry height="21.0" width="21.0" x="1157.0" y="1953.0"/>
            <y:Fill color="#FFCC00" transparent="false"/>
            <y:BorderStyle color="#000000" type="line" width="1.0"/>
            <y:NodeLabel alignment="center" autoSizePolicy="content"
            fontFamily="Dialog" fontSize="8" fontStyle="plain"
            hasBackgroundColor="false" hasLineColor="false" height="13.421875"
            modelName="internal" modelPosition="c" textColor="#000000"
            visible="true" width="29.16796875" x="-7.083984375"
            y="0.7890625">Ft. Lauderdale</y:NodeLabel>
            <y:Shape type="ellipse"/>
            </y:ShapeNode>
            </data>  
                  <data key="d26">True</data>
    </node>
    <node id="17">
      <data key="d50">
            <y:ShapeNode>
            <y:Geometry height="21.0" width="21.0" x="1133.0" y="2045.0"/>
            <y:Fill color="#FFCC00" transparent="false"/>
            <y:BorderStyle color="#000000" type="line" width="1.0"/>
            <y:NodeLabel alignment="center" autoSizePolicy="content"
            fontFamily="Dialog" fontSize="8" fontStyle="plain"
            hasBackgroundColor="false" hasLineColor="false" height="13.421875"
            modelName="internal" modelPosition="c" textColor="#000000"
            visible="true" width="29.16796875" x="-7.083984375"
            y="0.7890625">Miami</y:NodeLabel>
            <y:Shape type="ellipse"/>
            </y:ShapeNode>
            </data>  
                  <data key="d26">True</data>
    </node>
    <edge source="0" target="1">
	<data key="d51"> 
	<y:PolyLineEdge>
 
            <y:LineStyle color="#800000" type="line" width="5"/>
            <y:Arrows source="none" target="none"/>
            <y:BendStyle smoothed="false"/>
            </y:PolyLineEdge>
            </data> 
                </edge>
    <edge source="1" target="2">
	<data key="d51"> 
	<y:PolyLineEdge>
 
            <y:LineStyle color="#800000" type="line" width="5"/>
            <y:Arrows source="none" target="none"/>
            <y:BendStyle smoothed="false"/>
            </y:PolyLineEdge>
            </data> 
                </edge>
    <edge source="2" target="3">
	<data key="d51"> 
	<y:PolyLineEdge>
 
            <y:LineStyle color="#800000" type="line" width="5"/>
            <y:Arrows source="none" target="none"/>
            <y:BendStyle smoothed="false"/>
            </y:PolyLineEdge>
            </data> 
                </edge>
    <edge source="3" target="4">
	<data key="d51"> 
	<y:PolyLineEdge>
 
            <y:LineStyle color="#800000" type="line" width="5"/>
            <y:Arrows source="none" target="none"/>
            <y:BendStyle smoothed="false"/>
            </y:PolyLineEdge>
            </data> 
                </edge>
    <edge source="4" target="5">
	<data key="d51"> 
	<y:PolyLineEdge>
 
            <y:LineStyle color="#800000" type="line" width="5"/>
            <y:Arrows source="none" target="none"/>
            <y:BendStyle smoothed="false"/>
            </y:PolyLineEdge>
            </data> 
                </edge>
    <edge source="5" target="6">
	<data key="d51"> 
	<y:PolyLineEdge>
 
            <y:LineStyle color="#800000" type="line" width="5"/>
            <y:Arrows source="none" target="none"/>
            <y:BendStyle smoothed="false"/>
            </y:PolyLineEdge>
            </data> 
                </edge>
    <edge source="6" target="7">
	<data key="d51"> 
	<y:PolyLineEdge>
 
            <y:LineStyle color="#800000" type="line" width="5"/>
            <y:Arrows source="none" target="none"/>
            <y:BendStyle smoothed="false"/>
            </y:PolyLineEdge>
            </data> 
                </edge>
    <edge source="7" target="8">
	<data key="d51"> 
	<y:PolyLineEdge>
 
            <y:LineStyle color="#800000" type="line" width="5"/>
            <y:Arrows source="none" target="none"/>
            <y:BendStyle smoothed="false"/>
            </y:PolyLineEdge>
            </data> 
                </edge>
    <edge source="8" target="9">
	<data key="d51"> 
	<y:PolyLineEdge>
 
            <y:LineStyle color="#800000" type="line" width="5"/>
            <y:Arrows source="none" target="none"/>
            <y:BendStyle smoothed="false"/>
            </y:PolyLineEdge>
            </data> 
                </edge>
    <edge source="8" target="12">
	<data key="d51"> 
	<y:PolyLineEdge>
 
            <y:LineStyle color="#800000" type="line" width="5"/>
            <y:Arrows source="none" target="none"/>
            <y:BendStyle smoothed="false"/>
            </y:PolyLineEdge>
            </data> 
                </edge>
    <edge source="9" target="10">
	<data key="d51"> 
	<y:PolyLineEdge>
 
            <y:LineStyle color="#800000" type="line" width="5"/>
            <y:Arrows source="none" target="none"/>
            <y:BendStyle smoothed="false"/>
            </y:PolyLineEdge>
            </data> 
                </edge>
    <edge source="10" target="11">
	<data key="d51"> 
	<y:PolyLineEdge>
 
            <y:LineStyle color="#800000" type="line" width="5"/>
            <y:Arrows source="none" target="none"/>
            <y:BendStyle smoothed="false"/>
            </y:PolyLineEdge>
            </data> 
                </edge>
    <edge source="11" target="15">
	<data key="d51"> 
	<y:PolyLineEdge>
 
            <y:LineStyle color="#800000" type="line" width="5"/>
            <y:Arrows source="none" target="none"/>
            <y:BendStyle smoothed="false"/>
            </y:PolyLineEdge>
            </data> 
                </edge>
    <edge source="12" target="13">
	<data key="d51"> 
	<y:PolyLineEdge>
 
            <y:LineStyle color="#800000" type="line" width="5"/>
            <y:Arrows source="none" target="none"/>
            <y:BendStyle smoothed="false"/>
            </y:PolyLineEdge>
            </data> 
                </edge>
    <edge source="13" target="14">
	<data key="d51"> 
	<y:PolyLineEdge>
 
            <y:LineStyle color="#800000" type="line" width="5"/>
            <y:Arrows source="none" target="none"/>
            <y:BendStyle smoothed="false"/>
            </y:PolyLineEdge>
            </data> 
                </edge>
    <edge source="15" target="16">
	<data key="d51"> 
	<y:PolyLineEdge>
 
            <y:LineStyle color="#800000" type="line" width="5"/>
            <y:Arrows source="none" target="none"/>
            <y:BendStyle smoothed="false"/>
            </y:PolyLineEdge>
            </data> 
                </edge>
    <edge source="16" target="17">
	<data key="d51"> 
	<y:PolyLineEdge>
 
            <y:LineStyle color="#800000" type="line" width="5"/>
            <y:Arrows source="none" target="none"/>
            <y:BendStyle smoothed="false"/>
            </y:PolyLineEdge>
            </data> 
                </edge>
  </graph>
</graphml>
